2026-06-26 01:31:38,107 - INFO - [QwenClient] Loading tokenizer from Qwen/Qwen3-4B …
2026-06-26 01:31:38,317 - DEBUG - connect_tcp.started host='huggingface.co' port=443 local_address=None timeout=10 socket_options=None
2026-06-26 01:31:38,353 - DEBUG - connect_tcp.complete return_value=<httpcore._backends.sync.SyncStream object at 0x7f32707b8050>
2026-06-26 01:31:38,353 - DEBUG - start_tls.started ssl_context=<ssl.SSLContext object at 0x7f338b00ecb0> server_hostname='huggingface.co' timeout=10
2026-06-26 01:31:38,395 - DEBUG - start_tls.complete return_value=<httpcore._backends.sync.SyncStream object at 0x7f32708dda90>
2026-06-26 01:31:38,395 - DEBUG - send_request_headers.started request=<Request [b'HEAD']>
2026-06-26 01:31:38,396 - DEBUG - send_request_headers.complete
2026-06-26 01:31:38,396 - DEBUG - send_request_body.started request=<Request [b'HEAD']>
2026-06-26 01:31:38,396 - DEBUG - send_request_body.complete
2026-06-26 01:31:38,396 - DEBUG - receive_response_headers.started request=<Request [b'HEAD']>
2026-06-26 01:31:38,651 - DEBUG - receive_response_headers.complete return_value=(b'HTTP/1.1', 307, b'Temporary Redirect', [(b'Content-Type', b'text/plain; charset=utf-8'), (b'Content-Length', b'230'), (b'Connection', b'keep-alive'), (b'Date', b'Thu, 25 Jun 2026 20:01:38 GMT'), (b'Location', b'/api/resolve-cache/models/Qwen/Qwen3-4B/1cfa9a7208912126459214e8b04321603b3df60c/config.json?%2FQwen%2FQwen3-4B%2Fresolve%2Fmain%2Fconfig.json=&etag=%22e49eccdc32f36da9c09cfa0e737084f9e0105e5e%22'), (b'X-Powered-By', b'huggingface-moon'), (b'X-Request-Id', b'Root=1-6a3d8922-708296b41572a6764ff0ab50;7e56836e-6de3-4b85-a91d-293c72c56b9f'), (b'RateLimit', b'"resolvers";r=2997;t=30'), (b'RateLimit-Policy', b'"fixed window";"resolvers";q=3000;w=300'), (b'cross-origin-opener-policy', b'same-origin'), (b'Referrer-Policy', b'strict-origin-when-cross-origin'), (b'Access-Control-Max-Age', b'86400'), (b'Access-Control-Allow-Origin', b'https://huggingface.co'), (b'Vary', b'Origin, Accept'), (b'Access-Control-Expose-Headers', b'X-Repo-Commit,X-Request-Id,X-Error-Code,X-Error-Message,X-Total-Count,ETag,Link,Accept-Ranges,Content-Range,X-Linked-Size,X-Linked-ETag,X-Xet-Hash'), (b'X-Repo-Commit', b'1cfa9a7208912126459214e8b04321603b3df60c'), (b'Accept-Ranges', b'bytes'), (b'X-Hub-Cache', b'HIT'), (b'Content-Disposition', b'inline; filename*=UTF-8\'\'config.json; filename="config.json";'), (b'Content-Security-Policy', b"default-src 'none'; sandbox"), (b'X-Linked-ETag', b'"e49eccdc32f36da9c09cfa0e737084f9e0105e5e"'), (b'X-Cache', b'Miss from cloudfront'), (b'Via', b'1.1 ceddb0501f3b8ad978cfa8c6f0ac508a.cloudfront.net (CloudFront)'), (b'X-Amz-Cf-Pop', b'BLR50-P4'), (b'X-Amz-Cf-Id', b'XMkcMTnK2IgolnmTGUDySvZHwSdJmB5i3eXa8DaC3XImJuG71DRQ6Q==')])
2026-06-26 01:31:38,652 - INFO - HTTP Request: HEAD https://huggingface.co/Qwen/Qwen3-4B/resolve/main/config.json "HTTP/1.1 307 Temporary Redirect"
2026-06-26 01:31:38,653 - DEBUG - receive_response_body.started request=<Request [b'HEAD']>
2026-06-26 01:31:38,653 - DEBUG - receive_response_body.complete
2026-06-26 01:31:38,654 - DEBUG - response_closed.started
2026-06-26 01:31:38,654 - DEBUG - response_closed.complete
2026-06-26 01:31:38,655 - DEBUG - send_request_headers.started request=<Request [b'HEAD']>
2026-06-26 01:31:38,655 - DEBUG - send_request_headers.complete
2026-06-26 01:31:38,656 - DEBUG - send_request_body.started request=<Request [b'HEAD']>
2026-06-26 01:31:38,656 - DEBUG - send_request_body.complete
2026-06-26 01:31:38,656 - DEBUG - receive_response_headers.started request=<Request [b'HEAD']>
2026-06-26 01:31:38,692 - DEBUG - receive_response_headers.complete return_value=(b'HTTP/1.1', 200, b'OK', [(b'Content-Type', b'text/plain; charset=utf-8'), (b'Content-Length', b'726'), (b'Connection', b'keep-alive'), (b'Date', b'Mon, 17 Nov 2025 10:22:13 GMT'), (b'ETag', b'"e49eccdc32f36da9c09cfa0e737084f9e0105e5e"'), (b'X-Powered-By', b'huggingface-moon'), (b'X-Request-Id', b'4c3834d4-2775-413e-a298-58839d3c136a'), (b'RateLimit', b'"resolvers";r=2993;t=87'), (b'RateLimit-Policy', b'"fixed window";"resolvers";q=3000;w=300'), (b'cross-origin-opener-policy', b'same-origin'), (b'Referrer-Policy', b'strict-origin-when-cross-origin'), (b'Access-Control-Max-Age', b'86400'), (b'Access-Control-Allow-Origin', b'https://huggingface.co'), (b'Access-Control-Expose-Headers', b'X-Repo-Commit,X-Request-Id,X-Error-Code,X-Error-Message,X-Total-Count,ETag,Link,Accept-Ranges,Content-Range,X-Linked-Size,X-Linked-ETag,X-Xet-Hash'), (b'X-Repo-Commit', b'1cfa9a7208912126459214e8b04321603b3df60c'), (b'Accept-Ranges', b'bytes'), (b'Content-Disposition', b'inline; filename*=UTF-8\'\'config.json; filename="config.json";'), (b'Content-Security-Policy', b"default-src 'none'; sandbox"), (b'Vary', b'Origin'), (b'X-Cache', b'Hit from cloudfront'), (b'Via', b'1.1 ceddb0501f3b8ad978cfa8c6f0ac508a.cloudfront.net (CloudFront)'), (b'X-Amz-Cf-Pop', b'BLR50-P4'), (b'X-Amz-Cf-Id', b'3yyCCm5l0sQIQYboWSXocNLV9N1PeVvbQkOd4-KQ38EoRvJ0foxcPg=='), (b'Age', b'19042764')])
2026-06-26 01:31:38,692 - INFO - HTTP Request: HEAD https://huggingface.co/api/resolve-cache/models/Qwen/Qwen3-4B/1cfa9a7208912126459214e8b04321603b3df60c/config.json "HTTP/1.1 200 OK"
2026-06-26 01:31:38,693 - DEBUG - receive_response_body.started request=<Request [b'HEAD']>
2026-06-26 01:31:38,693 - DEBUG - receive_response_body.complete
2026-06-26 01:31:38,693 - DEBUG - response_closed.started
2026-06-26 01:31:38,693 - DEBUG - response_closed.complete
2026-06-26 01:31:38,914 - DEBUG - send_request_headers.started request=<Request [b'HEAD']>
2026-06-26 01:31:38,915 - DEBUG - send_request_headers.complete
2026-06-26 01:31:38,915 - DEBUG - send_request_body.started request=<Request [b'HEAD']>
2026-06-26 01:31:38,915 - DEBUG - send_request_body.complete
2026-06-26 01:31:38,915 - DEBUG - receive_response_headers.started request=<Request [b'HEAD']>
2026-06-26 01:31:39,169 - DEBUG - receive_response_headers.complete return_value=(b'HTTP/1.1', 307, b'Temporary Redirect', [(b'Content-Type', b'text/plain; charset=utf-8'), (b'Content-Length', b'250'), (b'Connection', b'keep-alive'), (b'Date', b'Thu, 25 Jun 2026 20:01:38 GMT'), (b'Location', b'/api/resolve-cache/models/Qwen/Qwen3-4B/1cfa9a7208912126459214e8b04321603b3df60c/tokenizer_config.json?%2FQwen%2FQwen3-4B%2Fresolve%2Fmain%2Ftokenizer_config.json=&etag=%22417d038a63fa3de29cfde265caedae14d1a58d92%22'), (b'X-Powered-By', b'huggingface-moon'), (b'X-Request-Id', b'Root=1-6a3d8922-5ac2c8c8200e12f90fb9742f;4c8f3e7b-0ce4-43b2-a124-0fb7956af8f8'), (b'RateLimit', b'"resolvers";r=2996;t=30'), (b'RateLimit-Policy', b'"fixed window";"resolvers";q=3000;w=300'), (b'cross-origin-opener-policy', b'same-origin'), (b'Referrer-Policy', b'strict-origin-when-cross-origin'), (b'Access-Control-Max-Age', b'86400'), (b'Access-Control-Allow-Origin', b'https://huggingface.co'), (b'Vary', b'Origin, Accept'), (b'Access-Control-Expose-Headers', b'X-Repo-Commit,X-Request-Id,X-Error-Code,X-Error-Message,X-Total-Count,ETag,Link,Accept-Ranges,Content-Range,X-Linked-Size,X-Linked-ETag,X-Xet-Hash'), (b'X-Repo-Commit', b'1cfa9a7208912126459214e8b04321603b3df60c'), (b'Accept-Ranges', b'bytes'), (b'X-HF-Warning', b'unauthenticated; Warning: You are sending unauthenticated requests to the HF Hub. Please set a HF_TOKEN to enable higher rate limits and faster downloads.'), (b'X-Hub-Cache', b'HIT'), (b'Content-Disposition', b'inline; filename*=UTF-8\'\'tokenizer_config.json; filename="tokenizer_config.json";'), (b'Content-Security-Policy', b"default-src 'none'; sandbox"), (b'X-Linked-ETag', b'"417d038a63fa3de29cfde265caedae14d1a58d92"'), (b'X-Cache', b'Miss from cloudfront'), (b'Via', b'1.1 ceddb0501f3b8ad978cfa8c6f0ac508a.cloudfront.net (CloudFront)'), (b'X-Amz-Cf-Pop', b'BLR50-P4'), (b'X-Amz-Cf-Id', b'YlbwbmHFJ8Bglt6lafylZXt8C10skFDfv59naw59MKLA3jRu1dMNGg==')])
2026-06-26 01:31:39,169 - INFO - HTTP Request: HEAD https://huggingface.co/Qwen/Qwen3-4B/resolve/main/tokenizer_config.json "HTTP/1.1 307 Temporary Redirect"
2026-06-26 01:31:39,170 - DEBUG - receive_response_body.started request=<Request [b'HEAD']>
2026-06-26 01:31:39,171 - DEBUG - receive_response_body.complete
2026-06-26 01:31:39,171 - DEBUG - response_closed.started
2026-06-26 01:31:39,171 - DEBUG - response_closed.complete
2026-06-26 01:31:39,171 - WARNING - Warning: You are sending unauthenticated requests to the HF Hub. Please set a HF_TOKEN to enable higher rate limits and faster downloads.
2026-06-26 01:31:39,172 - DEBUG - send_request_headers.started request=<Request [b'HEAD']>
2026-06-26 01:31:39,172 - DEBUG - send_request_headers.complete
2026-06-26 01:31:39,173 - DEBUG - send_request_body.started request=<Request [b'HEAD']>
2026-06-26 01:31:39,173 - DEBUG - send_request_body.complete
2026-06-26 01:31:39,173 - DEBUG - receive_response_headers.started request=<Request [b'HEAD']>
2026-06-26 01:31:39,209 - DEBUG - receive_response_headers.complete return_value=(b'HTTP/1.1', 200, b'OK', [(b'Content-Type', b'text/plain; charset=utf-8'), (b'Content-Length', b'9732'), (b'Connection', b'keep-alive'), (b'Date', b'Mon, 17 Nov 2025 10:19:33 GMT'), (b'ETag', b'"417d038a63fa3de29cfde265caedae14d1a58d92"'), (b'X-Powered-By', b'huggingface-moon'), (b'X-Request-Id', b'71cb0015-95d0-4b39-a20c-28f12085f11f'), (b'RateLimit', b'"resolvers";r=2962;t=11'), (b'RateLimit-Policy', b'"fixed window";"resolvers";q=3000;w=300'), (b'cross-origin-opener-policy', b'same-origin'), (b'Referrer-Policy', b'strict-origin-when-cross-origin'), (b'Access-Control-Max-Age', b'86400'), (b'Access-Control-Allow-Origin', b'https://huggingface.co'), (b'Access-Control-Expose-Headers', b'X-Repo-Commit,X-Request-Id,X-Error-Code,X-Error-Message,X-Total-Count,ETag,Link,Accept-Ranges,Content-Range,X-Linked-Size,X-Linked-ETag,X-Xet-Hash'), (b'X-Repo-Commit', b'1cfa9a7208912126459214e8b04321603b3df60c'), (b'Accept-Ranges', b'bytes'), (b'Content-Disposition', b'inline; filename*=UTF-8\'\'tokenizer_config.json; filename="tokenizer_config.json";'), (b'Content-Security-Policy', b"default-src 'none'; sandbox"), (b'Vary', b'Origin'), (b'X-Cache', b'Hit from cloudfront'), (b'Via', b'1.1 ceddb0501f3b8ad978cfa8c6f0ac508a.cloudfront.net (CloudFront)'), (b'X-Amz-Cf-Pop', b'BLR50-P4'), (b'X-Amz-Cf-Id', b'6Z9b2K7-8yuzT51qQq5Tu715ltFAD0rSvdR514TNkhc4lVQbcF1iBg=='), (b'Age', b'19042926')])
2026-06-26 01:31:39,209 - INFO - HTTP Request: HEAD https://huggingface.co/api/resolve-cache/models/Qwen/Qwen3-4B/1cfa9a7208912126459214e8b04321603b3df60c/tokenizer_config.json "HTTP/1.1 200 OK"
2026-06-26 01:31:39,210 - DEBUG - receive_response_body.started request=<Request [b'HEAD']>
2026-06-26 01:31:39,210 - DEBUG - receive_response_body.complete
2026-06-26 01:31:39,210 - DEBUG - response_closed.started
2026-06-26 01:31:39,210 - DEBUG - response_closed.complete
2026-06-26 01:31:39,267 - DEBUG - send_request_headers.started request=<Request [b'GET']>
2026-06-26 01:31:39,268 - DEBUG - send_request_headers.complete
2026-06-26 01:31:39,268 - DEBUG - send_request_body.started request=<Request [b'GET']>
2026-06-26 01:31:39,268 - DEBUG - send_request_body.complete
2026-06-26 01:31:39,268 - DEBUG - receive_response_headers.started request=<Request [b'GET']>
2026-06-26 01:31:39,531 - DEBUG - receive_response_headers.complete return_value=(b'HTTP/1.1', 404, b'Not Found', [(b'Content-Type', b'application/json; charset=utf-8'), (b'Content-Length', b'64'), (b'Connection', b'keep-alive'), (b'Date', b'Thu, 25 Jun 2026 20:01:39 GMT'), (b'ETag', b'W/"40-09f9IAqP13xarAhQxFS2W8rvRkM"'), (b'X-Powered-By', b'huggingface-moon'), (b'X-Request-Id', b'Root=1-6a3d8923-3437ba584a998f3a2868ef49;e674d9b1-28f8-4274-8741-599c046bdb31'), (b'RateLimit', b'"api";r=499;t=29'), (b'RateLimit-Policy', b'"fixed window";"api";q=500;w=300'), (b'cross-origin-opener-policy', b'same-origin'), (b'Referrer-Policy', b'strict-origin-when-cross-origin'), (b'Access-Control-Max-Age', b'86400'), (b'Access-Control-Allow-Origin', b'https://huggingface.co'), (b'Vary', b'Origin'), (b'Access-Control-Expose-Headers', b'X-Repo-Commit,X-Request-Id,X-Error-Code,X-Error-Message,X-Total-Count,ETag,Link,Accept-Ranges,Content-Range,X-Linked-Size,X-Linked-ETag,X-Xet-Hash'), (b'X-Error-Code', b'EntryNotFound'), (b'X-Error-Message', b'additional_chat_templates does not exist on "main"'), (b'X-Cache', b'Error from cloudfront'), (b'Via', b'1.1 ceddb0501f3b8ad978cfa8c6f0ac508a.cloudfront.net (CloudFront)'), (b'X-Amz-Cf-Pop', b'BLR50-P4'), (b'X-Amz-Cf-Id', b'iSWuLXbYHhQixNlCzlE8iotnd695gOQpcZ3942XjIcnOHwm46IhftQ==')])
2026-06-26 01:31:39,531 - INFO - HTTP Request: GET https://huggingface.co/api/models/Qwen/Qwen3-4B/tree/main/additional_chat_templates?recursive=false&expand=false "HTTP/1.1 404 Not Found"
2026-06-26 01:31:39,532 - DEBUG - receive_response_body.started request=<Request [b'GET']>
2026-06-26 01:31:39,532 - DEBUG - receive_response_body.complete
2026-06-26 01:31:39,532 - DEBUG - response_closed.started
2026-06-26 01:31:39,532 - DEBUG - response_closed.complete
2026-06-26 01:31:39,540 - DEBUG - send_request_headers.started request=<Request [b'GET']>
2026-06-26 01:31:39,541 - DEBUG - send_request_headers.complete
2026-06-26 01:31:39,541 - DEBUG - send_request_body.started request=<Request [b'GET']>
2026-06-26 01:31:39,541 - DEBUG - send_request_body.complete
2026-06-26 01:31:39,541 - DEBUG - receive_response_headers.started request=<Request [b'GET']>
2026-06-26 01:31:39,800 - DEBUG - receive_response_headers.complete return_value=(b'HTTP/1.1', 200, b'OK', [(b'Content-Type', b'application/json; charset=utf-8'), (b'Transfer-Encoding', b'chunked'), (b'Connection', b'keep-alive'), (b'Date', b'Thu, 25 Jun 2026 20:01:39 GMT'), (b'content-encoding', b'gzip'), (b'ETag', b'W/"87d-UOIuhKj4X9Go/dwhhYHQZrecNeQ"'), (b'X-Powered-By', b'huggingface-moon'), (b'X-Request-Id', b'Root=1-6a3d8923-38d26c6b18135c830fabb936;8fd99897-5dc0-408e-948e-294dfcb4288b'), (b'RateLimit', b'"api";r=498;t=29'), (b'RateLimit-Policy', b'"fixed window";"api";q=500;w=300'), (b'cross-origin-opener-policy', b'same-origin'), (b'Referrer-Policy', b'strict-origin-when-cross-origin'), (b'Access-Control-Max-Age', b'86400'), (b'Access-Control-Allow-Origin', b'https://huggingface.co'), (b'Vary', b'Origin'), (b'vary', b'Accept-Encoding'), (b'Access-Control-Expose-Headers', b'X-Repo-Commit,X-Request-Id,X-Error-Code,X-Error-Message,X-Total-Count,ETag,Link,Accept-Ranges,Content-Range,X-Linked-Size,X-Linked-ETag,X-Xet-Hash'), (b'X-Cache', b'Miss from cloudfront'), (b'Via', b'1.1 ceddb0501f3b8ad978cfa8c6f0ac508a.cloudfront.net (CloudFront)'), (b'X-Amz-Cf-Pop', b'BLR50-P4'), (b'X-Amz-Cf-Id', b'AL8APdQ4gxtv5O0miJxt04FGlciYtQzUfy7TeMITRRYTAgH_jYI2fQ==')])
2026-06-26 01:31:39,801 - INFO - HTTP Request: GET https://huggingface.co/api/models/Qwen/Qwen3-4B/tree/main?recursive=true&expand=false "HTTP/1.1 200 OK"
2026-06-26 01:31:39,801 - DEBUG - receive_response_body.started request=<Request [b'GET']>
2026-06-26 01:31:39,802 - DEBUG - receive_response_body.complete
2026-06-26 01:31:39,802 - DEBUG - response_closed.started
2026-06-26 01:31:39,802 - DEBUG - response_closed.complete
2026-06-26 01:31:40,537 - DEBUG - send_request_headers.started request=<Request [b'GET']>
2026-06-26 01:31:40,538 - DEBUG - send_request_headers.complete
2026-06-26 01:31:40,538 - DEBUG - send_request_body.started request=<Request [b'GET']>
2026-06-26 01:31:40,538 - DEBUG - send_request_body.complete
2026-06-26 01:31:40,538 - DEBUG - receive_response_headers.started request=<Request [b'GET']>
2026-06-26 01:31:40,795 - DEBUG - receive_response_headers.complete return_value=(b'HTTP/1.1', 200, b'OK', [(b'Content-Type', b'application/json; charset=utf-8'), (b'Transfer-Encoding', b'chunked'), (b'Connection', b'keep-alive'), (b'Date', b'Thu, 25 Jun 2026 20:01:40 GMT'), (b'content-encoding', b'gzip'), (b'ETag', b'W/"121b-OWrrqeNvILko8RiNt2s2hsAyB/8"'), (b'X-Powered-By', b'huggingface-moon'), (b'X-Request-Id', b'Root=1-6a3d8924-31c65f92105bd1cb5420fc07;4d114c40-ea0a-43dd-b46d-5a73d6291ad9'), (b'RateLimit', b'"api";r=497;t=28'), (b'RateLimit-Policy', b'"fixed window";"api";q=500;w=300'), (b'cross-origin-opener-policy', b'same-origin'), (b'Referrer-Policy', b'strict-origin-when-cross-origin'), (b'Access-Control-Max-Age', b'86400'), (b'Access-Control-Allow-Origin', b'https://huggingface.co'), (b'Vary', b'Origin'), (b'vary', b'Accept-Encoding'), (b'Access-Control-Expose-Headers', b'X-Repo-Commit,X-Request-Id,X-Error-Code,X-Error-Message,X-Total-Count,ETag,Link,Accept-Ranges,Content-Range,X-Linked-Size,X-Linked-ETag,X-Xet-Hash'), (b'X-Cache', b'Miss from cloudfront'), (b'Via', b'1.1 ceddb0501f3b8ad978cfa8c6f0ac508a.cloudfront.net (CloudFront)'), (b'X-Amz-Cf-Pop', b'BLR50-P4'), (b'X-Amz-Cf-Id', b'EIZ6uPw8oGBgnOcL4AG9lHIbwu5eb-WAisGW867tNXjTOAujNvoGsA==')])
2026-06-26 01:31:40,796 - INFO - HTTP Request: GET https://huggingface.co/api/models/Qwen/Qwen3-4B "HTTP/1.1 200 OK"
2026-06-26 01:31:40,796 - DEBUG - receive_response_body.started request=<Request [b'GET']>
2026-06-26 01:31:40,798 - DEBUG - receive_response_body.complete
2026-06-26 01:31:40,799 - DEBUG - response_closed.started
2026-06-26 01:31:40,799 - DEBUG - response_closed.complete
2026-06-26 01:31:40,802 - INFO - [QwenClient] Loading model (quantisation=none, dtype=auto) …
2026-06-26 01:31:40,805 - DEBUG - send_request_headers.started request=<Request [b'HEAD']>
2026-06-26 01:31:40,805 - DEBUG - send_request_headers.complete
2026-06-26 01:31:40,805 - DEBUG - send_request_body.started request=<Request [b'HEAD']>
2026-06-26 01:31:40,806 - DEBUG - send_request_body.complete
2026-06-26 01:31:40,806 - DEBUG - receive_response_headers.started request=<Request [b'HEAD']>
2026-06-26 01:31:41,059 - DEBUG - receive_response_headers.complete return_value=(b'HTTP/1.1', 307, b'Temporary Redirect', [(b'Content-Type', b'text/plain; charset=utf-8'), (b'Content-Length', b'230'), (b'Connection', b'keep-alive'), (b'Date', b'Thu, 25 Jun 2026 20:01:40 GMT'), (b'Location', b'/api/resolve-cache/models/Qwen/Qwen3-4B/1cfa9a7208912126459214e8b04321603b3df60c/config.json?%2FQwen%2FQwen3-4B%2Fresolve%2Fmain%2Fconfig.json=&etag=%22e49eccdc32f36da9c09cfa0e737084f9e0105e5e%22'), (b'X-Powered-By', b'huggingface-moon'), (b'X-Request-Id', b'Root=1-6a3d8924-5d26bf4203a3264c6ebfd51f;66680fa3-18cb-4c53-9bd6-86bc0b372406'), (b'RateLimit', b'"resolvers";r=2995;t=28'), (b'RateLimit-Policy', b'"fixed window";"resolvers";q=3000;w=300'), (b'cross-origin-opener-policy', b'same-origin'), (b'Referrer-Policy', b'strict-origin-when-cross-origin'), (b'Access-Control-Max-Age', b'86400'), (b'Access-Control-Allow-Origin', b'https://huggingface.co'), (b'Vary', b'Origin, Accept'), (b'Access-Control-Expose-Headers', b'X-Repo-Commit,X-Request-Id,X-Error-Code,X-Error-Message,X-Total-Count,ETag,Link,Accept-Ranges,Content-Range,X-Linked-Size,X-Linked-ETag,X-Xet-Hash'), (b'X-Repo-Commit', b'1cfa9a7208912126459214e8b04321603b3df60c'), (b'Accept-Ranges', b'bytes'), (b'X-HF-Warning', b'unauthenticated; Warning: You are sending unauthenticated requests to the HF Hub. Please set a HF_TOKEN to enable higher rate limits and faster downloads.'), (b'X-Hub-Cache', b'HIT'), (b'Content-Disposition', b'inline; filename*=UTF-8\'\'config.json; filename="config.json";'), (b'Content-Security-Policy', b"default-src 'none'; sandbox"), (b'X-Linked-ETag', b'"e49eccdc32f36da9c09cfa0e737084f9e0105e5e"'), (b'X-Cache', b'Miss from cloudfront'), (b'Via', b'1.1 ceddb0501f3b8ad978cfa8c6f0ac508a.cloudfront.net (CloudFront)'), (b'X-Amz-Cf-Pop', b'BLR50-P4'), (b'X-Amz-Cf-Id', b'sXoJ3j0mlmTs7y96CzeFe9tSOSIvWIwmnmg3d09TV2wq1Jy6bH-CNQ==')])
2026-06-26 01:31:41,060 - INFO - HTTP Request: HEAD https://huggingface.co/Qwen/Qwen3-4B/resolve/main/config.json "HTTP/1.1 307 Temporary Redirect"
2026-06-26 01:31:41,061 - DEBUG - receive_response_body.started request=<Request [b'HEAD']>
2026-06-26 01:31:41,061 - DEBUG - receive_response_body.complete
2026-06-26 01:31:41,061 - DEBUG - response_closed.started
2026-06-26 01:31:41,061 - DEBUG - response_closed.complete
2026-06-26 01:31:41,062 - DEBUG - send_request_headers.started request=<Request [b'HEAD']>
2026-06-26 01:31:41,063 - DEBUG - send_request_headers.complete
2026-06-26 01:31:41,063 - DEBUG - send_request_body.started request=<Request [b'HEAD']>
2026-06-26 01:31:41,063 - DEBUG - send_request_body.complete
2026-06-26 01:31:41,063 - DEBUG - receive_response_headers.started request=<Request [b'HEAD']>
2026-06-26 01:31:41,099 - DEBUG - receive_response_headers.complete return_value=(b'HTTP/1.1', 200, b'OK', [(b'Content-Type', b'text/plain; charset=utf-8'), (b'Content-Length', b'726'), (b'Connection', b'keep-alive'), (b'Date', b'Mon, 17 Nov 2025 10:22:13 GMT'), (b'ETag', b'"e49eccdc32f36da9c09cfa0e737084f9e0105e5e"'), (b'X-Powered-By', b'huggingface-moon'), (b'X-Request-Id', b'4c3834d4-2775-413e-a298-58839d3c136a'), (b'RateLimit', b'"resolvers";r=2993;t=87'), (b'RateLimit-Policy', b'"fixed window";"resolvers";q=3000;w=300'), (b'cross-origin-opener-policy', b'same-origin'), (b'Referrer-Policy', b'strict-origin-when-cross-origin'), (b'Access-Control-Max-Age', b'86400'), (b'Access-Control-Allow-Origin', b'https://huggingface.co'), (b'Access-Control-Expose-Headers', b'X-Repo-Commit,X-Request-Id,X-Error-Code,X-Error-Message,X-Total-Count,ETag,Link,Accept-Ranges,Content-Range,X-Linked-Size,X-Linked-ETag,X-Xet-Hash'), (b'X-Repo-Commit', b'1cfa9a7208912126459214e8b04321603b3df60c'), (b'Accept-Ranges', b'bytes'), (b'Content-Disposition', b'inline; filename*=UTF-8\'\'config.json; filename="config.json";'), (b'Content-Security-Policy', b"default-src 'none'; sandbox"), (b'Vary', b'Origin'), (b'X-Cache', b'Hit from cloudfront'), (b'Via', b'1.1 ceddb0501f3b8ad978cfa8c6f0ac508a.cloudfront.net (CloudFront)'), (b'X-Amz-Cf-Pop', b'BLR50-P4'), (b'X-Amz-Cf-Id', b'LL8zmBfpSFYXph3HJJS7GXFyYZvw4yBJk7RGbqAsrEkyBBgq5PVmcA=='), (b'Age', b'19042767')])
2026-06-26 01:31:41,099 - INFO - HTTP Request: HEAD https://huggingface.co/api/resolve-cache/models/Qwen/Qwen3-4B/1cfa9a7208912126459214e8b04321603b3df60c/config.json "HTTP/1.1 200 OK"
2026-06-26 01:31:41,100 - DEBUG - receive_response_body.started request=<Request [b'HEAD']>
2026-06-26 01:31:41,100 - DEBUG - receive_response_body.complete
2026-06-26 01:31:41,100 - DEBUG - response_closed.started
2026-06-26 01:31:41,100 - DEBUG - response_closed.complete
2026-06-26 01:31:42,946 - DEBUG - Loading FFmpeg6
2026-06-26 01:31:42,969 - DEBUG - Failed to load FFmpeg6 extension.
Traceback (most recent call last):
  File "/home/kbasu/arnavbhatt/fluxmem/venv2/lib/python3.13/site-packages/torio/_extension/utils.py", line 116, in _find_ffmpeg_extension
    ext = _find_versionsed_ffmpeg_extension(ffmpeg_ver)
  File "/home/kbasu/arnavbhatt/fluxmem/venv2/lib/python3.13/site-packages/torio/_extension/utils.py", line 108, in _find_versionsed_ffmpeg_extension
    _load_lib(lib)
    ~~~~~~~~~^^^^^
  File "/home/kbasu/arnavbhatt/fluxmem/venv2/lib/python3.13/site-packages/torio/_extension/utils.py", line 94, in _load_lib
    torch.ops.load_library(path)
    ~~~~~~~~~~~~~~~~~~~~~~^^^^^^
  File "/home/kbasu/arnavbhatt/fluxmem/venv2/lib/python3.13/site-packages/torch/_ops.py", line 1357, in load_library
    ctypes.CDLL(path)
    ~~~~~~~~~~~^^^^^^
  File "/home/kbasu/arnavbhatt/miniconda3/lib/python3.13/ctypes/__init__.py", line 361, in __init__
    self._handle = self._load_library(name, mode, handle, winmode)
                   ~~~~~~~~~~~~~~~~~~^^^^^^^^^^^^^^^^^^^^^^^^^^^^^
  File "/home/kbasu/arnavbhatt/miniconda3/lib/python3.13/ctypes/__init__.py", line 401, in _load_library
    return _dlopen(name, mode)
OSError: libavutil.so.58: cannot open shared object file: No such file or directory
2026-06-26 01:31:42,977 - DEBUG - Loading FFmpeg5
2026-06-26 01:31:42,980 - DEBUG - Failed to load FFmpeg5 extension.
Traceback (most recent call last):
  File "/home/kbasu/arnavbhatt/fluxmem/venv2/lib/python3.13/site-packages/torio/_extension/utils.py", line 116, in _find_ffmpeg_extension
    ext = _find_versionsed_ffmpeg_extension(ffmpeg_ver)
  File "/home/kbasu/arnavbhatt/fluxmem/venv2/lib/python3.13/site-packages/torio/_extension/utils.py", line 108, in _find_versionsed_ffmpeg_extension
    _load_lib(lib)
    ~~~~~~~~~^^^^^
  File "/home/kbasu/arnavbhatt/fluxmem/venv2/lib/python3.13/site-packages/torio/_extension/utils.py", line 94, in _load_lib
    torch.ops.load_library(path)
    ~~~~~~~~~~~~~~~~~~~~~~^^^^^^
  File "/home/kbasu/arnavbhatt/fluxmem/venv2/lib/python3.13/site-packages/torch/_ops.py", line 1357, in load_library
    ctypes.CDLL(path)
    ~~~~~~~~~~~^^^^^^
  File "/home/kbasu/arnavbhatt/miniconda3/lib/python3.13/ctypes/__init__.py", line 361, in __init__
    self._handle = self._load_library(name, mode, handle, winmode)
                   ~~~~~~~~~~~~~~~~~~^^^^^^^^^^^^^^^^^^^^^^^^^^^^^
  File "/home/kbasu/arnavbhatt/miniconda3/lib/python3.13/ctypes/__init__.py", line 401, in _load_library
    return _dlopen(name, mode)
OSError: libavutil.so.57: cannot open shared object file: No such file or directory
2026-06-26 01:31:42,983 - DEBUG - Loading FFmpeg4
2026-06-26 01:31:42,986 - DEBUG - Failed to load FFmpeg4 extension.
Traceback (most recent call last):
  File "/home/kbasu/arnavbhatt/fluxmem/venv2/lib/python3.13/site-packages/torio/_extension/utils.py", line 116, in _find_ffmpeg_extension
    ext = _find_versionsed_ffmpeg_extension(ffmpeg_ver)
  File "/home/kbasu/arnavbhatt/fluxmem/venv2/lib/python3.13/site-packages/torio/_extension/utils.py", line 108, in _find_versionsed_ffmpeg_extension
    _load_lib(lib)
    ~~~~~~~~~^^^^^
  File "/home/kbasu/arnavbhatt/fluxmem/venv2/lib/python3.13/site-packages/torio/_extension/utils.py", line 94, in _load_lib
    torch.ops.load_library(path)
    ~~~~~~~~~~~~~~~~~~~~~~^^^^^^
  File "/home/kbasu/arnavbhatt/fluxmem/venv2/lib/python3.13/site-packages/torch/_ops.py", line 1357, in load_library
    ctypes.CDLL(path)
    ~~~~~~~~~~~^^^^^^
  File "/home/kbasu/arnavbhatt/miniconda3/lib/python3.13/ctypes/__init__.py", line 361, in __init__
    self._handle = self._load_library(name, mode, handle, winmode)
                   ~~~~~~~~~~~~~~~~~~^^^^^^^^^^^^^^^^^^^^^^^^^^^^^
  File "/home/kbasu/arnavbhatt/miniconda3/lib/python3.13/ctypes/__init__.py", line 401, in _load_library
    return _dlopen(name, mode)
OSError: libavutil.so.56: cannot open shared object file: No such file or directory
2026-06-26 01:31:42,988 - DEBUG - Loading FFmpeg
2026-06-26 01:31:42,989 - DEBUG - Failed to load FFmpeg extension.
Traceback (most recent call last):
  File "/home/kbasu/arnavbhatt/fluxmem/venv2/lib/python3.13/site-packages/torio/_extension/utils.py", line 116, in _find_ffmpeg_extension
    ext = _find_versionsed_ffmpeg_extension(ffmpeg_ver)
  File "/home/kbasu/arnavbhatt/fluxmem/venv2/lib/python3.13/site-packages/torio/_extension/utils.py", line 106, in _find_versionsed_ffmpeg_extension
    raise RuntimeError(f"FFmpeg{version} extension is not available.")
RuntimeError: FFmpeg extension is not available.
2026-06-26 01:31:53,554 - DEBUG - close.started
2026-06-26 01:31:53,554 - DEBUG - close.complete
2026-06-26 01:31:53,554 - DEBUG - connect_tcp.started host='huggingface.co' port=443 local_address=None timeout=10 socket_options=None
2026-06-26 01:31:53,591 - DEBUG - connect_tcp.complete return_value=<httpcore._backends.sync.SyncStream object at 0x7f325b6f7750>
2026-06-26 01:31:53,591 - DEBUG - start_tls.started ssl_context=<ssl.SSLContext object at 0x7f338b00ecb0> server_hostname='huggingface.co' timeout=10
2026-06-26 01:31:53,635 - DEBUG - start_tls.complete return_value=<httpcore._backends.sync.SyncStream object at 0x7f325b7549d0>
2026-06-26 01:31:53,635 - DEBUG - send_request_headers.started request=<Request [b'HEAD']>
2026-06-26 01:31:53,636 - DEBUG - send_request_headers.complete
2026-06-26 01:31:53,636 - DEBUG - send_request_body.started request=<Request [b'HEAD']>
2026-06-26 01:31:53,636 - DEBUG - send_request_body.complete
2026-06-26 01:31:53,636 - DEBUG - receive_response_headers.started request=<Request [b'HEAD']>
2026-06-26 01:31:53,891 - DEBUG - receive_response_headers.complete return_value=(b'HTTP/1.1', 307, b'Temporary Redirect', [(b'Content-Type', b'text/plain; charset=utf-8'), (b'Content-Length', b'252'), (b'Connection', b'keep-alive'), (b'Date', b'Thu, 25 Jun 2026 20:01:53 GMT'), (b'Location', b'/api/resolve-cache/models/Qwen/Qwen3-4B/1cfa9a7208912126459214e8b04321603b3df60c/generation_config.json?%2FQwen%2FQwen3-4B%2Fresolve%2Fmain%2Fgeneration_config.json=&etag=%2220a8a9156fc8c3f25295ca067f61fdf120d517c5%22'), (b'X-Powered-By', b'huggingface-moon'), (b'X-Request-Id', b'Root=1-6a3d8931-45664441017b408c6c88dd0b;bae44d03-189d-4390-ad72-c04e27d27206'), (b'RateLimit', b'"resolvers";r=2994;t=15'), (b'RateLimit-Policy', b'"fixed window";"resolvers";q=3000;w=300'), (b'cross-origin-opener-policy', b'same-origin'), (b'Referrer-Policy', b'strict-origin-when-cross-origin'), (b'Access-Control-Max-Age', b'86400'), (b'Access-Control-Allow-Origin', b'https://huggingface.co'), (b'Vary', b'Origin, Accept'), (b'Access-Control-Expose-Headers', b'X-Repo-Commit,X-Request-Id,X-Error-Code,X-Error-Message,X-Total-Count,ETag,Link,Accept-Ranges,Content-Range,X-Linked-Size,X-Linked-ETag,X-Xet-Hash'), (b'X-Repo-Commit', b'1cfa9a7208912126459214e8b04321603b3df60c'), (b'Accept-Ranges', b'bytes'), (b'X-Hub-Cache', b'HIT'), (b'Content-Disposition', b'inline; filename*=UTF-8\'\'generation_config.json; filename="generation_config.json";'), (b'Content-Security-Policy', b"default-src 'none'; sandbox"), (b'X-Linked-ETag', b'"20a8a9156fc8c3f25295ca067f61fdf120d517c5"'), (b'X-Cache', b'Miss from cloudfront'), (b'Via', b'1.1 bb005b280ad7a4bc1e334a088b6a2b0e.cloudfront.net (CloudFront)'), (b'X-Amz-Cf-Pop', b'BLR50-P4'), (b'X-Amz-Cf-Id', b'zv3aRpfR7nQuYlFB91nbeYGLh0YXBY3_RTvmhYPRWXeu4_x6sIrcxg==')])
2026-06-26 01:31:53,892 - INFO - HTTP Request: HEAD https://huggingface.co/Qwen/Qwen3-4B/resolve/main/generation_config.json "HTTP/1.1 307 Temporary Redirect"
2026-06-26 01:31:53,893 - DEBUG - receive_response_body.started request=<Request [b'HEAD']>
2026-06-26 01:31:53,893 - DEBUG - receive_response_body.complete
2026-06-26 01:31:53,893 - DEBUG - response_closed.started
2026-06-26 01:31:53,893 - DEBUG - response_closed.complete
2026-06-26 01:31:53,894 - DEBUG - send_request_headers.started request=<Request [b'HEAD']>
2026-06-26 01:31:53,894 - DEBUG - send_request_headers.complete
2026-06-26 01:31:53,895 - DEBUG - send_request_body.started request=<Request [b'HEAD']>
2026-06-26 01:31:53,895 - DEBUG - send_request_body.complete
2026-06-26 01:31:53,895 - DEBUG - receive_response_headers.started request=<Request [b'HEAD']>
2026-06-26 01:31:53,934 - DEBUG - receive_response_headers.complete return_value=(b'HTTP/1.1', 200, b'OK', [(b'Content-Type', b'text/plain; charset=utf-8'), (b'Content-Length', b'239'), (b'Connection', b'keep-alive'), (b'Date', b'Mon, 17 Nov 2025 10:22:31 GMT'), (b'ETag', b'"20a8a9156fc8c3f25295ca067f61fdf120d517c5"'), (b'X-Powered-By', b'huggingface-moon'), (b'X-Request-Id', b'e8700bc9-1f5d-45c8-a584-082de0ab9f54'), (b'RateLimit', b'"resolvers";r=2995;t=133'), (b'RateLimit-Policy', b'"fixed window";"resolvers";q=3000;w=300'), (b'cross-origin-opener-policy', b'same-origin'), (b'Referrer-Policy', b'strict-origin-when-cross-origin'), (b'Access-Control-Max-Age', b'86400'), (b'Access-Control-Allow-Origin', b'https://huggingface.co'), (b'Access-Control-Expose-Headers', b'X-Repo-Commit,X-Request-Id,X-Error-Code,X-Error-Message,X-Total-Count,ETag,Link,Accept-Ranges,Content-Range,X-Linked-Size,X-Linked-ETag,X-Xet-Hash'), (b'X-Repo-Commit', b'1cfa9a7208912126459214e8b04321603b3df60c'), (b'Accept-Ranges', b'bytes'), (b'Content-Disposition', b'inline; filename*=UTF-8\'\'generation_config.json; filename="generation_config.json";'), (b'Content-Security-Policy', b"default-src 'none'; sandbox"), (b'Vary', b'Origin'), (b'X-Cache', b'Hit from cloudfront'), (b'Via', b'1.1 bb005b280ad7a4bc1e334a088b6a2b0e.cloudfront.net (CloudFront)'), (b'X-Amz-Cf-Pop', b'BLR50-P4'), (b'X-Amz-Cf-Id', b'llFIbb3pUG8KWF78Xz6EF3VykhCykfxYnnrJ6dCtPb4bgfoPbpiyUA=='), (b'Age', b'19042762')])
2026-06-26 01:31:53,934 - INFO - HTTP Request: HEAD https://huggingface.co/api/resolve-cache/models/Qwen/Qwen3-4B/1cfa9a7208912126459214e8b04321603b3df60c/generation_config.json "HTTP/1.1 200 OK"
2026-06-26 01:31:53,935 - DEBUG - receive_response_body.started request=<Request [b'HEAD']>
2026-06-26 01:31:53,935 - DEBUG - receive_response_body.complete
2026-06-26 01:31:53,935 - DEBUG - response_closed.started
2026-06-26 01:31:53,935 - DEBUG - response_closed.complete
2026-06-26 01:31:54,067 - DEBUG - send_request_headers.started request=<Request [b'HEAD']>
2026-06-26 01:31:54,068 - DEBUG - send_request_headers.complete
2026-06-26 01:31:54,068 - DEBUG - send_request_body.started request=<Request [b'HEAD']>
2026-06-26 01:31:54,068 - DEBUG - send_request_body.complete
2026-06-26 01:31:54,068 - DEBUG - receive_response_headers.started request=<Request [b'HEAD']>
2026-06-26 01:31:54,327 - DEBUG - receive_response_headers.complete return_value=(b'HTTP/1.1', 404, b'Not Found', [(b'Content-Type', b'text/plain; charset=utf-8'), (b'Content-Length', b'15'), (b'Connection', b'keep-alive'), (b'Date', b'Thu, 25 Jun 2026 20:01:54 GMT'), (b'ETag', b'W/"f-mY2VvLxuxB7KhsoOdQTlMTccuAQ"'), (b'X-Powered-By', b'huggingface-moon'), (b'X-Request-Id', b'Root=1-6a3d8932-4f7235a3704e964e410b382e;9c3b848f-8691-4363-a9c7-a391e357a0e5'), (b'RateLimit', b'"resolvers";r=2993;t=14'), (b'RateLimit-Policy', b'"fixed window";"resolvers";q=3000;w=300'), (b'cross-origin-opener-policy', b'same-origin'), (b'Referrer-Policy', b'strict-origin-when-cross-origin'), (b'Access-Control-Max-Age', b'86400'), (b'Access-Control-Allow-Origin', b'https://huggingface.co'), (b'Vary', b'Origin'), (b'Access-Control-Expose-Headers', b'X-Repo-Commit,X-Request-Id,X-Error-Code,X-Error-Message,X-Total-Count,ETag,Link,Accept-Ranges,Content-Range,X-Linked-Size,X-Linked-ETag,X-Xet-Hash'), (b'X-Repo-Commit', b'1cfa9a7208912126459214e8b04321603b3df60c'), (b'Accept-Ranges', b'bytes'), (b'X-HF-Warning', b'unauthenticated; Warning: You are sending unauthenticated requests to the HF Hub. Please set a HF_TOKEN to enable higher rate limits and faster downloads.'), (b'X-Hub-Cache', b'MISS'), (b'X-Error-Code', b'EntryNotFound'), (b'X-Error-Message', b'Entry not found'), (b'X-Cache', b'Error from cloudfront'), (b'Via', b'1.1 bb005b280ad7a4bc1e334a088b6a2b0e.cloudfront.net (CloudFront)'), (b'X-Amz-Cf-Pop', b'BLR50-P4'), (b'X-Amz-Cf-Id', b'D34STgyHTr7R5rjRrgyuccnXU7HdqpUgiVCLyLQrdgv1pGg5ENaV4Q==')])
2026-06-26 01:31:54,328 - INFO - HTTP Request: HEAD https://huggingface.co/Qwen/Qwen3-4B/resolve/main/custom_generate/generate.py "HTTP/1.1 404 Not Found"
2026-06-26 01:31:54,328 - DEBUG - receive_response_body.started request=<Request [b'HEAD']>
2026-06-26 01:31:54,328 - DEBUG - receive_response_body.complete
2026-06-26 01:31:54,329 - DEBUG - response_closed.started
2026-06-26 01:31:54,329 - DEBUG - response_closed.complete
2026-06-26 01:31:54,337 - INFO - [QwenClient] Model ready.
2026-06-26 01:31:54,337 - INFO - [QwenClient] 'default' loaded (Qwen/Qwen3-4B on cuda).
2026-06-26 01:31:54,340 - DEBUG - send_request_headers.started request=<Request [b'HEAD']>
2026-06-26 01:31:54,341 - DEBUG - send_request_headers.complete
2026-06-26 01:31:54,341 - DEBUG - send_request_body.started request=<Request [b'HEAD']>
2026-06-26 01:31:54,341 - DEBUG - send_request_body.complete
2026-06-26 01:31:54,341 - DEBUG - receive_response_headers.started request=<Request [b'HEAD']>
2026-06-26 01:31:54,600 - DEBUG - receive_response_headers.complete return_value=(b'HTTP/1.1', 307, b'Temporary Redirect', [(b'Content-Type', b'text/plain; charset=utf-8'), (b'Content-Length', b'265'), (b'Connection', b'keep-alive'), (b'Date', b'Thu, 25 Jun 2026 20:01:54 GMT'), (b'Location', b'/api/resolve-cache/datasets/nayohan/multi_session_chat/78b67491c43823fc169cab827ab3f82805e0235b/README.md?%2Fdatasets%2Fnayohan%2Fmulti_session_chat%2Fresolve%2Fmain%2FREADME.md=&etag=%22f80da89a35a17378a05d3edfb0381f9980a5c12d%22'), (b'X-Powered-By', b'huggingface-moon'), (b'X-Request-Id', b'Root=1-6a3d8932-495de1187530ba2e0b037b35;6744543a-7ee6-4e0c-8446-d27380d71bc0'), (b'RateLimit', b'"resolvers";r=2992;t=14'), (b'RateLimit-Policy', b'"fixed window";"resolvers";q=3000;w=300'), (b'cross-origin-opener-policy', b'same-origin'), (b'Referrer-Policy', b'strict-origin-when-cross-origin'), (b'Access-Control-Max-Age', b'86400'), (b'Access-Control-Allow-Origin', b'https://huggingface.co'), (b'Vary', b'Origin, Accept'), (b'Access-Control-Expose-Headers', b'X-Repo-Commit,X-Request-Id,X-Error-Code,X-Error-Message,X-Total-Count,ETag,Link,Accept-Ranges,Content-Range,X-Linked-Size,X-Linked-ETag,X-Xet-Hash'), (b'X-Repo-Commit', b'78b67491c43823fc169cab827ab3f82805e0235b'), (b'Accept-Ranges', b'bytes'), (b'X-Hub-Cache', b'MISS'), (b'Content-Disposition', b'inline; filename*=UTF-8\'\'README.md; filename="README.md";'), (b'Content-Security-Policy', b"default-src 'none'; sandbox"), (b'X-Linked-ETag', b'"f80da89a35a17378a05d3edfb0381f9980a5c12d"'), (b'X-Cache', b'Miss from cloudfront'), (b'Via', b'1.1 bb005b280ad7a4bc1e334a088b6a2b0e.cloudfront.net (CloudFront)'), (b'X-Amz-Cf-Pop', b'BLR50-P4'), (b'X-Amz-Cf-Id', b'0B7hapJIrjgIA5SmbFJOBu1725VTFC4nuh1ELcfL2Vt2WwE0ge-ocA==')])
2026-06-26 01:31:59,539 - INFO - HTTP Request: HEAD https://huggingface.co/datasets/nayohan/multi_session_chat/resolve/main/README.md "HTTP/1.1 307 Temporary Redirect"
2026-06-26 01:31:59,539 - DEBUG - receive_response_body.started request=<Request [b'HEAD']>
2026-06-26 01:31:59,539 - DEBUG - receive_response_body.complete
2026-06-26 01:31:59,539 - DEBUG - response_closed.started
2026-06-26 01:31:59,540 - DEBUG - response_closed.complete
2026-06-26 01:31:59,540 - DEBUG - send_request_headers.started request=<Request [b'HEAD']>
2026-06-26 01:31:59,540 - DEBUG - send_request_headers.complete
2026-06-26 01:31:59,540 - DEBUG - send_request_body.started request=<Request [b'HEAD']>
2026-06-26 01:31:59,541 - DEBUG - send_request_body.complete
2026-06-26 01:31:59,541 - DEBUG - receive_response_headers.started request=<Request [b'HEAD']>
2026-06-26 01:31:59,579 - DEBUG - receive_response_headers.complete return_value=(b'HTTP/1.1', 200, b'OK', [(b'Content-Type', b'text/plain; charset=utf-8'), (b'Content-Length', b'897'), (b'Connection', b'keep-alive'), (b'Date', b'Mon, 15 Jun 2026 18:55:01 GMT'), (b'ETag', b'"f80da89a35a17378a05d3edfb0381f9980a5c12d"'), (b'X-Powered-By', b'huggingface-moon'), (b'X-Request-Id', b'Root=1-6a304a85-3c28e97a53ee0da020c35d60;06ec0a5a-044a-4b5e-872c-1358602b6c24'), (b'RateLimit', b'"resolvers";r=2998;t=253'), (b'RateLimit-Policy', b'"fixed window";"resolvers";q=3000;w=300'), (b'cross-origin-opener-policy', b'same-origin'), (b'Referrer-Policy', b'strict-origin-when-cross-origin'), (b'Access-Control-Max-Age', b'86400'), (b'Access-Control-Allow-Origin', b'https://huggingface.co'), (b'Access-Control-Expose-Headers', b'X-Repo-Commit,X-Request-Id,X-Error-Code,X-Error-Message,X-Total-Count,ETag,Link,Accept-Ranges,Content-Range,X-Linked-Size,X-Linked-ETag,X-Xet-Hash'), (b'X-Repo-Commit', b'78b67491c43823fc169cab827ab3f82805e0235b'), (b'Accept-Ranges', b'bytes'), (b'X-Hub-Cache', b'MISS'), (b'Content-Disposition', b'inline; filename*=UTF-8\'\'README.md; filename="README.md";'), (b'Content-Security-Policy', b"default-src 'none'; sandbox"), (b'Vary', b'Origin'), (b'X-Cache', b'Hit from cloudfront'), (b'Via', b'1.1 bb005b280ad7a4bc1e334a088b6a2b0e.cloudfront.net (CloudFront)'), (b'X-Amz-Cf-Pop', b'BLR50-P4'), (b'X-Amz-Cf-Id', b'xu4oZXeLbvjED618vhceCH68Juixd3A0jALBMa48dBzBHM3fTMW-6Q=='), (b'Age', b'868017')])
2026-06-26 01:31:59,580 - INFO - HTTP Request: HEAD https://huggingface.co/api/resolve-cache/datasets/nayohan/multi_session_chat/78b67491c43823fc169cab827ab3f82805e0235b/README.md "HTTP/1.1 200 OK"
2026-06-26 01:31:59,580 - DEBUG - receive_response_body.started request=<Request [b'HEAD']>
2026-06-26 01:31:59,581 - DEBUG - receive_response_body.complete
2026-06-26 01:31:59,581 - DEBUG - response_closed.started
2026-06-26 01:31:59,581 - DEBUG - response_closed.complete
2026-06-26 01:31:59,797 - DEBUG - send_request_headers.started request=<Request [b'HEAD']>
2026-06-26 01:31:59,798 - DEBUG - send_request_headers.complete
2026-06-26 01:31:59,798 - DEBUG - send_request_body.started request=<Request [b'HEAD']>
2026-06-26 01:31:59,798 - DEBUG - send_request_body.complete
2026-06-26 01:31:59,798 - DEBUG - receive_response_headers.started request=<Request [b'HEAD']>
2026-06-26 01:32:00,058 - DEBUG - receive_response_headers.complete return_value=(b'HTTP/1.1', 404, b'Not Found', [(b'Content-Type', b'text/plain; charset=utf-8'), (b'Content-Length', b'15'), (b'Connection', b'keep-alive'), (b'Date', b'Thu, 25 Jun 2026 20:01:59 GMT'), (b'ETag', b'W/"f-mY2VvLxuxB7KhsoOdQTlMTccuAQ"'), (b'X-Powered-By', b'huggingface-moon'), (b'X-Request-Id', b'Root=1-6a3d8937-25b07bf00b40999e431905dc;0bd8568b-0096-41e5-880d-07ce755b822b'), (b'RateLimit', b'"resolvers";r=2991;t=9'), (b'RateLimit-Policy', b'"fixed window";"resolvers";q=3000;w=300'), (b'cross-origin-opener-policy', b'same-origin'), (b'Referrer-Policy', b'strict-origin-when-cross-origin'), (b'Access-Control-Max-Age', b'86400'), (b'Access-Control-Allow-Origin', b'https://huggingface.co'), (b'Vary', b'Origin'), (b'Access-Control-Expose-Headers', b'X-Repo-Commit,X-Request-Id,X-Error-Code,X-Error-Message,X-Total-Count,ETag,Link,Accept-Ranges,Content-Range,X-Linked-Size,X-Linked-ETag,X-Xet-Hash'), (b'X-Repo-Commit', b'78b67491c43823fc169cab827ab3f82805e0235b'), (b'Accept-Ranges', b'bytes'), (b'X-Hub-Cache', b'MISS'), (b'X-Error-Code', b'EntryNotFound'), (b'X-Error-Message', b'Entry not found'), (b'X-Cache', b'Error from cloudfront'), (b'Via', b'1.1 bb005b280ad7a4bc1e334a088b6a2b0e.cloudfront.net (CloudFront)'), (b'X-Amz-Cf-Pop', b'BLR50-P4'), (b'X-Amz-Cf-Id', b'GxIlfWGpUz0WzWHS2cS2UCcriWA0MAWG3qiUH-V84jB96Oa3iK7dlQ==')])
2026-06-26 01:32:00,059 - INFO - HTTP Request: HEAD https://huggingface.co/datasets/nayohan/multi_session_chat/resolve/78b67491c43823fc169cab827ab3f82805e0235b/multi_session_chat.py "HTTP/1.1 404 Not Found"
2026-06-26 01:32:00,059 - DEBUG - receive_response_body.started request=<Request [b'HEAD']>
2026-06-26 01:32:00,059 - DEBUG - receive_response_body.complete
2026-06-26 01:32:00,060 - DEBUG - response_closed.started
2026-06-26 01:32:00,060 - DEBUG - response_closed.complete
2026-06-26 01:32:00,063 - DEBUG - connect_tcp.started host='s3.amazonaws.com' port=443 local_address=None timeout=3 socket_options=None
2026-06-26 01:32:01,563 - DEBUG - connect_tcp.complete return_value=<httpcore._backends.sync.SyncStream object at 0x7f325b754c30>
2026-06-26 01:32:01,564 - DEBUG - start_tls.started ssl_context=<ssl.SSLContext object at 0x7f338b00ecb0> server_hostname='s3.amazonaws.com' timeout=3
2026-06-26 01:32:01,834 - DEBUG - start_tls.complete return_value=<httpcore._backends.sync.SyncStream object at 0x7f32708cd7f0>
2026-06-26 01:32:01,834 - DEBUG - send_request_headers.started request=<Request [b'HEAD']>
2026-06-26 01:32:01,835 - DEBUG - send_request_headers.complete
2026-06-26 01:32:01,835 - DEBUG - send_request_body.started request=<Request [b'HEAD']>
2026-06-26 01:32:01,835 - DEBUG - send_request_body.complete
2026-06-26 01:32:01,835 - DEBUG - receive_response_headers.started request=<Request [b'HEAD']>
2026-06-26 01:32:02,127 - DEBUG - receive_response_headers.complete return_value=(b'HTTP/1.1', 404, b'Not Found', [(b'x-amz-request-id', b'779E9HXVBEXM4GYR'), (b'x-amz-id-2', b'xvqCS6tTTTN6umpRfh4roubIO0HyUfbMOMB8eub9qNGjS0fWH1pBhbrRAhA1LBXVYazeu7EwAnC+OiBLcejCJCdiR6j412iq'), (b'Content-Type', b'application/xml'), (b'Transfer-Encoding', b'chunked'), (b'Date', b'Thu, 25 Jun 2026 20:02:01 GMT'), (b'Server', b'AmazonS3')])
2026-06-26 01:32:02,127 - INFO - HTTP Request: HEAD https://s3.amazonaws.com/datasets.huggingface.co/datasets/datasets/nayohan/multi_session_chat/nayohan/multi_session_chat.py "HTTP/1.1 404 Not Found"
2026-06-26 01:32:02,127 - DEBUG - receive_response_body.started request=<Request [b'HEAD']>
2026-06-26 01:32:02,128 - DEBUG - receive_response_body.complete
2026-06-26 01:32:02,128 - DEBUG - response_closed.started
2026-06-26 01:32:02,128 - DEBUG - response_closed.complete
2026-06-26 01:32:02,149 - DEBUG - send_request_headers.started request=<Request [b'GET']>
2026-06-26 01:32:02,150 - DEBUG - send_request_headers.complete
2026-06-26 01:32:02,150 - DEBUG - send_request_body.started request=<Request [b'GET']>
2026-06-26 01:32:02,150 - DEBUG - send_request_body.complete
2026-06-26 01:32:02,150 - DEBUG - receive_response_headers.started request=<Request [b'GET']>
2026-06-26 01:32:02,517 - DEBUG - receive_response_headers.complete return_value=(b'HTTP/1.1', 200, b'OK', [(b'Content-Type', b'application/json; charset=utf-8'), (b'Transfer-Encoding', b'chunked'), (b'Connection', b'keep-alive'), (b'Date', b'Thu, 25 Jun 2026 20:02:02 GMT'), (b'content-encoding', b'gzip'), (b'ETag', b'W/"644-e5JK3vEvFhnKQ0D0vlOixuyP23Q"'), (b'X-Powered-By', b'huggingface-moon'), (b'X-Request-Id', b'Root=1-6a3d893a-4809cdcb33a8286a0c475b87;e90b727c-0453-47d2-b1ca-592f2cb50e07'), (b'RateLimit', b'"api";r=496;t=6'), (b'RateLimit-Policy', b'"fixed window";"api";q=500;w=300'), (b'cross-origin-opener-policy', b'same-origin'), (b'Referrer-Policy', b'strict-origin-when-cross-origin'), (b'Access-Control-Max-Age', b'86400'), (b'Access-Control-Allow-Origin', b'https://huggingface.co'), (b'Vary', b'Origin'), (b'vary', b'Accept-Encoding'), (b'Access-Control-Expose-Headers', b'X-Repo-Commit,X-Request-Id,X-Error-Code,X-Error-Message,X-Total-Count,ETag,Link,Accept-Ranges,Content-Range,X-Linked-Size,X-Linked-ETag,X-Xet-Hash'), (b'X-Cache', b'Miss from cloudfront'), (b'Via', b'1.1 bb005b280ad7a4bc1e334a088b6a2b0e.cloudfront.net (CloudFront)'), (b'X-Amz-Cf-Pop', b'BLR50-P4'), (b'X-Amz-Cf-Id', b'5NZRZS_9ex7UKVd9gsLjVLVOlNEHAvL8VKrIZ88mBFQaNK71zNypwg==')])
2026-06-26 01:32:02,517 - INFO - HTTP Request: GET https://huggingface.co/api/datasets/nayohan/multi_session_chat/revision/78b67491c43823fc169cab827ab3f82805e0235b "HTTP/1.1 200 OK"
2026-06-26 01:32:02,518 - DEBUG - receive_response_body.started request=<Request [b'GET']>
2026-06-26 01:32:02,518 - DEBUG - receive_response_body.complete
2026-06-26 01:32:02,518 - DEBUG - response_closed.started
2026-06-26 01:32:02,518 - DEBUG - response_closed.complete
2026-06-26 01:32:02,521 - DEBUG - send_request_headers.started request=<Request [b'HEAD']>
2026-06-26 01:32:02,522 - DEBUG - send_request_headers.complete
2026-06-26 01:32:02,522 - DEBUG - send_request_body.started request=<Request [b'HEAD']>
2026-06-26 01:32:02,522 - DEBUG - send_request_body.complete
2026-06-26 01:32:02,522 - DEBUG - receive_response_headers.started request=<Request [b'HEAD']>
2026-06-26 01:32:02,787 - DEBUG - receive_response_headers.complete return_value=(b'HTTP/1.1', 404, b'Not Found', [(b'Content-Type', b'text/plain; charset=utf-8'), (b'Content-Length', b'15'), (b'Connection', b'keep-alive'), (b'Date', b'Thu, 25 Jun 2026 20:02:02 GMT'), (b'ETag', b'W/"f-mY2VvLxuxB7KhsoOdQTlMTccuAQ"'), (b'X-Powered-By', b'huggingface-moon'), (b'X-Request-Id', b'Root=1-6a3d893a-709832402dcb496d4c6eb130;c2c37250-e033-4c6e-9294-2c74d93d49a4'), (b'RateLimit', b'"resolvers";r=2990;t=6'), (b'RateLimit-Policy', b'"fixed window";"resolvers";q=3000;w=300'), (b'cross-origin-opener-policy', b'same-origin'), (b'Referrer-Policy', b'strict-origin-when-cross-origin'), (b'Access-Control-Max-Age', b'86400'), (b'Access-Control-Allow-Origin', b'https://huggingface.co'), (b'Vary', b'Origin'), (b'Access-Control-Expose-Headers', b'X-Repo-Commit,X-Request-Id,X-Error-Code,X-Error-Message,X-Total-Count,ETag,Link,Accept-Ranges,Content-Range,X-Linked-Size,X-Linked-ETag,X-Xet-Hash'), (b'X-Repo-Commit', b'78b67491c43823fc169cab827ab3f82805e0235b'), (b'Accept-Ranges', b'bytes'), (b'X-HF-Warning', b'unauthenticated; Warning: You are sending unauthenticated requests to the HF Hub. Please set a HF_TOKEN to enable higher rate limits and faster downloads.'), (b'X-Hub-Cache', b'MISS'), (b'X-Error-Code', b'EntryNotFound'), (b'X-Error-Message', b'Entry not found'), (b'X-Cache', b'Error from cloudfront'), (b'Via', b'1.1 bb005b280ad7a4bc1e334a088b6a2b0e.cloudfront.net (CloudFront)'), (b'X-Amz-Cf-Pop', b'BLR50-P4'), (b'X-Amz-Cf-Id', b'aVVtQDDAD1DtQMeffokLNuMrWjiS6r2u40PsQBctRrClK3mHJZvwMw==')])
2026-06-26 01:32:02,788 - INFO - HTTP Request: HEAD https://huggingface.co/datasets/nayohan/multi_session_chat/resolve/78b67491c43823fc169cab827ab3f82805e0235b/.huggingface.yaml "HTTP/1.1 404 Not Found"
2026-06-26 01:32:02,788 - DEBUG - receive_response_body.started request=<Request [b'HEAD']>
2026-06-26 01:32:02,789 - DEBUG - receive_response_body.complete
2026-06-26 01:32:02,789 - DEBUG - response_closed.started
2026-06-26 01:32:02,789 - DEBUG - response_closed.complete
2026-06-26 01:32:02,943 - DEBUG - connect_tcp.started host='datasets-server.huggingface.co' port=443 local_address=None timeout=100.0 socket_options=None
2026-06-26 01:32:03,030 - DEBUG - connect_tcp.complete return_value=<httpcore._backends.sync.SyncStream object at 0x7f32581088d0>
2026-06-26 01:32:03,030 - DEBUG - start_tls.started ssl_context=<ssl.SSLContext object at 0x7f338b00ecb0> server_hostname='datasets-server.huggingface.co' timeout=100.0
2026-06-26 01:32:03,078 - DEBUG - start_tls.complete return_value=<httpcore._backends.sync.SyncStream object at 0x7f3258109040>
2026-06-26 01:32:03,078 - DEBUG - send_request_headers.started request=<Request [b'GET']>
2026-06-26 01:32:03,078 - DEBUG - send_request_headers.complete
2026-06-26 01:32:03,078 - DEBUG - send_request_body.started request=<Request [b'GET']>
2026-06-26 01:32:03,079 - DEBUG - send_request_body.complete
2026-06-26 01:32:03,079 - DEBUG - receive_response_headers.started request=<Request [b'GET']>
2026-06-26 01:32:03,343 - DEBUG - receive_response_headers.complete return_value=(b'HTTP/1.1', 200, b'OK', [(b'Content-Type', b'application/json'), (b'Transfer-Encoding', b'chunked'), (b'Connection', b'keep-alive'), (b'Date', b'Thu, 25 Jun 2026 20:02:03 GMT'), (b'vary', b'Accept-Encoding'), (b'content-encoding', b'gzip'), (b'server', b'uvicorn'), (b'cache-control', b'max-age=120'), (b'x-revision', b'78b67491c43823fc169cab827ab3f82805e0235b'), (b'X-Cache', b'Miss from cloudfront'), (b'Via', b'1.1 8b6dd0d472e21058db2ca2ab69bddafa.cloudfront.net (CloudFront)'), (b'X-Amz-Cf-Pop', b'BLR50-P4'), (b'X-Amz-Cf-Id', b'Tp2bRfwCQTUR9z1NSwB0CmfYU_h_3L9RBMFcoW-dVz7CeqkELFVBZw==')])
2026-06-26 01:32:03,344 - INFO - HTTP Request: GET https://datasets-server.huggingface.co/info?dataset=nayohan/multi_session_chat "HTTP/1.1 200 OK"
2026-06-26 01:32:03,344 - DEBUG - receive_response_body.started request=<Request [b'GET']>
2026-06-26 01:32:03,345 - DEBUG - receive_response_body.complete
2026-06-26 01:32:03,345 - DEBUG - response_closed.started
2026-06-26 01:32:03,345 - DEBUG - response_closed.complete
2026-06-26 01:32:03,349 - DEBUG - send_request_headers.started request=<Request [b'GET']>
2026-06-26 01:32:03,350 - DEBUG - send_request_headers.complete
2026-06-26 01:32:03,350 - DEBUG - send_request_body.started request=<Request [b'GET']>
2026-06-26 01:32:03,350 - DEBUG - send_request_body.complete
2026-06-26 01:32:03,350 - DEBUG - receive_response_headers.started request=<Request [b'GET']>
2026-06-26 01:32:03,613 - DEBUG - receive_response_headers.complete return_value=(b'HTTP/1.1', 200, b'OK', [(b'Content-Type', b'application/json; charset=utf-8'), (b'Transfer-Encoding', b'chunked'), (b'Connection', b'keep-alive'), (b'Date', b'Thu, 25 Jun 2026 20:02:03 GMT'), (b'content-encoding', b'gzip'), (b'ETag', b'W/"3e8-BpyYFlC0IeSAo0stOCyS4dhIP58"'), (b'X-Powered-By', b'huggingface-moon'), (b'X-Request-Id', b'Root=1-6a3d893b-7d8955e91c482f67542a9106;0fa75549-2ad5-4d62-9454-4f0219926d34'), (b'RateLimit', b'"api";r=495;t=5'), (b'RateLimit-Policy', b'"fixed window";"api";q=500;w=300'), (b'cross-origin-opener-policy', b'same-origin'), (b'Referrer-Policy', b'strict-origin-when-cross-origin'), (b'Access-Control-Max-Age', b'86400'), (b'Access-Control-Allow-Origin', b'https://huggingface.co'), (b'Vary', b'Origin'), (b'vary', b'Accept-Encoding'), (b'Access-Control-Expose-Headers', b'X-Repo-Commit,X-Request-Id,X-Error-Code,X-Error-Message,X-Total-Count,ETag,Link,Accept-Ranges,Content-Range,X-Linked-Size,X-Linked-ETag,X-Xet-Hash'), (b'X-Cache', b'Miss from cloudfront'), (b'Via', b'1.1 bb005b280ad7a4bc1e334a088b6a2b0e.cloudfront.net (CloudFront)'), (b'X-Amz-Cf-Pop', b'BLR50-P4'), (b'X-Amz-Cf-Id', b'e19caZfbXwui3M3JSVw6OkOvjieZxeayW2ue3DvvedvuQuB_Cwy-xA==')])
2026-06-26 01:32:03,614 - INFO - HTTP Request: GET https://huggingface.co/api/datasets/nayohan/multi_session_chat/tree/78b67491c43823fc169cab827ab3f82805e0235b/data?recursive=true&expand=false "HTTP/1.1 200 OK"
2026-06-26 01:32:03,615 - DEBUG - receive_response_body.started request=<Request [b'GET']>
2026-06-26 01:32:03,615 - DEBUG - receive_response_body.complete
2026-06-26 01:32:03,615 - DEBUG - response_closed.started
2026-06-26 01:32:03,615 - DEBUG - response_closed.complete
2026-06-26 01:32:03,617 - DEBUG - send_request_headers.started request=<Request [b'GET']>
2026-06-26 01:32:03,618 - DEBUG - send_request_headers.complete
2026-06-26 01:32:03,618 - DEBUG - send_request_body.started request=<Request [b'GET']>
2026-06-26 01:32:03,618 - DEBUG - send_request_body.complete
2026-06-26 01:32:03,618 - DEBUG - receive_response_headers.started request=<Request [b'GET']>
2026-06-26 01:32:03,877 - DEBUG - receive_response_headers.complete return_value=(b'HTTP/1.1', 200, b'OK', [(b'Content-Type', b'application/json; charset=utf-8'), (b'Content-Length', b'290'), (b'Connection', b'keep-alive'), (b'Date', b'Thu, 25 Jun 2026 20:02:03 GMT'), (b'ETag', b'W/"122-XUccIFjhClfpjnDv7IF4pkmj5rA"'), (b'X-Powered-By', b'huggingface-moon'), (b'X-Request-Id', b'Root=1-6a3d893b-30f74e4678ae2d6f742158d6;740ea5a3-1ca1-4269-8fdb-10c54c1e3fc4'), (b'RateLimit', b'"api";r=494;t=5'), (b'RateLimit-Policy', b'"fixed window";"api";q=500;w=300'), (b'cross-origin-opener-policy', b'same-origin'), (b'Referrer-Policy', b'strict-origin-when-cross-origin'), (b'Access-Control-Max-Age', b'86400'), (b'Access-Control-Allow-Origin', b'https://huggingface.co'), (b'Vary', b'Origin'), (b'Access-Control-Expose-Headers', b'X-Repo-Commit,X-Request-Id,X-Error-Code,X-Error-Message,X-Total-Count,ETag,Link,Accept-Ranges,Content-Range,X-Linked-Size,X-Linked-ETag,X-Xet-Hash'), (b'X-Cache', b'Miss from cloudfront'), (b'Via', b'1.1 bb005b280ad7a4bc1e334a088b6a2b0e.cloudfront.net (CloudFront)'), (b'X-Amz-Cf-Pop', b'BLR50-P4'), (b'X-Amz-Cf-Id', b'24jA_npMKD9f6OCxF3SRUERebfdW6xcdN7JZx-d2W7P_jiipiLeeBQ==')])
2026-06-26 01:32:03,878 - INFO - HTTP Request: GET https://huggingface.co/api/datasets/nayohan/multi_session_chat/tree/78b67491c43823fc169cab827ab3f82805e0235b?recursive=false&expand=false "HTTP/1.1 200 OK"
2026-06-26 01:32:03,878 - DEBUG - receive_response_body.started request=<Request [b'GET']>
2026-06-26 01:32:03,878 - DEBUG - receive_response_body.complete
2026-06-26 01:32:03,879 - DEBUG - response_closed.started
2026-06-26 01:32:03,879 - DEBUG - response_closed.complete
2026-06-26 01:32:03,889 - DEBUG - send_request_headers.started request=<Request [b'HEAD']>
2026-06-26 01:32:03,889 - DEBUG - send_request_headers.complete
2026-06-26 01:32:03,889 - DEBUG - send_request_body.started request=<Request [b'HEAD']>
2026-06-26 01:32:03,890 - DEBUG - send_request_body.complete
2026-06-26 01:32:03,890 - DEBUG - receive_response_headers.started request=<Request [b'HEAD']>
2026-06-26 01:32:04,147 - DEBUG - receive_response_headers.complete return_value=(b'HTTP/1.1', 404, b'Not Found', [(b'Content-Type', b'text/plain; charset=utf-8'), (b'Content-Length', b'15'), (b'Connection', b'keep-alive'), (b'Date', b'Thu, 25 Jun 2026 20:02:03 GMT'), (b'ETag', b'W/"f-mY2VvLxuxB7KhsoOdQTlMTccuAQ"'), (b'X-Powered-By', b'huggingface-moon'), (b'X-Request-Id', b'Root=1-6a3d893b-1b8f2860021ee4df031850cc;4e7fbfb3-caf7-4062-8d87-5ac794791bc7'), (b'RateLimit', b'"resolvers";r=2989;t=5'), (b'RateLimit-Policy', b'"fixed window";"resolvers";q=3000;w=300'), (b'cross-origin-opener-policy', b'same-origin'), (b'Referrer-Policy', b'strict-origin-when-cross-origin'), (b'Access-Control-Max-Age', b'86400'), (b'Access-Control-Allow-Origin', b'https://huggingface.co'), (b'Vary', b'Origin'), (b'Access-Control-Expose-Headers', b'X-Repo-Commit,X-Request-Id,X-Error-Code,X-Error-Message,X-Total-Count,ETag,Link,Accept-Ranges,Content-Range,X-Linked-Size,X-Linked-ETag,X-Xet-Hash'), (b'X-Repo-Commit', b'78b67491c43823fc169cab827ab3f82805e0235b'), (b'Accept-Ranges', b'bytes'), (b'X-Hub-Cache', b'MISS'), (b'X-Error-Code', b'EntryNotFound'), (b'X-Error-Message', b'Entry not found'), (b'X-Cache', b'Error from cloudfront'), (b'Via', b'1.1 bb005b280ad7a4bc1e334a088b6a2b0e.cloudfront.net (CloudFront)'), (b'X-Amz-Cf-Pop', b'BLR50-P4'), (b'X-Amz-Cf-Id', b'7rLrtg41PFNeWCxALjIQs3L1cXOLlFnCZnSRc71A1p_VtWlLTUfvVQ==')])
2026-06-26 01:32:04,148 - INFO - HTTP Request: HEAD https://huggingface.co/datasets/nayohan/multi_session_chat/resolve/78b67491c43823fc169cab827ab3f82805e0235b/dataset_infos.json "HTTP/1.1 404 Not Found"
2026-06-26 01:32:04,148 - DEBUG - receive_response_body.started request=<Request [b'HEAD']>
2026-06-26 01:32:04,148 - DEBUG - receive_response_body.complete
2026-06-26 01:32:04,148 - DEBUG - response_closed.started
2026-06-26 01:32:04,148 - DEBUG - response_closed.complete
2026-06-26 01:32:04,377 - DEBUG - Attempting to acquire lock 139854612234320 on /home/kbasu/arnavbhatt/.cache/huggingface/datasets/_home_kbasu_arnavbhatt_.cache_huggingface_datasets_nayohan___multi_session_chat_default_0.0.0_78b67491c43823fc169cab827ab3f82805e0235b.lock
2026-06-26 01:32:04,382 - DEBUG - Lock 139854612234320 acquired on /home/kbasu/arnavbhatt/.cache/huggingface/datasets/_home_kbasu_arnavbhatt_.cache_huggingface_datasets_nayohan___multi_session_chat_default_0.0.0_78b67491c43823fc169cab827ab3f82805e0235b.lock
2026-06-26 01:32:04,509 - DEBUG - open file: /home/kbasu/arnavbhatt/.cache/huggingface/datasets/nayohan___multi_session_chat/default/0.0.0/78b67491c43823fc169cab827ab3f82805e0235b/dataset_info.json
2026-06-26 01:32:04,512 - DEBUG - Attempting to release lock 139854612234320 on /home/kbasu/arnavbhatt/.cache/huggingface/datasets/_home_kbasu_arnavbhatt_.cache_huggingface_datasets_nayohan___multi_session_chat_default_0.0.0_78b67491c43823fc169cab827ab3f82805e0235b.lock
2026-06-26 01:32:04,628 - DEBUG - Lock 139854612234320 released on /home/kbasu/arnavbhatt/.cache/huggingface/datasets/_home_kbasu_arnavbhatt_.cache_huggingface_datasets_nayohan___multi_session_chat_default_0.0.0_78b67491c43823fc169cab827ab3f82805e0235b.lock
2026-06-26 01:32:04,635 - DEBUG - Attempting to acquire lock 139854258799632 on /home/kbasu/arnavbhatt/.cache/huggingface/datasets/nayohan___multi_session_chat/default/0.0.0/78b67491c43823fc169cab827ab3f82805e0235b_builder.lock
2026-06-26 01:32:04,640 - DEBUG - Lock 139854258799632 acquired on /home/kbasu/arnavbhatt/.cache/huggingface/datasets/nayohan___multi_session_chat/default/0.0.0/78b67491c43823fc169cab827ab3f82805e0235b_builder.lock
2026-06-26 01:32:04,641 - DEBUG - open file: /home/kbasu/arnavbhatt/.cache/huggingface/datasets/nayohan___multi_session_chat/default/0.0.0/78b67491c43823fc169cab827ab3f82805e0235b/dataset_info.json
2026-06-26 01:32:04,642 - DEBUG - Attempting to release lock 139854258799632 on /home/kbasu/arnavbhatt/.cache/huggingface/datasets/nayohan___multi_session_chat/default/0.0.0/78b67491c43823fc169cab827ab3f82805e0235b_builder.lock
2026-06-26 01:32:04,688 - DEBUG - Lock 139854258799632 released on /home/kbasu/arnavbhatt/.cache/huggingface/datasets/nayohan___multi_session_chat/default/0.0.0/78b67491c43823fc169cab827ab3f82805e0235b_builder.lock
2026-06-26 01:35:49,497 - WARNING - RETRYING #11 Dialogue 3, Session: 0. MSG: Unterminated string starting at: line 53 column 55 (char 6285)
 LLM Response: {
  "topics": ["work as cook", "don't like carrots", "can sing pitch perfect", "cook and ride bike", "won award spelling bee", "contacts see through", "published new yorker", "don't make spelling mistakes", "can cook any word", "ethnicity", "asian and no hair", "love hairless asians", "like carrots", "male or female", "work as cook pitch perfect", "doubt that very much"],
  "entities": [
    {"id": "e1", "name": "Speaker 1", "type": "PERSON", "timestamp": "NONE", "properties": ["works as gourmet cook", "can sing pitch perfect", "cooks", "rides bike to work", "won spelling bee award", "has contacts that see through", "can cook any word", "ethnicity is white", "hair is brown", "gender is male or female"]},
    {"id": "e2", "name": "Speaker 2", "type": "PERSON", "timestamp": "NONE", "properties": ["ethnicity is asian", "has no hair", "loves hairless asians", "likes carrots", "gender is male or female"]},
    {"id": "e3", "name": "New York", "type": "LOCATION", "timestamp": "NONE", "properties": ["publication place"]},
    {"id": "e4", "name": "Spelling Bee", "type": "EVENT", "timestamp": "NONE", "properties": ["awarded in"]},
    {"id": "e5", "name": "Carrots", "type": "OBJECT", "timestamp": "NONE", "properties": ["disliked by speaker 2", "liked by speaker 1"]},
    {"id": "e6", "name": "Hairless Asians", "type": "CONCEPT", "timestamp": "NONE", "properties": ["loved by speaker 2"]},
    {"id": "e7", "name": "Gourmet Cook", "type": "CONCEPT", "timestamp": "NONE", "properties": ["occupation of speaker 1"]},
    {"id": "e8", "name": "Pitch Perfect", "type": "CONCEPT", "timestamp": "NONE", "properties": ["ability of speaker 1"]},
    {"id": "e9", "name": "Bike", "type": "OBJECT", "timestamp": "NONE", "properties": ["used by speaker 1 to commute"]},
    {"id": "e10", "name": "Contacts", "type": "OBJECT", "timestamp": "NONE", "properties": ["can see through"]},
    {"id": "e11", "name": "New Yorker", "type": "ORGANIZATION", "timestamp": "NONE", "properties": ["publication"]},
    {"id": "e12", "name": "Horse", "type": "OBJECT", "timestamp": "NONE", "properties": ["comparative for carrot eating"]},
    {"id": "e13", "name": "Male", "type": "CONCEPT", "timestamp": "NONE", "properties": ["gender"]},
    {"id": "e14", "name": "Female", "type": "CONCEPT", "timestamp": "NONE", "properties": ["gender"]},
    {"id": "e15", "name": "Scream", "type": "ACTIVITY", "timestamp": "NONE", "properties": ["activity"]},
    {"id": "e16", "name": "Doubt", "type": "CONCEPT", "timestamp": "NONE", "properties": ["expression"]},
    {"id": "e17", "name": "Spelling Mistakes", "type": "CONCEPT", "timestamp": "NONE", "properties": ["avoided"]},
    {"id": "e18", "name": "Publication", "type": "EVENT", "timestamp": "NONE", "properties": ["occurred"]},
    {"id": "e19", "name": "Hair", "type": "OBJECT", "timestamp": "NONE", "properties": ["absent in speaker 2"]},
    {"id": "e20", "name": "Ethnicity", "type": "CONCEPT", "timestamp": "NONE", "properties": ["white for speaker 1", "asian for speaker 2"]},
    {"id": "e21", "name": "Work", "type": "ACTIVITY", "timestamp": "NONE", "properties": ["occupation"]},
    {"id": "e22", "name": "Voice", "type": "CONCEPT", "timestamp": "NONE", "properties": ["pitch perfect"]},
    {"id": "e23", "name": "Ride", "type": "ACTIVITY", "timestamp": "NONE", "properties": ["bike ride"]},
    {"id": "e24", "name": "Award", "type": "EVENT", "timestamp": "NONE", "properties": ["won"]},
    {"id": "e25", "name": "Selling", "type": "ACTIVITY", "timestamp": "NONE", "properties": ["attempted"]},
    {"id": "e26", "name": "Communication", "type": "CONCEPT", "timestamp": "NONE", "properties": ["through contacts"]},
    {"id": "e27", "name": "Eating", "type": "ACTIVITY", "timestamp": "NONE", "properties": ["carrots"]},
    {"id": "e28", "name": "Comparison", "type": "CONCEPT", "timestamp": "NONE", "properties": ["horse"]},
    {"id": "e29", "name": "Gender", "type": "CONCEPT", "timestamp": "NONE", "properties": ["determined"]},
    {"id": "e30", "name": "Screaming", "type": "ACTIVITY", "timestamp": "NONE", "properties": ["alone"]},
    {"id": "e31", "name": "Expression", "type": "CONCEPT", "timestamp": "NONE", "properties": ["doubt"]},
    {"id": "e32", "name": "Avoidance", "type": "CONCEPT", "timestamp": "NONE", "properties": ["mistakes"]},
    {"id": "e33", "name": "Publication Place", "type": "LOCATION", "timestamp": "NONE", "properties": ["new yorker"]},
    {"id": "e34", "name": "Publication Event", "type": "EVENT", "timestamp": "NONE", "properties": ["occurred"]},
    {"id": "e35", "name": "Absence", "type": "CONCEPT", "timestamp": "NONE", "properties": ["hair"]},
    {"id": "e36", "name": "Liking", "type": "CONCEPT", "timestamp": "NONE", "properties": ["hairless asians"]},
    {"id": "e37", "name": "Preference", "type": "CONCEPT", "timestamp": "NONE", "properties": ["carrots"]},
    {"id": "e38", "name": "Comparison", "type": "CONCEPT", "timestamp": "NONE", "properties": ["horse"]},
    {"id": "e39", "name": "Gender Determination", "type": "CONCEPT", "timestamp": "NONE", "properties": ["determined"]},
    {"id": "e40", "name": "Screaming Alone", "type": "ACTIVITY", "timestamp": "NONE", "properties": ["alone"]},
    {"id": "e41", "name": "Doubt Expression", "type": "CONCEPT", "timestamp": "NONE", "properties": ["expression"]},
    {"id": "e42", "name": "Mistake Avoidance", "type": "CONCEPT", "timestamp": "NONE", "properties": ["mistakes"]},
    {"id": "e43", "name": "Publication Occurrence", "type": "EVENT", "timestamp": "NONE", "properties": ["occurred"]},
    {"id": "e44", "name": "Hair Absence", "type": "CONCEPT", "timestamp": "NONE", "properties": ["absent"]},
    {"id": "e45", "name": "Liking Hairless Asians", "type": "CONCEPT", "timestamp": "NONE", "properties": ["liked"]},
    {"id": "e46", "name": "Liking Carrots", "type": "CONCEPT", "timestamp": "NONE", "properties": ["liked"]},
    {"id": "e47", "name": "Comparison Horse", "type": "CONCEPT", "timestamp": "NONE", "properties": ["horse"]},
    {"id": "e48", "name": "Gender Determination", "type": "CONCEPT", "timestamp": "NONE", "properties": ["determined"]},
    {"id": "e49", "name": "Screaming Alone", "type": "ACTIVITY", "timestamp": "NONE", "properties": ["alone"]},
    {"id": "e50", "name": "Doubt Expression", "type": "CON

2026-06-26 01:44:49,713 - WARNING - RETRYING #4 Dialogue 27, Session: 0. MSG: Expecting ',' delimiter: line 4 column 99 (char 316)
 LLM Response: {
  "topics": ["greeting", "fishing", "shopping", "island shopping", "spare time", "boat making", "dancing", "favorite food", "dog name", "mexican food", "mexican food", "state", "hawaii", "vacation"],
  "entities": [
    {"id": "e1", "name": "Speaker 1", "type": "PERSON", "timestamp": "NONE", "properties": ["role": "speaker"]},
    {"id": "e2", "name": "Speaker 2", "type": "PERSON", "timestamp": "NONE", "properties": ["role": "speaker"]},
    {"id": "e3", "name": "Bob", "type": "ANIMAL", "timestamp": "NONE", "properties": ["type": "dog"]},
    {"id": "e4", "name": "Hawaii", "type": "LOCATION", "timestamp": "NONE", "properties": ["location": "island"]},
    {"id": "e5", "name": "Farmland", "type": "LOCATION", "timestamp": "NONE", "properties": ["location": "surrounding area"]},
    {"id": "e6", "name": "Fishing", "type": "ACTIVITY", "timestamp": "NONE", "properties": ["activity": "outdoor"]},
    {"id": "e7", "name": "Shopping", "type": "ACTIVITY", "timestamp": "NONE", "properties": ["activity": "retail"]},
    {"id": "e8", "name": "Boat making", "type": "ACTIVITY", "timestamp": "NONE", "properties": ["activity": "crafting"]},
    {"id": "e9", "name": "Dancing", "type": "ACTIVITY", "timestamp": "NONE", "properties": ["activity": "social"]},
    {"id": "e10", "name": "Eating out", "type": "ACTIVITY", "timestamp": "NONE", "properties": ["activity": "dining"]},
    {"id": "e11", "name": "Chicken", "type": "CONCEPT", "timestamp": "NONE", "properties": ["food": "protein"]},
    {"id": "e12", "name": "Burritos", "type": "OBJECT", "timestamp": "NONE", "properties": ["food": "mexican"]},
    {"id": "e13", "name": "Mexican food", "type": "CONCEPT", "timestamp": "NONE", "properties": ["food": "mexican"]},
    {"id": "e14", "name": "Vacation", "type": "ACTIVITY", "timestamp": "NONE", "properties": ["activity": "travel"]},
    {"id": "e15", "name": "Island", "type": "LOCATION", "timestamp": "NONE", "properties": ["location": "island"]},
    {"id": "e16", "name": "Shoe shopping", "type": "ACTIVITY", "timestamp": "NONE", "properties": ["activity": "retail"]},
    {"id": "e17", "name": "Fishing", "type": "ACTIVITY", "timestamp": "NONE", "properties": ["activity": "outdoor"]},
    {"id": "e18", "name": "Dancing", "type": "ACTIVITY", "timestamp": "NONE", "properties": ["activity": "social"]},
    {"id": "e19", "name": "Eating out", "type": "ACTIVITY", "timestamp": "NONE", "properties": ["activity": "dining"]},
    {"id": "e20", "name": "Chicken", "type": "CONCEPT", "timestamp": "NONE", "properties": ["food": "protein"]},
    {"id": "e21", "name": "Burritos", "type": "OBJECT", "timestamp": "NONE", "properties": ["food": "mexican"]},
    {"id": "e22", "name": "Mexican food", "type": "CONCEPT", "timestamp": "NONE", "properties": ["food": "mexican"]},
    {"id": "e23", "name": "Vacation", "type": "ACTIVITY", "timestamp": "NONE", "properties": ["activity": "travel"]}
  ],
  "relations": [
    {"source": "e1", "target": "e2", "relation": "speaks to", "timestamp": "NONE"},
    {"source": "e2", "target": "e1", "relation": "speaks to", "timestamp": "NONE"},
    {"source": "e2", "target": "e3", "relation": "owns", "timestamp": "NONE"},
    {"source": "e2", "target": "e4", "relation": "lives in", "timestamp": "NONE"},
    {"source": "e1", "target": "e5", "relation": "surrounded by", "timestamp": "NONE"},
    {"source": "e1", "target": "e14", "relation": "should take", "timestamp": "NONE"},
    {"source": "e2", "target": "e4", "relation": "lives in", "timestamp": "NONE"},
    {"source": "e2", "target": "e5", "relation": "surrounded by", "timestamp": "NONE"},
    {"source": "e1", "target": "e14", "relation": "should take", "timestamp": "NONE"}
  ],
  "is_qna_pattern": true,
  "is_decision_tree": false,
  "is_entity_centric": true
}

2026-06-26 02:23:47,217 - WARNING - RETRYING #2 Dialogue 117, Session: 3. MSG: Expecting ',' delimiter: line 23 column 28 (char 619)
 LLM Response: {
  "topics": ["garden planning", "planting season", "planting plans", "tomatoes", "vintage car", "tomatoes", "tomato paradox", "garden food", "apple trees", "riding horse", "riding horse", "riding horse"],
  "entities": [
    {
      "id": "e1",
      "name": "Speaker 1",
      "type": "PERSON",
      "timestamp": "NONE",
      "properties": []
    },
    {
      "id": "e2",
      "name": "Speaker 2",
      "type": "PERSON",
      "timestamp": "NONE",
      "properties": []
    },
    {
      "id": "e3",
      "name": "1986 Marquis",
      "type": "OBJECT",
      "timestamp": "NONE",
      "properties": ["year": "1986", "model": "Marquis", "doors": "2 door"]
    },
    {
      "id": "e4",
      "name": "Applejack",
      "type": "ANIMAL",
      "timestamp": "NONE",
      "properties": ["type": "horse"]
    },
    {
      "id": "e5",
      "name": "Speaker 1's mom",
      "type": "PERSON",
      "timestamp": "NONE",
      "properties": []
    }
  ],
  "relations": [
    {
      "source": "e1",
      "target": "e3",
      "relation": "owns",
      "timestamp": "NONE"
    },
    {
      "source": "e1",
      "target": "e4",
      "relation": "feeds",
      "timestamp": "NONE"
    },
    {
      "source": "e1",
      "target": "e5",
      "relation": "has mother",
      "timestamp": "NONE"
    },
    {
      "source": "e5",
      "target": "e4",
      "relation": "feeds",
      "timestamp": "NONE"
    }
  ],
  "is_qna_pattern": true,
  "is_decision_tree": false,
  "is_entity_centric": true
}

2026-06-26 02:24:07,148 - WARNING - RETRYING #4 Dialogue 118, Session: 1. MSG: Unterminated string starting at: line 328 column 7 (char 6375)
 LLM Response: {
  "topics": ["Oreo likes play", "they get along", "play outside", "big yard", "backyard animals", "swing set", "friends over", "mom sick", "mom's health", "hope for improvement", "things improve", "hope for better"],
  "entities": [
    {
      "id": "e1",
      "name": "Oreo",
      "type": "ANIMAL",
      "timestamp": "NONE",
      "properties": ["cat"]
    },
    {
      "id": "e2",
      "name": "Milo",
      "type": "ANIMAL",
      "timestamp": "NONE",
      "properties": ["dog"]
    },
    {
      "id": "e3",
      "name": "Milo",
      "type": "ANIMAL",
      "timestamp": "NONE",
      "properties": ["dog"]
    },
    {
      "id": "e4",
      "name": "Milo",
      "type": "ANIMAL",
      "timestamp": "NONE",
      "properties": ["dog"]
    },
    {
      "id": "e5",
      "name": "Milo",
      "type": "ANIMAL",
      "timestamp": "NONE",
      "properties": ["dog"]
    },
    {
      "id": "e6",
      "name": "Milo",
      "type": "ANIMAL",
      "timestamp": "NONE",
      "properties": ["dog"]
    },
    {
      "id": "e7",
      "name": "Milo",
      "type": "ANIMAL",
      "timestamp": "NONE",
      "properties": ["dog"]
    },
    {
      "id": "e8",
      "name": "Milo",
      "type": "ANIMAL",
      "timestamp": "NONE",
      "properties": ["dog"]
    },
    {
      "id": "e9",
      "name": "Milo",
      "type": "ANIMAL",
      "timestamp": "NONE",
      "properties": ["dog"]
    },
    {
      "id": "e10",
      "name": "Milo",
      "type": "ANIMAL",
      "timestamp": "NONE",
      "properties": ["dog"]
    },
    {
      "id": "e11",
      "name": "Milo",
      "type": "ANIMAL",
      "timestamp": "NONE",
      "properties": ["dog"]
    },
    {
      "id": "e12",
      "name": "Milo",
      "type": "ANIMAL",
      "timestamp": "NONE",
      "properties": ["dog"]
    },
    {
      "id": "e13",
      "name": "Milo",
      "type": "ANIMAL",
      "timestamp": "NONE",
      "properties": ["dog"]
    },
    {
      "id": "e14",
      "name": "Milo",
      "type": "ANIMAL",
      "timestamp": "NONE",
      "properties": ["dog"]
    },
    {
      "id": "e15",
      "name": "Milo",
      "type": "ANIMAL",
      "timestamp": "NONE",
      "properties": ["dog"]
    },
    {
      "id": "e16",
      "name": "Milo",
      "type": "ANIMAL",
      "timestamp": "NONE",
      "properties": ["dog"]
    },
    {
      "id": "e17",
      "name": "Milo",
      "type": "ANIMAL",
      "timestamp": "NONE",
      "properties": ["dog"]
    },
    {
      "id": "e18",
      "name": "Milo",
      "type": "ANIMAL",
      "timestamp": "NONE",
      "properties": ["dog"]
    },
    {
      "id": "e19",
      "name": "Milo",
      "type": "ANIMAL",
      "timestamp": "NONE",
      "properties": ["dog"]
    },
    {
      "id": "e20",
      "name": "Milo",
      "type": "ANIMAL",
      "timestamp": "NONE",
      "properties": ["dog"]
    },
    {
      "id": "e21",
      "name": "Milo",
      "type": "ANIMAL",
      "timestamp": "NONE",
      "properties": ["dog"]
    },
    {
      "id": "e22",
      "name": "Milo",
      "type": "ANIMAL",
      "timestamp": "NONE",
      "properties": ["dog"]
    },
    {
      "id": "e23",
      "name": "Milo",
      "type": "ANIMAL",
      "timestamp": "NONE",
      "properties": ["dog"]
    },
    {
      "id": "e24",
      "name": "Milo",
      "type": "ANIMAL",
      "timestamp": "NONE",
      "properties": ["dog"]
    },
    {
      "id": "e25",
      "name": "Milo",
      "type": "ANIMAL",
      "timestamp": "NONE",
      "properties": ["dog"]
    },
    {
      "id": "e26",
      "name": "Milo",
      "type": "ANIMAL",
      "timestamp": "NONE",
      "properties": ["dog"]
    },
    {
      "id": "e27",
      "name": "Milo",
      "type": "ANIMAL",
      "timestamp": "NONE",
      "properties": ["dog"]
    },
    {
      "id": "e28",
      "name": "Milo",
      "type": "ANIMAL",
      "timestamp": "NONE",
      "properties": ["dog"]
    },
    {
      "id": "e29",
      "name": "Milo",
      "type": "ANIMAL",
      "timestamp": "NONE",
      "properties": ["dog"]
    },
    {
      "id": "e30",
      "name": "Milo",
      "type": "ANIMAL",
      "timestamp": "NONE",
      "properties": ["dog"]
    },
    {
      "id": "e31",
      "name": "Milo",
      "type": "ANIMAL",
      "timestamp": "NONE",
      "properties": ["dog"]
    },
    {
      "id": "e32",
      "name": "Milo",
      "type": "ANIMAL",
      "timestamp": "NONE",
      "properties": ["dog"]
    },
    {
      "id": "e33",
      "name": "Milo",
      "type": "ANIMAL",
      "timestamp": "NONE",
      "properties": ["dog"]
    },
    {
      "id": "e34",
      "name": "Milo",
      "type": "ANIMAL",
      "timestamp": "NONE",
      "properties": ["dog"]
    },
    {
      "id": "e35",
      "name": "Milo",
      "type": "ANIMAL",
      "timestamp": "NONE",
      "properties": ["dog"]
    },
    {
      "id": "e36",
      "name": "Milo",
      "type": "ANIMAL",
      "timestamp": "NONE",
      "properties": ["dog"]
    },
    {
      "id": "e37",
      "name": "Milo",
      "type": "ANIMAL",
      "timestamp": "NONE",
      "properties": ["dog"]
    },
    {
      "id": "e38",
      "name": "Milo",
      "type": "ANIMAL",
      "timestamp": "NONE",
      "properties": ["dog"]
    },
    {
      "id": "e39",
      "name": "Milo",
      "type": "ANIMAL",
      "timestamp": "NONE",
      "properties": ["dog"]
    },
    {
      "id": "e40",
      "name": "Milo",
      "type": "ANIMAL",
      "timestamp": "NONE",
      "properties": ["dog"]
    },
    {
      "id": "e41",
      "name": "Milo",
      "type": "ANIMAL",
      "timestamp": "NONE",
      "properties": ["dog"]
    },
    {
      "id": "e42",
      "name": "Milo",
      "type": "ANIMAL",
      "timestamp": "NONE",
      "properties": ["dog"]
    },
    {
      "id": "e43",
      "name": "Milo",
      "type": "ANIMAL",
      "timestamp": "NONE",
      "properties": ["dog"]
    },
    {
      "id": "e44",
      "name": "Milo",
      "type": "ANIMAL",
      "timestamp": "NONE",
      "properties": ["dog"]
    },
    {
      "id": "e45",
      "name": "Milo",
      "type": "ANIMAL",
      "timestamp": "NONE",
      "properties": ["dog"]
    },
    {
      "id": "e46",
      "name": "Milo",
      "type": "ANIMAL",
      "timestamp": "NONE",
      "properties": ["dog"]
    },
    {
      "id": "e47",
      "name

2026-06-26 02:47:09,519 - WARNING - RETRYING #1 Dialogue 184, Session: 0. MSG: Unterminated string starting at: line 54 column 27 (char 6265)
 LLM Response: {
  "topics": ["greeting", "bbq and pizza", "loves bbq", "hobbies", "enjoys walks and kids", "used to babysit", "has 4 kids", "lives in rural city", "near m. cyrus and pnb rock", "watches tom and jerry", "cartoons are always on", "work", "has part time job", "only husband", "married for ten years", "husband's job"],
  "entities": [
    {"id": "e1", "name": "Speaker 1", "type": "PERSON", "timestamp": "NONE", "properties": ["age", "location"]},
    {"id": "e2", "name": "Speaker 2", "type": "PERSON", "timestamp": "NONE", "properties": ["age", "location"]},
    {"id": "e3", "name": "M. Cyrus", "type": "LOCATION", "timestamp": "NONE", "properties": []},
    {"id": "e4", "name": "Pnb Rock", "type": "LOCATION", "timestamp": "NONE", "properties": []},
    {"id": "e5", "name": "Tom and Jerry", "type": "CONCEPT", "timestamp": "NONE", "properties": []},
    {"id": "e6", "name": "Jo", "type": "PERSON", "timestamp": "NONE", "properties": ["age", "occupation"]},
    {"id": "e7", "name": "Speaker 1's husband", "type": "PERSON", "timestamp": "NONE", "properties": ["occupation"]},
    {"id": "e8", "name": "Speaker 1's parents", "type": "PERSON", "timestamp": "NONE", "properties": ["anniversary"]},
    {"id": "e9", "name": "Speaker 1's parents", "type": "PERSON", "timestamp": "NONE", "properties": ["anniversary"]},
    {"id": "e10", "name": "Speaker 1's parents", "type": "PERSON", "timestamp": "NONE", "properties": ["anniversary"]},
    {"id": "e11", "name": "Speaker 1's parents", "type": "PERSON", "timestamp": "NONE", "properties": ["anniversary"]},
    {"id": "e12", "name": "Speaker 1's parents", "type": "PERSON", "timestamp": "NONE", "properties": ["anniversary"]},
    {"id": "e13", "name": "Speaker 1's parents", "type": "PERSON", "timestamp": "NONE", "properties": ["anniversary"]},
    {"id": "e14", "name": "Speaker 1's parents", "type": "PERSON", "timestamp": "NONE", "properties": ["anniversary"]},
    {"id": "e15", "name": "Speaker 1's parents", "type": "PERSON", "timestamp": "NONE", "properties": ["anniversary"]},
    {"id": "e16", "name": "Speaker 1's parents", "type": "PERSON", "timestamp": "NONE", "properties": ["anniversary"]},
    {"id": "e17", "name": "Speaker 1's parents", "type": "PERSON", "timestamp": "NONE", "properties": ["anniversary"]},
    {"id": "e18", "name": "Speaker 1's parents", "type": "PERSON", "timestamp": "NONE", "properties": ["anniversary"]},
    {"id": "e19", "name": "Speaker 1's parents", "type": "PERSON", "timestamp": "NONE", "properties": ["anniversary"]},
    {"id": "e20", "name": "Speaker 1's parents", "type": "PERSON", "timestamp": "NONE", "properties": ["anniversary"]},
    {"id": "e21", "name": "Speaker 1's parents", "type": "PERSON", "timestamp": "NONE", "properties": ["anniversary"]},
    {"id": "e22", "name": "Speaker 1's parents", "type": "PERSON", "timestamp": "NONE", "properties": ["anniversary"]},
    {"id": "e23", "name": "Speaker 1's parents", "type": "PERSON", "timestamp": "NONE", "properties": ["anniversary"]},
    {"id": "e24", "name": "Speaker 1's parents", "type": "PERSON", "timestamp": "NONE", "properties": ["anniversary"]},
    {"id": "e25", "name": "Speaker 1's parents", "type": "PERSON", "timestamp": "NONE", "properties": ["anniversary"]},
    {"id": "e26", "name": "Speaker 1's parents", "type": "PERSON", "timestamp": "NONE", "properties": ["anniversary"]},
    {"id": "e27", "name": "Speaker 1's parents", "type": "PERSON", "timestamp": "NONE", "properties": ["anniversary"]},
    {"id": "e28", "name": "Speaker 1's parents", "type": "PERSON", "timestamp": "NONE", "properties": ["anniversary"]},
    {"id": "e29", "name": "Speaker 1's parents", "type": "PERSON", "timestamp": "NONE", "properties": ["anniversary"]},
    {"id": "e30", "name": "Speaker 1's parents", "type": "PERSON", "timestamp": "NONE", "properties": ["anniversary"]},
    {"id": "e31", "name": "Speaker 1's parents", "type": "PERSON", "timestamp": "NONE", "properties": ["anniversary"]},
    {"id": "e32", "name": "Speaker 1's parents", "type": "PERSON", "timestamp": "NONE", "properties": ["anniversary"]},
    {"id": "e33", "name": "Speaker 1's parents", "type": "PERSON", "timestamp": "NONE", "properties": ["anniversary"]},
    {"id": "e34", "name": "Speaker 1's parents", "type": "PERSON", "timestamp": "NONE", "properties": ["anniversary"]},
    {"id": "e35", "name": "Speaker 1's parents", "type": "PERSON", "timestamp": "NONE", "properties": ["anniversary"]},
    {"id": "e36", "name": "Speaker 1's parents", "type": "PERSON", "timestamp": "NONE", "properties": ["anniversary"]},
    {"id": "e37", "name": "Speaker 1's parents", "type": "PERSON", "timestamp": "NONE", "properties": ["anniversary"]},
    {"id": "e38", "name": "Speaker 1's parents", "type": "PERSON", "timestamp": "NONE", "properties": ["anniversary"]},
    {"id": "e39", "name": "Speaker 1's parents", "type": "PERSON", "timestamp": "NONE", "properties": ["anniversary"]},
    {"id": "e40", "name": "Speaker 1's parents", "type": "PERSON", "timestamp": "NONE", "properties": ["anniversary"]},
    {"id": "e41", "name": "Speaker 1's parents", "type": "PERSON", "timestamp": "NONE", "properties": ["anniversary"]},
    {"id": "e42", "name": "Speaker 1's parents", "type": "PERSON", "timestamp": "NONE", "properties": ["anniversary"]},
    {"id": "e43", "name": "Speaker 1's parents", "type": "PERSON", "timestamp": "NONE", "properties": ["anniversary"]},
    {"id": "e44", "name": "Speaker 1's parents", "type": "PERSON", "timestamp": "NONE", "properties": ["anniversary"]},
    {"id": "e45", "name": "Speaker 1's parents", "type": "PERSON", "timestamp": "NONE", "properties": ["anniversary"]},
    {"id": "e46", "name": "Speaker 1's parents", "type": "PERSON", "timestamp": "NONE", "properties": ["anniversary"]},
    {"id": "e47", "name": "Speaker 1's parents", "type": "PERSON", "timestamp": "NONE", "properties": ["anniversary"]},
    {"id": "e48", "name": "Speaker 1's parents", "type": "PERSON", "timestamp": "NONE", "properties": ["anniversary"]},
    {"id": "e49", "name": "Speaker 1's parents", "type": "PERSON", "timestamp": "NONE", "properties": ["anniversary"]},
    {"id": "e50", "name": "Speaker 1's parents", "type": "PERSON", "timestamp": "NONE", "properties": ["anniversary"]},
    {"id": "e51", "name": "Speaker 1

2026-06-26 02:53:08,065 - WARNING - RETRYING #3 Dialogue 199, Session: 2. MSG: Unterminated string starting at: line 49 column 73 (char 6470)
 LLM Response: {
  "topics": ["Candy Crush levels", "score", "lunch", "healthy foods", "sardines", "hot chocolate", "iPhone", "birthday", "Android phone", "work injury", "computer games", "Cyberpunk 2077"],
  "entities": [
    {"id": "e1", "name": "Speaker 1", "type": "PERSON", "timestamp": "NONE", "properties": ["likes Candy Crush", "plays games"]},
    {"id": "e2", "name": "Speaker 2", "type": "PERSON", "timestamp": "NONE", "properties": ["likes sardines", "eats healthy", "likes hot chocolate", "uses iPhone"]},
    {"id": "e3", "name": "Candy Crush", "type": "GAME", "timestamp": "NONE", "properties": ["has levels", "has high scores"]},
    {"id": "e4", "name": "Level 230", "type": "GAME LEVEL", "timestamp": "NONE", "properties": ["hard"]},
    {"id": "e5", "name": "iPhone", "type": "DEVICE", "timestamp": "NONE", "properties": ["latest model", "birthday gift"]},
    {"id": "e6", "name": "Android phone", "type": "DEVICE", "timestamp": "NONE", "properties": ["confusing", "not used"]},
    {"id": "e7", "name": "Cyberpunk 2077", "type": "GAME", "timestamp": "NONE", "properties": ["solo campaign", "fun"]},
    {"id": "e8", "name": "Work", "type": "LOCATION", "timestamp": "NONE", "properties": ["has injury", "has office duties"]},
    {"id": "e9", "name": "Surgery", "type": "EVENT", "timestamp": "NONE", "properties": ["related to injury", "recovered partially"]},
    {"id": "e10", "name": "Sardines", "type": "FOOD", "timestamp": "NONE", "properties": ["high protein", "used in salad"]},
    {"id": "e11", "name": "Ham", "type": "FOOD", "timestamp": "NONE", "properties": ["high protein", "used in salad"]},
    {"id": "e12", "name": "Hot chocolate", "type": "FOOD", "timestamp": "NONE", "properties": ["warm", "for cold weather"]},
    {"id": "e13", "name": "Lunch", "type": "ACTIVITY", "timestamp": "NONE", "properties": ["being made", "healthy eating"]},
    {"id": "e14", "name": "Birthday", "type": "EVENT", "timestamp": "NONE", "properties": ["related to iPhone gift"]},
    {"id": "e15", "name": "Computer games", "type": "ACTIVITY", "timestamp": "NONE", "properties": ["being asked about", "related to Cyberpunk 2077"]},
    {"id": "e16", "name": "Toe injury", "type": "EVENT", "timestamp": "NONE", "properties": ["related to work", "recovered partially"]},
    {"id": "e17", "name": "Office duties", "type": "ACTIVITY", "timestamp": "NONE", "properties": ["light duties", "related to work"]},
    {"id": "e18", "name": "Computer", "type": "DEVICE", "timestamp": "NONE", "properties": ["used for work", "related to games"]},
    {"id": "e19", "name": "Sandwich", "type": "FOOD", "timestamp": "NONE", "properties": ["paired with hot chocolate", "related to lunch"]},
    {"id": "e20", "name": "High score", "type": "CONCEPT", "timestamp": "NONE", "properties": ["related to Candy Crush", "achieved by Speaker 1"]},
    {"id": "e21", "name": "Level", "type": "CONCEPT", "timestamp": "NONE", "properties": ["related to Candy Crush", "has difficulty"]},
    {"id": "e22", "name": "Protein", "type": "CONCEPT", "timestamp": "NONE", "properties": ["related to sardines and ham", "used for weight loss"]},
    {"id": "e23", "name": "Weight loss", "type": "CONCEPT", "timestamp": "NONE", "properties": ["related to healthy foods", "related to sardines and ham"]},
    {"id": "e24", "name": "Cold weather", "type": "CONCEPT", "timestamp": "NONE", "properties": ["related to hot chocolate", "related to winter"]},
    {"id": "e25", "name": "Solo campaign", "type": "CONCEPT", "timestamp": "NONE", "properties": ["related to Cyberpunk 2077", "related to game type"]},
    {"id": "e26", "name": "Game", "type": "CONCEPT", "timestamp": "NONE", "properties": ["related to Cyberpunk 2077", "related to Candy Crush"]},
    {"id": "e27", "name": "Computer", "type": "DEVICE", "timestamp": "NONE", "properties": ["used for work", "related to games"]},
    {"id": "e28", "name": "Android", "type": "CONCEPT", "timestamp": "NONE", "properties": ["related to phone", "related to confusion"]},
    {"id": "e29", "name": "Apple", "type": "CONCEPT", "timestamp": "NONE", "properties": ["related to iPhone", "related to phone choice"]},
    {"id": "e30", "name": "Surgery", "type": "EVENT", "timestamp": "NONE", "properties": ["related to injury", "related to recovery"]},
    {"id": "e31", "name": "Work", "type": "LOCATION", "timestamp": "NONE", "properties": ["related to injury", "related to office duties"]},
    {"id": "e32", "name": "Birthday", "type": "EVENT", "timestamp": "NONE", "properties": ["related to iPhone gift", "related to personal event"]},
    {"id": "e33", "name": "iPhone", "type": "DEVICE", "timestamp": "NONE", "properties": ["latest model", "birthday gift", "used by Speaker 2"]},
    {"id": "e34", "name": "Hot chocolate", "type": "FOOD", "timestamp": "NONE", "properties": ["warm", "for cold weather", "paired with sandwich"]},
    {"id": "e35", "name": "Sandwich", "type": "FOOD", "timestamp": "NONE", "properties": ["paired with hot chocolate", "related to lunch"]},
    {"id": "e36", "name": "Lunch", "type": "ACTIVITY", "timestamp": "NONE", "properties": ["being made", "related to healthy eating"]},
    {"id": "e37", "name": "Computer games", "type": "ACTIVITY", "timestamp": "NONE", "properties": ["being asked about", "related to Cyberpunk 2077"]},
    {"id": "e38", "name": "Cyberpunk 2077", "type": "GAME", "timestamp": "NONE", "properties": ["solo campaign", "fun", "being played by Speaker 1"]},
    {"id": "e39", "name": "Work injury", "type": "EVENT", "timestamp": "NONE", "properties": ["related to work", "related to surgery"]},
    {"id": "e40", "name": "Office duties", "type": "ACTIVITY", "timestamp": "NONE", "properties": ["light duties", "related to work"]},
    {"id": "e41", "name": "Computer", "type": "DEVICE", "timestamp": "NONE", "properties": ["used for work", "related to games"]},
    {"id": "e42", "name": "Surgery", "type": "EVENT", "timestamp": "NONE", "properties": ["related to injury", "related to recovery"]},
    {"id": "e43", "name": "Work", "type": "LOCATION", "timestamp": "NONE", "properties": ["related to injury", "related to office duties"]},
    {"id": "e44", "name": "Birthday", "type": "EVENT", "timestamp": "NONE", "properties": ["related to iPhone gift", "related to personal event"]},
    {"id": "e45", "name": "iPhone", "type": "DEVICE", "timestamp": "NONE", "properties": ["latest model", "birthday gift", "used by Speaker 2"]},
    {"id": "e46", "name": "Hot chocolate", "type": "FOOD", "timestamp": "NONE

2026-06-26 03:19:58,211 - WARNING - RETRYING #1 Dialogue 289, Session: 0. MSG: Expecting ',' delimiter: line 4 column 99 (char 517)
 LLM Response: {
  "topics": ["greeting", "like dogs", "like isaiah rashad", "compare isaiah rashad to thomas the engine", "like to read about trains", "enjoy playing video games", "play with dads train set", "never had train set", "train set is huge", "train set killed cat", "train set almost got dog", "marketing agency covered pet food", "could use dog food", "organic food", "second thought about organic food"],
  "entities": [
    {"id": "e1", "name": "Speaker 1", "type": "PERSON", "timestamp": "NONE", "properties": ["role": "speaker"]},
    {"id": "e2", "name": "Speaker 2", "type": "PERSON", "timestamp": "NONE", "properties": ["role": "speaker"]},
    {"id": "e3", "name": "Isaiah Rashad", "type": "PERSON", "timestamp": "NONE", "properties": ["role": "musician"]},
    {"id": "e4", "name": "Thomas the Engine", "type": "CONCEPT", "timestamp": "NONE", "properties": []},
    {"id": "e5", "name": "Reading about trains", "type": "ACTIVITY", "timestamp": "NONE", "properties": []},
    {"id": "e6", "name": "Playing video games", "type": "ACTIVITY", "timestamp": "NONE", "properties": []},
    {"id": "e7", "name": "PS4", "type": "OBJECT", "timestamp": "NONE", "properties": []},
    {"id": "e8", "name": "Train set", "type": "OBJECT", "timestamp": "NONE", "properties": []},
    {"id": "e9", "name": "Cat", "type": "ANIMAL", "timestamp": "NONE", "properties": []},
    {"id": "e10", "name": "Dog", "type": "ANIMAL", "timestamp": "NONE", "properties": []},
    {"id": "e11", "name": "Percy", "type": "ANIMAL", "timestamp": "NONE", "properties": []},
    {"id": "e12", "name": "Marketing agency", "type": "ORGANIZATION", "timestamp": "NONE", "properties": []},
    {"id": "e13", "name": "Pet food", "type": "CONCEPT", "timestamp": "NONE", "properties": []},
    {"id": "e14", "name": "Organic food", "type": "CONCEPT", "timestamp": "NONE", "properties": []}
  ],
  "relations": [
    {"source": "e1", "target": "e2", "relation": "talks to", "timestamp": "NONE"},
    {"source": "e2", "target": "e3", "relation": "likes", "timestamp": "NONE"},
    {"source": "e2", "target": "e4", "relation": "compares to", "timestamp": "NONE"},
    {"source": "e2", "target": "e5", "relation": "likes", "timestamp": "NONE"},
    {"source": "e2", "target": "e6", "relation": "likes", "timestamp": "NONE"},
    {"source": "e2", "target": "e7", "relation": "plays on", "timestamp": "NONE"},
    {"source": "e2", "target": "e8", "relation": "plays with", "timestamp": "NONE"},
    {"source": "e2", "target": "e9", "relation": "killed", "timestamp": "NONE"},
    {"source": "e2", "target": "e10", "relation": "almost got", "timestamp": "NONE"},
    {"source": "e2", "target": "e11", "relation": "jumped out of the way", "timestamp": "NONE"},
    {"source": "e2", "target": "e12", "relation": "covered", "timestamp": "NONE"},
    {"source": "e2", "target": "e13", "relation": "could use", "timestamp": "NONE"},
    {"source": "e2", "target": "e14", "relation": "would buy", "timestamp": "NONE"}
  ],
  "is_qna_pattern": true,
  "is_decision_tree": false,
  "is_entity_centric": false
}

2026-06-26 03:20:31,309 - ERROR - #1 Dialogue 289, Session: 0 data extraction failed. MSG: Expecting ',' delimiter: line 4 column 99 (char 517)
 LLM Response: {
  "topics": ["greeting", "like dogs", "like isaiah rashad", "compare isaiah rashad to thomas the engine", "like to read about trains", "enjoy playing video games", "play with dads train set", "never had train set", "train set is huge", "train set killed cat", "train set almost got dog", "marketing agency covered pet food", "could use dog food", "organic food", "second thought about organic food"],
  "entities": [
    {"id": "e1", "name": "Speaker 1", "type": "PERSON", "timestamp": "NONE", "properties": ["role": "speaker"]},
    {"id": "e2", "name": "Speaker 2", "type": "PERSON", "timestamp": "NONE", "properties": ["role": "speaker"]},
    {"id": "e3", "name": "isaiah rashad", "type": "CONCEPT", "timestamp": "NONE", "properties": []},
    {"id": "e4", "name": "thomas the engine", "type": "CONCEPT", "timestamp": "NONE", "properties": []},
    {"id": "e5", "name": "reading about trains", "type": "ACTIVITY", "timestamp": "NONE", "properties": []},
    {"id": "e6", "name": "playing video games", "type": "ACTIVITY", "timestamp": "NONE", "properties": []},
    {"id": "e7", "name": "ps4", "type": "OBJECT", "timestamp": "NONE", "properties": []},
    {"id": "e8", "name": "dads train set", "type": "OBJECT", "timestamp": "NONE", "properties": []},
    {"id": "e9", "name": "train set", "type": "OBJECT", "timestamp": "NONE", "properties": []},
    {"id": "e10", "name": "cat", "type": "ANIMAL", "timestamp": "NONE", "properties": []},
    {"id": "e11", "name": "dog", "type": "ANIMAL", "timestamp": "NONE", "properties": []},
    {"id": "e12", "name": "perry", "type": "ANIMAL", "timestamp": "NONE", "properties": []},
    {"id": "e13", "name": "marketing agency", "type": "ORGANIZATION", "timestamp": "NONE", "properties": []},
    {"id": "e14", "name": "pet food", "type": "CONCEPT", "timestamp": "NONE", "properties": []},
    {"id": "e15", "name": "organic food", "type": "CONCEPT", "timestamp": "NONE", "properties": []}
  ],
  "relations": [
    {"source": "e1", "target": "e2", "relation": "talked to", "timestamp": "NONE"},
    {"source": "e2", "target": "e3", "relation": "likes", "timestamp": "NONE"},
    {"source": "e2", "target": "e4", "relation": "compares to", "timestamp": "NONE"},
    {"source": "e2", "target": "e5", "relation": "likes", "timestamp": "NONE"},
    {"source": "e2", "target": "e6", "relation": "likes", "timestamp": "NONE"},
    {"source": "e2", "target": "e7", "relation": "plays on", "timestamp": "NONE"},
    {"source": "e2", "target": "e8", "relation": "plays with", "timestamp": "NONE"},
    {"source": "e2", "target": "e9", "relation": "has", "timestamp": "NONE"},
    {"source": "e2", "target": "e10", "relation": "killed", "timestamp": "NONE"},
    {"source": "e2", "target": "e11", "relation": "almost got", "timestamp": "NONE"},
    {"source": "e2", "target": "e13", "relation": "covered", "timestamp": "NONE"},
    {"source": "e2", "target": "e14", "relation": "could use", "timestamp": "NONE"},
    {"source": "e2", "target": "e15", "relation": "is", "timestamp": "NONE"},
    {"source": "e2", "target": "e15", "relation": "dislikes", "timestamp": "NONE"}
  ],
  "is_qna_pattern": true,
  "is_decision_tree": false,
  "is_entity_centric": false
}

2026-06-26 03:26:56,145 - WARNING - RETRYING #10 Dialogue 310, Session: 2. MSG: Expecting value: line 56 column 109 (char 6155)
 LLM Response: {
  "topics": ["beach time", "beach on Lake Michigan", "dogs at beach", "Mortal Kombat", "weather", "meet up", "adopt dog", "dog breed", "collies", "phone number", "move", "Cubs games"],
  "entities": [
    {"id": "e1", "name": "Speaker 1", "type": "PERSON", "timestamp": "NONE", "properties": ["likes beach", "has dogs"]},
    {"id": "e2", "name": "Speaker 2", "type": "PERSON", "timestamp": "NONE", "properties": ["likes Mortal Kombat", "has dog Simba"]},
    {"id": "e3", "name": "Simba", "type": "ANIMAL", "timestamp": "NONE", "properties": ["dog", "loves beach"]},
    {"id": "e4", "name": "Mr. Wiggles", "type": "ANIMAL", "timestamp": "NONE", "properties": ["dog", "playful"]},
    {"id": "e5", "name": "Bob", "type": "ANIMAL", "timestamp": "NONE", "properties": ["dog", "adopted"]},
    {"id": "e6", "name": "Bebop", "type": "ANIMAL", "timestamp": "NONE", "properties": ["dog", "adopted"]},
    {"id": "e7", "name": "Rocksteady", "type": "ANIMAL", "timestamp": "NONE", "properties": ["dog", "adopted"]},
    {"id": "e8", "name": "Collie", "type": "ANIMAL", "timestamp": "NONE", "properties": ["dog", "good for park"]},
    {"id": "e9", "name": "Elburn", "type": "LOCATION", "timestamp": "NONE", "properties": ["residence of dog breeder"]},
    {"id": "e10", "name": "Lake Michigan", "type": "LOCATION", "timestamp": "NONE", "properties": ["beach location"]},
    {"id": "e11", "name": "Cubs", "type": "ORGANIZATION", "timestamp": "NONE", "properties": ["sports team"]},
    {"id": "e12", "name": "German shepherd", "type": "ANIMAL", "timestamp": "NONE", "properties": ["dog breed"]},
    {"id": "e13", "name": "Mortal Kombat", "type": "ACTIVITY", "timestamp": "NONE", "properties": ["video game"]},
    {"id": "e14", "name": "video games", "type": "ACTIVITY", "timestamp": "NONE", "properties": ["enjoyed by Speaker 2"]},
    {"id": "e15", "name": "park", "type": "LOCATION", "timestamp": "NONE", "properties": ["place for fetch"]},
    {"id": "e16", "name": "house", "type": "LOCATION", "timestamp": "NONE", "properties": ["place to stay"]},
    {"id": "e17", "name": "Cubs games", "type": "EVENT", "timestamp": "NONE", "properties": ["sports event"]},
    {"id": "e18", "name": "move", "type": "EVENT", "timestamp": "NONE", "properties": ["recent event"]},
    {"id": "e19", "name": "rain", "type": "EVENT", "timestamp": "NONE", "properties": ["weather condition"]},
    {"id": "e20", "name": "chill weather", "type": "EVENT", "timestamp": "NONE", "properties": ["weather condition"]},
    {"id": "e21", "name": "sand", "type": "LOCATION", "timestamp": "NONE", "properties": ["beach feature"]},
    {"id": "e22", "name": "night", "type": "TIME", "timestamp": "NONE", "properties": ["time for dogs"]},
    {"id": "e23", "name": "litter", "type": "EVENT", "timestamp": "NONE", "properties": ["dog offspring"]},
    {"id": "e24", "name": "pup", "type": "ANIMAL", "timestamp": "NONE", "properties": ["young dog"]},
    {"id": "e25", "name": "lab", "type": "ANIMAL", "timestamp": "NONE", "properties": ["dog breed"]},
    {"id": "e26", "name": "attention", "type": "CONCEPT", "timestamp": "NONE", "properties": ["requirement for new dog"]},
    {"id": "e27", "name": "phone number", "type": "OBJECT", "timestamp": "NONE", "properties": ["contact information"]},
    {"id": "e28", "name": "Cubs games this season", "type": "EVENT", "timestamp": "NONE", "properties": ["sports event"]},
    {"id": "e29", "name": "new dog", "type": "CONCEPT", "timestamp": "NONE", "properties": ["intended pet"]},
    {"id": "e30", "name": "German shepherd", "type": "ANIMAL", "timestamp": "NONE", "properties": ["dog breed"]},
    {"id": "e31", "name": "lab", "type": "ANIMAL", "timestamp": "NONE", "properties": ["dog breed"]},
    {"id": "e32", "name": "collie", "type": "ANIMAL", "timestamp": "NONE", "properties": ["dog breed"]},
    {"id": "e33", "name": "German shepherd", "type": "ANIMAL", "timestamp": "NONE", "properties": ["dog breed"]},
    {"id": "e34", "name": "Cubs games", "type": "EVENT", "timestamp": "NONE", "properties": ["sports event"]},
    {"id": "e35", "name": "move", "type": "EVENT", "timestamp": "NONE", "properties": ["recent event"]},
    {"id": "e36", "name": "rain", "type": "EVENT", "timestamp": "NONE", "properties": ["weather condition"]},
    {"id": "e37", "name": "chill weather", "type": "EVENT", "timestamp": "NONE", "properties": ["weather condition"]},
    {"id": "e38", "name": "sand", "type": "LOCATION", "timestamp": "NONE", "properties": ["beach feature"]},
    {"id": "e39", "name": "night", "type": "TIME", "timestamp": "NONE", "properties": ["time for dogs"]},
    {"id": "e40", "name": "litter", "type": "EVENT", "timestamp": "NONE", "properties": ["dog offspring"]},
    {"id": "e41", "name": "pup", "type": "ANIMAL", "timestamp": "NONE", "properties": ["young dog"]},
    {"id": "e42", "name": "attention", "type": "CONCEPT", "timestamp": "NONE", "properties": ["requirement for new dog"]},
    {"id": "e43", "name": "phone number", "type": "OBJECT", "timestamp": "NONE", "properties": ["contact information"]},
    {"id": "e44", "name": "Cubs games this season", "type": "EVENT", "timestamp": "NONE", "properties": ["sports event"]},
    {"id": "e45", "name": "new dog", "type": "CONCEPT", "timestamp": "NONE", "properties": ["intended pet"]},
    {"id": "e46", "name": "German shepherd", "type": "ANIMAL", "timestamp": "NONE", "properties": ["dog breed"]},
    {"id": "e47", "name": "lab", "type": "ANIMAL", "timestamp": "NONE", "properties": ["dog breed"]},
    {"id": "e48", "name": "collie", "type": "ANIMAL", "timestamp": "NONE", "properties": ["dog breed"]},
    {"id": "e49", "name": "Cubs games", "type": "EVENT", "timestamp": "NONE", "properties": ["sports event"]},
    {"id": "e50", "name": "move", "type": "EVENT", "timestamp": "NONE", "properties": ["recent event"]},
    {"id": "e51", "name": "rain", "type": "EVENT", "timestamp": "NONE", "properties": ["weather condition"]},
    {"id": "e52", "name": "chill weather", "type": "EVENT", "timestamp": "NONE", "properties": ["weather condition"]},
    {"id": "e53", "name": "sand", "type": "LOCATION", "timestamp": "NONE", "properties": ["beach feature"]},

2026-06-26 03:31:35,457 - WARNING - RETRYING #1 Dialogue 314, Session: 1. MSG: Unterminated string starting at: line 48 column 27 (char 6812)
 LLM Response: {
  "topics": ["recommend vegas activities", "suggest shows on strip", "ask about magic shows", "mention chris angel", "ask about hotels with dog", "respond about pet accommodations", "ask about traffic in vegas", "prefer walking in vegas", "ask about hotel cost tradeoff", "question about skipping casinos", "acknowledge casino temptation", "suggest casino spins and club"],
  "entities": [
    {"id": "e1", "name": "Vegas", "type": "LOCATION", "timestamp": "NONE", "properties": ["city", "known for casinos", "has strip"]},
    {"id": "e2", "name": "Chris Angel", "type": "PERSON", "timestamp": "NONE", "properties": ["magician", "known for shows"]},
    {"id": "e3", "name": "Mr. Snuffles", "type": "OBJECT", "timestamp": "NONE", "properties": ["dog", "loves to see people"]},
    {"id": "e4", "name": "Student Loan", "type": "CONCEPT", "timestamp": "NONE", "properties": ["financial obligation", "mentioned in context of paying off"]},
    {"id": "e5", "name": "Casino", "type": "ACTIVITY", "timestamp": "NONE", "properties": ["gambling", "tempting to pass up"]},
    {"id": "e6", "name": "Club", "type": "ACTIVITY", "timestamp": "NONE", "properties": ["social gathering", "for finding partners"]},
    {"id": "e7", "name": "Hotel", "type": "OBJECT", "timestamp": "NONE", "properties": ["accommodation", "may offer pet services"]},
    {"id": "e8", "name": "Traffic", "type": "CONCEPT", "timestamp": "NONE", "properties": ["can get bad", "affect travel in vegas"]},
    {"id": "e9", "name": "Walking", "type": "ACTIVITY", "timestamp": "NONE", "properties": ["preferred mode of transport", "easier than renting car"]},
    {"id": "e10", "name": "Show", "type": "EVENT", "timestamp": "NONE", "properties": ["magical performance", "on the strip"]},
    {"id": "e11", "name": "Strip", "type": "LOCATION", "timestamp": "NONE", "properties": ["part of vegas", "has shows and hotels"]},
    {"id": "e12", "name": "Student", "type": "PERSON", "timestamp": "NONE", "properties": ["has student loan", "complains about it"]},
    {"id": "e13", "name": "Partner", "type": "CONCEPT", "timestamp": "NONE", "properties": ["social connection", "found at club"]},
    {"id": "e14", "name": "Dog", "type": "OBJECT", "timestamp": "NONE", "properties": ["pet", "allowed in some hotels"]},
    {"id": "e15", "name": "Money", "type": "CONCEPT", "timestamp": "NONE", "properties": ["used to pay off loan", "mentioned in context of casino wins"]},
    {"id": "e16", "name": "Travel", "type": "ACTIVITY", "timestamp": "NONE", "properties": ["involves visiting vegas", "includes hotel and shows"]},
    {"id": "e17", "name": "Pet Accommodations", "type": "CONCEPT", "timestamp": "NONE", "properties": ["available in some hotels", "for dogs"]},
    {"id": "e18", "name": "Transport", "type": "ACTIVITY", "timestamp": "NONE", "properties": ["involves walking or car", "affects travel in vegas"]},
    {"id": "e19", "name": "Convenience", "type": "CONCEPT", "timestamp": "NONE", "properties": ["benefit of walking", "worth the price of hotel"]},
    {"id": "e20", "name": "Financial Obligation", "type": "CONCEPT", "timestamp": "NONE", "properties": ["student loan", "mentioned in context of casino wins"]},
    {"id": "e21", "name": "Social Gathering", "type": "ACTIVITY", "timestamp": "NONE", "properties": ["club", "for finding partners"]},
    {"id": "e22", "name": "Gambling", "type": "ACTIVITY", "timestamp": "NONE", "properties": ["casino", "tempting to pass up"]},
    {"id": "e23", "name": "Walk", "type": "ACTIVITY", "timestamp": "NONE", "properties": ["preferred mode of transport", "easier than renting car"]},
    {"id": "e24", "name": "Hotel Center", "type": "LOCATION", "timestamp": "NONE", "properties": ["near the strip", "for convenience"]},
    {"id": "e25", "name": "Pet Services", "type": "CONCEPT", "timestamp": "NONE", "properties": ["available in some hotels", "for dogs"]},
    {"id": "e26", "name": "Travel Cost", "type": "CONCEPT", "timestamp": "NONE", "properties": ["involves hotel price", "tradeoff with convenience"]},
    {"id": "e27", "name": "Transportation", "type": "ACTIVITY", "timestamp": "NONE", "properties": ["involves walking or car", "affects travel in vegas"]},
    {"id": "e28", "name": "Accommodation", "type": "OBJECT", "timestamp": "NONE", "properties": ["hotel", "may offer pet services"]},
    {"id": "e29", "name": "Travel Planning", "type": "ACTIVITY", "timestamp": "NONE", "properties": ["involves researching hotels", "preparing for trip"]},
    {"id": "e30", "name": "Dog Ownership", "type": "CONCEPT", "timestamp": "NONE", "properties": ["pet", "allowed in some hotels"]},
    {"id": "e31", "name": "Travel Experience", "type": "CONCEPT", "timestamp": "NONE", "properties": ["involves visiting vegas", "includes hotel and shows"]},
    {"id": "e32", "name": "Travel Decision", "type": "CONCEPT", "timestamp": "NONE", "properties": ["involves choosing hotel and activities", "based on convenience and cost"]},
    {"id": "e33", "name": "Travel Preference", "type": "CONCEPT", "timestamp": "NONE", "properties": ["prefers walking", "easier than renting car"]},
    {"id": "e34", "name": "Travel Tradeoff", "type": "CONCEPT", "timestamp": "NONE", "properties": ["cost of hotel", "convenience of walking"]},
    {"id": "e35", "name": "Travel Convenience", "type": "CONCEPT", "timestamp": "NONE", "properties": ["benefit of walking", "worth the price of hotel"]},
    {"id": "e36", "name": "Travel Cost-Benefit", "type": "CONCEPT", "timestamp": "NONE", "properties": ["cost of hotel", "convenience of walking"]},
    {"id": "e37", "name": "Travel Planning", "type": "ACTIVITY", "timestamp": "NONE", "properties": ["involves researching hotels", "preparing for trip"]},
    {"id": "e38", "name": "Travel Experience", "type": "CONCEPT", "timestamp": "NONE", "properties": ["involves visiting vegas", "includes hotel and shows"]},
    {"id": "e39", "name": "Travel Decision", "type": "CONCEPT", "timestamp": "NONE", "properties": ["involves choosing hotel and activities", "based on convenience and cost"]},
    {"id": "e40", "name": "Travel Preference", "type": "CONCEPT", "timestamp": "NONE", "properties": ["prefers walking", "easier than renting car"]},
    {"id": "e41", "name": "Travel Tradeoff", "type": "CONCEPT", "timestamp": "NONE", "properties": ["cost of hotel", "convenience of walking"]},
    {"id": "e42", "name": "Travel Convenience", "type": "CONCEPT", "timestamp": "NONE", "properties": ["benefit of walking", "worth the price of hotel"]},
    {"id": "e43", "name": "Travel Cost-Benefit", "type": "CONCEPT", "timestamp": "NONE", "properties": ["cost of hotel", "convenience of walking"]},
    {"id": "e44", "name": "Travel Planning", "type": "ACTIVITY", "timestamp": "NONE", "properties": ["involves researching hotels", "preparing for trip"]},
    {"id": "e45", "name": "Travel Experience

2026-06-26 03:35:27,958 - WARNING - RETRYING #13 Dialogue 328, Session: 0. MSG: Expecting property name enclosed in double quotes: line 304 column 26 (char 6472)
 LLM Response: {
  "topics": ["greeting", "identity", "identity", "identity", "opinion", "family", "opinion", "identity", "opinion", "hope", "question", "music", "activity", "opinion", "opinion"],
  "entities": [
    {
      "id": "e1",
      "name": "Speaker 1",
      "type": "PERSON",
      "timestamp": "turn 0",
      "properties": ["student", "college"]
    },
    {
      "id": "e2",
      "name": "Speaker 2",
      "type": "PERSON",
      "timestamp": "turn 0",
      "properties": ["student", "living with parents"]
    },
    {
      "id": "e3",
      "name": "Speaker 1",
      "type": "PERSON",
      "timestamp": "turn 2",
      "properties": ["goes to death metal concerts"]
    },
    {
      "id": "e4",
      "name": "Speaker 2",
      "type": "PERSON",
      "timestamp": "turn 3",
      "properties": ["degree in music industry", "dream to play music"]
    },
    {
      "id": "e5",
      "name": "Speaker 1",
      "type": "PERSON",
      "timestamp": "turn 4",
      "properties": ["not decided on career"]
    },
    {
      "id": "e6",
      "name": "Speaker 2",
      "type": "PERSON",
      "timestamp": "turn 5",
      "properties": ["parents are creative", "encourage to be creative"]
    },
    {
      "id": "e7",
      "name": "Speaker 1",
      "type": "PERSON",
      "timestamp": "turn 6",
      "properties": ["spend time watching cartoons"]
    },
    {
      "id": "e8",
      "name": "Speaker 2",
      "type": "PERSON",
      "timestamp": "turn 7",
      "properties": ["father is head designer", "automotive industry"]
    },
    {
      "id": "e9",
      "name": "Speaker 1",
      "type": "PERSON",
      "timestamp": "turn 8",
      "properties": ["not fortunate"]
    },
    {
      "id": "e10",
      "name": "Speaker 2",
      "type": "PERSON",
      "timestamp": "turn 9",
      "properties": ["hope to reach passion", "make music for living"]
    },
    {
      "id": "e11",
      "name": "Speaker 1",
      "type": "PERSON",
      "timestamp": "turn 10",
      "properties": ["listen to all sorts of music", "rock music"]
    },
    {
      "id": "e12",
      "name": "Speaker 2",
      "type": "PERSON",
      "timestamp": "turn 12",
      "properties": ["helping family decorate", "halloween"]
    },
    {
      "id": "e13",
      "name": "Speaker 1",
      "type": "PERSON",
      "timestamp": "turn 13",
      "properties": ["enjoy halloween", "passing out candy", "costumes"]
    },
    {
      "id": "e14",
      "name": "Speaker 2",
      "type": "PERSON",
      "timestamp": "turn 14",
      "properties": ["enjoy halloween", "fun holiday"]
    },
    {
      "id": "e15",
      "name": "Speaker 1",
      "type": "PERSON",
      "timestamp": "turn 15",
      "properties": ["enjoy halloween", "fun holiday"]
    }
  ],
  "relations": [
    {
      "source": "e1",
      "target": "e2",
      "relation": "talks to",
      "timestamp": "turn 0"
    },
    {
      "source": "e2",
      "target": "e1",
      "relation": "talks to",
      "timestamp": "turn 0"
    },
    {
      "source": "e2",
      "target": "e1",
      "relation": "same as",
      "timestamp": "turn 0"
    },
    {
      "source": "e1",
      "target": "e2",
      "relation": "same as",
      "timestamp": "turn 0"
    },
    {
      "source": "e1",
      "target": "e2",
      "relation": "same as",
      "timestamp": "turn 2"
    },
    {
      "source": "e2",
      "target": "e1",
      "relation": "same as",
      "timestamp": "turn 2"
    },
    {
      "source": "e2",
      "target": "e1",
      "relation": "same as",
      "timestamp": "turn 3"
    },
    {
      "source": "e1",
      "target": "e2",
      "relation": "same as",
      "timestamp": "turn 3"
    },
    {
      "source": "e1",
      "target": "e2",
      "relation": "same as",
      "timestamp": "turn 4"
    },
    {
      "source": "e2",
      "target": "e1",
      "relation": "same as",
      "timestamp": "turn 4"
    },
    {
      "source": "e2",
      "target": "e1",
      "relation": "same as",
      "timestamp": "turn 5"
    },
    {
      "source": "e1",
      "target": "e2",
      "relation": "same as",
      "timestamp": "turn 5"
    },
    {
      "source": "e1",
      "target": "e2",
      "relation": "same as",
      "timestamp": "turn 6"
    },
    {
      "source": "e2",
      "target": "e1",
      "relation": "same as",
      "timestamp": "turn 6"
    },
    {
      "source": "e2",
      "target": "e1",
      "relation": "same as",
      "timestamp": "turn 7"
    },
    {
      "source": "e1",
      "target": "e2",
      "relation": "same as",
      "timestamp": "turn 7"
    },
    {
      "source": "e1",
      "target": "e2",
      "relation": "same as",
      "timestamp": "turn 8"
    },
    {
      "source": "e2",
      "target": "e1",
      "relation": "same as",
      "timestamp": "turn 8"
    },
    {
      "source": "e2",
      "target": "e1",
      "relation": "same as",
      "timestamp": "turn 9"
    },
    {
      "source": "e1",
      "target": "e2",
      "relation": "same as",
      "timestamp": "turn 9"
    },
    {
      "source": "e1",
      "target": "e2",
      "relation": "same as",
      "timestamp": "turn 10"
    },
    {
      "source": "e2",
      "target": "e1",
      "relation": "same as",
      "timestamp": "turn 10"
    },
    {
      "source": "e2",
      "target": "e1",
      "relation": "same as",
      "timestamp": "turn 11"
    },
    {
      "source": "e1",
      "target": "e2",
      "relation": "same as",
      "timestamp": "turn 11"
    },
    {
      "source": "e2",
      "target": "e1",
      "relation": "same as",
      "timestamp": "turn 12"
    },
    {
      "source": "e1",
      "target": "e2",
      "relation": "same as",
      "timestamp": "turn 12"
    },
    {
      "source": "e1",
      "target": "e2",
      "relation": "same as",
      "timestamp": "turn 13"
    },
    {
      "source": "e2",
      "target": "e1",
      "relation": "same as",
      "timestamp": "turn 13"
    },
    {
      "source": "e2",
      "target": "e1",
      "relation": "same as",
      "timestamp": "turn 14"
    },
    {
      "source": "e1",
      "target": "e2",
      "relation": "same as",
      "timestamp": "turn 14"
    },
    {
      "source": "e1",
      "target": "e2",
      "relation": "same as",
      "timestamp": "turn 15"
    },
    {
      "source": "e2",
      "target": "e1",
      "relation": "same as",
      "timestamp": "turn 15"
    }
  ],
  "is_qna_pattern": true,

2026-06-26 03:53:16,174 - WARNING - RETRYING #0 Dialogue 373, Session: 0. MSG: Unterminated string starting at: line 55 column 90 (char 6240)
 LLM Response: {
  "topics": ["tired walking friend kids", "kitchen developing recipes", "kids like walking exercise", "audition cooking show cooking", "recipe hungry will be there", "classes since kid", "hungry honda civic minutes", "favorite cuisine", "like walks food honda civic", "lol want walk home cheesecake", "like indian ethiopian mexican chinese", "where went wrong stuck american", "cook cheesecake", "best prepared guests arrive"],
  "entities": [
    {"id": "e1", "name": "Speaker 1", "type": "PERSON", "timestamp": "NONE", "properties": ["activity: walking", "role: parent"]},
    {"id": "e2", "name": "Speaker 2", "type": "PERSON", "timestamp": "NONE", "properties": ["activity: cooking", "role: parent"]},
    {"id": "e3", "name": "Friend", "type": "PERSON", "timestamp": "NONE", "properties": ["role: companion"]},
    {"id": "e4", "name": "Kids", "type": "OBJECT", "timestamp": "NONE", "properties": ["quantity: 3", "activity: walking"]},
    {"id": "e5", "name": "Cooking show", "type": "EVENT", "timestamp": "NONE", "properties": ["activity: auditioning"]},
    {"id": "e6", "name": "Kitchen", "type": "LOCATION", "timestamp": "NONE", "properties": ["activity: cooking"]},
    {"id": "e7", "name": "Honda civic", "type": "OBJECT", "timestamp": "NONE", "properties": ["activity: transportation"]},
    {"id": "e8", "name": "Cheesecake", "type": "OBJECT", "timestamp": "NONE", "properties": ["type: dessert"]},
    {"id": "e9", "name": "Indian cuisine", "type": "CONCEPT", "timestamp": "NONE", "properties": ["type: food"]},
    {"id": "e10", "name": "Ethiopian cuisine", "type": "CONCEPT", "timestamp": "NONE", "properties": ["type: food"]},
    {"id": "e11", "name": "Mexican cuisine", "type": "CONCEPT", "timestamp": "NONE", "properties": ["type: food"]},
    {"id": "e12", "name": "Chinese cuisine", "type": "CONCEPT", "timestamp": "NONE", "properties": ["type: food"]},
    {"id": "e13", "name": "American cuisine", "type": "CONCEPT", "timestamp": "NONE", "properties": ["type: food"]},
    {"id": "e14", "name": "Guests", "type": "OBJECT", "timestamp": "NONE", "properties": ["activity: arriving"]},
    {"id": "e15", "name": "Walking", "type": "ACTIVITY", "timestamp": "NONE", "properties": ["type: exercise"]},
    {"id": "e16", "name": "Recipe", "type": "OBJECT", "timestamp": "NONE", "properties": ["type: food"]},
    {"id": "e17", "name": "Food", "type": "CONCEPT", "timestamp": "NONE", "properties": ["type: meal"]},
    {"id": "e18", "name": "Dessert", "type": "CONCEPT", "timestamp": "NONE", "properties": ["type: food"]},
    {"id": "e19", "name": "Transportation", "type": "ACTIVITY", "timestamp": "NONE", "properties": ["type: movement"]},
    {"id": "e20", "name": "Exercise", "type": "ACTIVITY", "timestamp": "NONE", "properties": ["type: physical"]},
    {"id": "e21", "name": "Cooking", "type": "ACTIVITY", "timestamp": "NONE", "properties": ["type: food preparation"]},
    {"id": "e22", "name": "Audition", "type": "EVENT", "timestamp": "NONE", "properties": ["type: performance"]},
    {"id": "e23", "name": "Classes", "type": "ACTIVITY", "timestamp": "NONE", "properties": ["type: education"]},
    {"id": "e24", "name": "Children", "type": "OBJECT", "timestamp": "NONE", "properties": ["quantity: 3", "activity: walking"]},
    {"id": "e25", "name": "Home", "type": "LOCATION", "timestamp": "NONE", "properties": ["activity: walking"]},
    {"id": "e26", "name": "Dessert", "type": "CONCEPT", "timestamp": "NONE", "properties": ["type: food"]},
    {"id": "e27", "name": "Food preparation", "type": "ACTIVITY", "timestamp": "NONE", "properties": ["type: cooking"]},
    {"id": "e28", "name": "Performance", "type": "EVENT", "timestamp": "NONE", "properties": ["type: audition"]},
    {"id": "e29", "name": "Education", "type": "ACTIVITY", "timestamp": "NONE", "properties": ["type: learning"]},
    {"id": "e30", "name": "Movement", "type": "ACTIVITY", "timestamp": "NONE", "properties": ["type: transportation"]},
    {"id": "e31", "name": "Meal", "type": "CONCEPT", "timestamp": "NONE", "properties": ["type: food"]},
    {"id": "e32", "name": "Food", "type": "CONCEPT", "timestamp": "NONE", "properties": ["type: meal"]},
    {"id": "e33", "name": "Food", "type": "CONCEPT", "timestamp": "NONE", "properties": ["type: meal"]},
    {"id": "e34", "name": "Food", "type": "CONCEPT", "timestamp": "NONE", "properties": ["type: meal"]},
    {"id": "e35", "name": "Food", "type": "CONCEPT", "timestamp": "NONE", "properties": ["type: meal"]},
    {"id": "e36", "name": "Food", "type": "CONCEPT", "timestamp": "NONE", "properties": ["type: meal"]},
    {"id": "e37", "name": "Food", "type": "CONCEPT", "timestamp": "NONE", "properties": ["type: meal"]},
    {"id": "e38", "name": "Food", "type": "CONCEPT", "timestamp": "NONE", "properties": ["type: meal"]},
    {"id": "e39", "name": "Food", "type": "CONCEPT", "timestamp": "NONE", "properties": ["type: meal"]},
    {"id": "e40", "name": "Food", "type": "CONCEPT", "timestamp": "NONE", "properties": ["type: meal"]},
    {"id": "e41", "name": "Food", "type": "CONCEPT", "timestamp": "NONE", "properties": ["type: meal"]},
    {"id": "e42", "name": "Food", "type": "CONCEPT", "timestamp": "NONE", "properties": ["type: meal"]},
    {"id": "e43", "name": "Food", "type": "CONCEPT", "timestamp": "NONE", "properties": ["type: meal"]},
    {"id": "e44", "name": "Food", "type": "CONCEPT", "timestamp": "NONE", "properties": ["type: meal"]},
    {"id": "e45", "name": "Food", "type": "CONCEPT", "timestamp": "NONE", "properties": ["type: meal"]},
    {"id": "e46", "name": "Food", "type": "CONCEPT", "timestamp": "NONE", "properties": ["type: meal"]},
    {"id": "e47", "name": "Food", "type": "CONCEPT", "timestamp": "NONE", "properties": ["type: meal"]},
    {"id": "e48", "name": "Food", "type": "CONCEPT", "timestamp": "NONE", "properties": ["type: meal"]},
    {"id": "e49", "name": "Food", "type": "CONCEPT", "timestamp": "NONE", "properties": ["type: meal"]},
    {"id": "e50", "name": "Food", "type": "CONCEPT", "timestamp": "NONE", "properties": ["type: meal"]},
    {"id": "e51", "name": "Food", "type": "CONCEPT", "timestamp": "NONE", "properties": ["type: meal"]},
    {"id": "e52", "name": "Food", "type": "CONCEPT", "timestamp": "NONE", "properties": ["

2026-06-26 03:57:31,666 - WARNING - RETRYING #0 Dialogue 380, Session: 0. MSG: Expecting value: line 62 column 15 (char 6372)
 LLM Response: {
  "topics": ["greeting", "brother staying", "helping brother", "parents moved", "hurricane reason", "hurricane outcome", "dangerous situation", "cruise invitation", "law school", "dinner invitation", "cooking passion", "relaxing meal", "sports love", "new friend"],
  "entities": [
    {"id": "e1", "name": "Speaker 1", "type": "PERSON", "timestamp": "NONE", "properties": ["role", "conversation participant"]},
    {"id": "e2", "name": "Speaker 2", "type": "PERSON", "timestamp": "NONE", "properties": ["role", "conversation participant"]},
    {"id": "e3", "name": "Speaker 2's brother", "type": "PERSON", "timestamp": "NONE", "properties": ["relationship", "brother of Speaker 2"]},
    {"id": "e4", "name": "Speaker 2's parents", "type": "PERSON", "timestamp": "NONE", "properties": ["relationship", "parents of Speaker 2"]},
    {"id": "e5", "name": "Florida", "type": "LOCATION", "timestamp": "NONE", "properties": ["location", "where parents moved"]},
    {"id": "e6", "name": "Hurricane", "type": "EVENT", "timestamp": "NONE", "properties": ["event", "reason for brother staying"]},
    {"id": "e7", "name": "Cruise", "type": "ACTIVITY", "timestamp": "NONE", "properties": ["activity", "invitation"]},
    {"id": "e8", "name": "Law school", "type": "ACTIVITY", "timestamp": "NONE", "properties": ["activity", "Speaker 2's study"]},
    {"id": "e9", "name": "Dinner", "type": "ACTIVITY", "timestamp": "NONE", "properties": ["activity", "invitation"]},
    {"id": "e10", "name": "Cooking", "type": "ACTIVITY", "timestamp": "NONE", "properties": ["activity", "Speaker 2's passion"]},
    {"id": "e11", "name": "Sports", "type": "ACTIVITY", "timestamp": "NONE", "properties": ["activity", "Speaker 2's interest"]},
    {"id": "e12", "name": "Game", "type": "EVENT", "timestamp": "NONE", "properties": ["event", "mentioned in dinner invitation"]},
    {"id": "e13", "name": "Friend", "type": "CONCEPT", "timestamp": "NONE", "properties": ["concept", "new friend"]},
    {"id": "e14", "name": "New friends", "type": "CONCEPT", "timestamp": "NONE", "properties": ["concept", "Speaker 2's need"]},
    {"id": "e15", "name": "Speaker 1", "type": "PERSON", "timestamp": "NONE", "properties": ["role", "conversation participant"]},
    {"id": "e16", "name": "Speaker 2", "type": "PERSON", "timestamp": "NONE", "properties": ["role", "conversation participant"]},
    {"id": "e17", "name": "Speaker 2's brother", "type": "PERSON", "timestamp": "NONE", "properties": ["relationship", "brother of Speaker 2"]},
    {"id": "e18", "name": "Speaker 2's parents", "type": "PERSON", "timestamp": "NONE", "properties": ["relationship", "parents of Speaker 2"]},
    {"id": "e19", "name": "Florida", "type": "LOCATION", "timestamp": "NONE", "properties": ["location", "where parents moved"]},
    {"id": "e20", "name": "Hurricane", "type": "EVENT", "timestamp": "NONE", "properties": ["event", "reason for brother staying"]},
    {"id": "e21", "name": "Cruise", "type": "ACTIVITY", "timestamp": "NONE", "properties": ["activity", "invitation"]},
    {"id": "e22", "name": "Law school", "type": "ACTIVITY", "timestamp": "NONE", "properties": ["activity", "Speaker 2's study"]},
    {"id": "e23", "name": "Dinner", "type": "ACTIVITY", "timestamp": "NONE", "properties": ["activity", "invitation"]},
    {"id": "e24", "name": "Cooking", "type": "ACTIVITY", "timestamp": "NONE", "properties": ["activity", "Speaker 2's passion"]},
    {"id": "e25", "name": "Sports", "type": "ACTIVITY", "timestamp": "NONE", "properties": ["activity", "Speaker 2's interest"]},
    {"id": "e26", "name": "Game", "type": "EVENT", "timestamp": "NONE", "properties": ["event", "mentioned in dinner invitation"]},
    {"id": "e27", "name": "Friend", "type": "CONCEPT", "timestamp": "NONE", "properties": ["concept", "new friend"]},
    {"id": "e28", "name": "New friends", "type": "CONCEPT", "timestamp": "NONE", "properties": ["concept", "Speaker 2's need"]}
  ],
  "relations": [
    {"source": "e1", "target": "e2", "relation": "speaking to", "timestamp": "NONE"},
    {"source": "e2", "target": "e3", "relation": "has brother", "timestamp": "NONE"},
    {"source": "e2", "target": "e4", "relation": "has parents", "timestamp": "NONE"},
    {"source": "e4", "target": "e19", "relation": "moved to", "timestamp": "NONE"},
    {"source": "e3", "target": "e6", "relation": "stayed because of", "timestamp": "NONE"},
    {"source": "e2", "target": "e1", "relation": "speaking to", "timestamp": "NONE"},
    {"source": "e1", "target": "e2", "relation": "speaking to", "timestamp": "NONE"},
    {"source": "e2", "target": "e1", "relation": "speaking to", "timestamp": "NONE"},
    {"source": "e2", "target": "e1", "relation": "speaking to", "timestamp": "NONE"},
    {"source": "e2", "target": "e1", "relation": "speaking to", "timestamp": "NONE"},
    {"source": "e2", "target": "e1", "relation": "speaking to", "timestamp": "NONE"},
    {"source": "e2", "target": "e1", "relation": "speaking to", "timestamp": "NONE"},
    {"source": "e2", "target": "e1", "relation": "speaking to", "timestamp": "NONE"},
    {"source": "e2", "target": "e1", "relation": "speaking to", "timestamp": "NONE"},
    {"source": "e2", "target": "e1", "relation": "speaking to", "timestamp": "NONE"},
    {"source": "e2", "target": "e1", "relation": "speaking to", "timestamp": "NONE"},
    {"source": "e2", "target": "e1", "relation": "speaking to", "timestamp": "NONE"},
    {"source": "e2", "target": "e1", "relation": "speaking to", "timestamp": "NONE"},
    {"source": "e2", "target": "e1", "relation": "speaking to", "timestamp": "NONE"},
    {"source": "e2", "target": "e1", "relation": "speaking to", "timestamp": "NONE"},
    {"source": "e2", "target": "e1", "relation": "speaking to", "timestamp": "NONE"},
    {"source": "e2", "target": "e1", "relation": "speaking to", "timestamp": "NONE"},
    {"source": "e2", "target": "e1", "relation": "speaking to", "timestamp": "NONE"},
    {"source": "e2", "target": "e1", "relation": "speaking to", "timestamp": "NONE"},
    {"source": "e2", "target": "e1", "relation": "speaking to", "timestamp": "NONE"},
    {"source": "e2", "target": "e1", "relation": "speaking to", "timestamp": "NONE"},
    {"source": "e2", "target": "e1", "relation": "speaking to", "timestamp": "NONE"},
    {"source": "e2", "target": "e1", "relation": "speaking to", "timestamp": "NONE"},
    {"source":

2026-06-26 03:57:58,030 - WARNING - RETRYING #8 Dialogue 384, Session: 0. MSG: Expecting ',' delimiter: line 9 column 28 (char 278)
 LLM Response: {
  "topics": ["greeting", "adoption", "activity", "activity", "hobby", "hobby", "genre", "genre", "hobby", "food", "food", "food"],
  "entities": [
    {
      "id": "e1",
      "name": "Speaker 1",
      "type": "PERSON",
      "timestamp": "NONE",
      "properties": ["role": "speaker"]
    },
    {
      "id": "e2",
      "name": "Speaker 2",
      "type": "PERSON",
      "timestamp": "NONE",
      "properties": ["role": "speaker"]
    },
    {
      "id": "e3",
      "name": "dog",
      "type": "OBJECT",
      "timestamp": "NONE",
      "properties": ["type": "pet"]
    },
    {
      "id": "e4",
      "name": "violin",
      "type": "OBJECT",
      "timestamp": "NONE",
      "properties": ["type": "musical instrument"]
    },
    {
      "id": "e5",
      "name": "video games",
      "type": "ACTIVITY",
      "timestamp": "NONE",
      "properties": ["type": "entertainment"]
    },
    {
      "id": "e6",
      "name": "rpg",
      "type": "ACTIVITY",
      "timestamp": "NONE",
      "properties": ["type": "game genre"]
    },
    {
      "id": "e7",
      "name": "eating",
      "type": "ACTIVITY",
      "timestamp": "NONE",
      "properties": ["type": "eating"]
    },
    {
      "id": "e8",
      "name": "asian food",
      "type": "FOOD",
      "timestamp": "NONE",
      "properties": ["type": "cuisine"]
    },
    {
      "id": "e9",
      "name": "indian food",
      "type": "FOOD",
      "timestamp": "NONE",
      "properties": ["type": "cuisine"]
    }
  ],
  "relations": [
    {
      "source": "e1",
      "target": "e2",
      "relation": "speaks to",
      "timestamp": "NONE"
    },
    {
      "source": "e2",
      "target": "e1",
      "relation": "speaks to",
      "timestamp": "NONE"
    }
  ],
  "is_qna_pattern": true,
  "is_decision_tree": false,
  "is_entity_centric": false
}

2026-06-26 03:58:17,793 - ERROR - #8 Dialogue 384, Session: 0 data extraction failed. MSG: Expecting ',' delimiter: line 4 column 99 (char 247)
 LLM Response: {
  "topics": ["greeting", "adoption", "activity", "activity", "hobby", "hobby", "genre", "genre", "hobby", "food", "food", "food"],
  "entities": [
    {"id": "e1", "name": "Speaker 1", "type": "PERSON", "timestamp": "NONE", "properties": ["role": "speaker"]},
    {"id": "e2", "name": "Speaker 2", "type": "PERSON", "timestamp": "NONE", "properties": ["role": "speaker"]},
    {"id": "e3", "name": "dog", "type": "OBJECT", "timestamp": "NONE", "properties": ["type": "pet"]},
    {"id": "e4", "name": "violin", "type": "OBJECT", "timestamp": "NONE", "properties": ["type": "musical instrument"]},
    {"id": "e5", "name": "video games", "type": "ACTIVITY", "timestamp": "NONE", "properties": ["type": "entertainment"]},
    {"id": "e6", "name": "rpg", "type": "ACTIVITY", "timestamp": "NONE", "properties": ["type": "game genre"]},
    {"id": "e7", "name": "gaming", "type": "ACTIVITY", "timestamp": "NONE", "properties": ["type": "entertainment"]},
    {"id": "e8", "name": "asian food", "type": "CONCEPT", "timestamp": "NONE", "properties": ["type": "food"]},
    {"id": "e9", "name": "indian food", "type": "CONCEPT", "timestamp": "NONE", "properties": ["type": "food"]}
  ],
  "relations": [
    {"source": "e1", "target": "e3", "relation": "interested in", "timestamp": "NONE"},
    {"source": "e2", "target": "e4", "relation": "plays", "timestamp": "NONE"},
    {"source": "e2", "target": "e5", "relation": "plays", "timestamp": "NONE"},
    {"source": "e2", "target": "e6", "relation": "plays", "timestamp": "NONE"},
    {"source": "e2", "target": "e7", "relation": "enjoys", "timestamp": "NONE"},
    {"source": "e2", "target": "e8", "relation": "likes", "timestamp": "NONE"},
    {"source": "e2", "target": "e9", "relation": "likes", "timestamp": "NONE"}
  ],
  "is_qna_pattern": true,
  "is_decision_tree": false,
  "is_entity_centric": false
}

2026-06-26 04:01:59,013 - WARNING - RETRYING #10 Dialogue 393, Session: 0. MSG: Expecting value: line 55 column 26 (char 5978)
 LLM Response: {
  "topics": ["how it going", "have pet", "no pet", "have lizard", "does gila shed", "gila sheds", "allergies", "allergic plants", "normal child", "weird", "only child", "normal person", "drive", "big van", "give rides", "like candy"],
  "entities": [
    {"id": "e1", "name": "Speaker 1", "type": "PERSON", "timestamp": "NONE", "properties": ["allergies", "takes pills"]},
    {"id": "e2", "name": "Speaker 2", "type": "PERSON", "timestamp": "NONE", "properties": ["allergic to plants", "wishes to be normal"]},
    {"id": "e3", "name": "Gila", "type": "OBJECT", "timestamp": "NONE", "properties": ["lizard", "named gila"]},
    {"id": "e4", "name": "Creeper van", "type": "OBJECT", "timestamp": "NONE", "properties": ["big", "purple"]},
    {"id": "e5", "name": "Auto correct", "type": "CONCEPT", "timestamp": "NONE", "properties": ["nemesis"]},
    {"id": "e6", "name": "Candy", "type": "OBJECT", "timestamp": "NONE", "properties": ["liked by speaker 2"]},
    {"id": "e7", "name": "Normal", "type": "CONCEPT", "timestamp": "NONE", "properties": ["desired state"]},
    {"id": "e8", "name": "Child", "type": "CONCEPT", "timestamp": "NONE", "properties": ["only child"]},
    {"id": "e9", "name": "Driving", "type": "ACTIVITY", "timestamp": "NONE", "properties": ["hated by speaker 2"]},
    {"id": "e10", "name": "Riding", "type": "ACTIVITY", "timestamp": "NONE", "properties": ["offered by speaker 1"]},
    {"id": "e11", "name": "Shedding", "type": "CONCEPT", "timestamp": "NONE", "properties": ["freaky"]},
    {"id": "e12", "name": "Allergies", "type": "CONCEPT", "timestamp": "NONE", "properties": ["managed with pills"]},
    {"id": "e13", "name": "Lizard", "type": "OBJECT", "timestamp": "NONE", "properties": ["named gila"]},
    {"id": "e14", "name": "Van", "type": "OBJECT", "timestamp": "NONE", "properties": ["big", "purple"]},
    {"id": "e15", "name": "Candy", "type": "OBJECT", "timestamp": "NONE", "properties": ["liked by speaker 2"]},
    {"id": "e16", "name": "Normal", "type": "CONCEPT", "timestamp": "NONE", "properties": ["desired state"]},
    {"id": "e17", "name": "Child", "type": "CONCEPT", "timestamp": "NONE", "properties": ["only child"]},
    {"id": "e18", "name": "Driving", "type": "ACTIVITY", "timestamp": "NONE", "properties": ["hated by speaker 2"]},
    {"id": "e19", "name": "Riding", "type": "ACTIVITY", "timestamp": "NONE", "properties": ["offered by speaker 1"]},
    {"id": "e20", "name": "Shedding", "type": "CONCEPT", "timestamp": "NONE", "properties": ["freaky"]},
    {"id": "e21", "name": "Allergies", "type": "CONCEPT", "timestamp": "NONE", "properties": ["managed with pills"]},
    {"id": "e22", "name": "Lizard", "type": "OBJECT", "timestamp": "NONE", "properties": ["named gila"]},
    {"id": "e23", "name": "Van", "type": "OBJECT", "timestamp": "NONE", "properties": ["big", "purple"]},
    {"id": "e24", "name": "Candy", "type": "OBJECT", "timestamp": "NONE", "properties": ["liked by speaker 2"]},
    {"id": "e25", "name": "Normal", "type": "CONCEPT", "timestamp": "NONE", "properties": ["desired state"]},
    {"id": "e26", "name": "Child", "type": "CONCEPT", "timestamp": "NONE", "properties": ["only child"]},
    {"id": "e27", "name": "Driving", "type": "ACTIVITY", "timestamp": "NONE", "properties": ["hated by speaker 2"]},
    {"id": "e28", "name": "Riding", "type": "ACTIVITY", "timestamp": "NONE", "properties": ["offered by speaker 1"]},
    {"id": "e29", "name": "Shedding", "type": "CONCEPT", "timestamp": "NONE", "properties": ["freaky"]},
    {"id": "e30", "name": "Allergies", "type": "CONCEPT", "timestamp": "NONE", "properties": ["managed with pills"]},
    {"id": "e31", "name": "Lizard", "type": "OBJECT", "timestamp": "NONE", "properties": ["named gila"]},
    {"id": "e32", "name": "Van", "type": "OBJECT", "timestamp": "NONE", "properties": ["big", "purple"]},
    {"id": "e33", "name": "Candy", "type": "OBJECT", "timestamp": "NONE", "properties": ["liked by speaker 2"]},
    {"id": "e34", "name": "Normal", "type": "CONCEPT", "timestamp": "NONE", "properties": ["desired state"]},
    {"id": "e35", "name": "Child", "type": "CONCEPT", "timestamp": "NONE", "properties": ["only child"]},
    {"id": "e36", "name": "Driving", "type": "ACTIVITY", "timestamp": "NONE", "properties": ["hated by speaker 2"]},
    {"id": "e37", "name": "Riding", "type": "ACTIVITY", "timestamp": "NONE", "properties": ["offered by speaker 1"]},
    {"id": "e38", "name": "Shedding", "type": "CONCEPT", "timestamp": "NONE", "properties": ["freaky"]},
    {"id": "e39", "name": "Allergies", "type": "CONCEPT", "timestamp": "NONE", "properties": ["managed with pills"]},
    {"id": "e40", "name": "Lizard", "type": "OBJECT", "timestamp": "NONE", "properties": ["named gila"]},
    {"id": "e41", "name": "Van", "type": "OBJECT", "timestamp": "NONE", "properties": ["big", "purple"]},
    {"id": "e42", "name": "Candy", "type": "OBJECT", "timestamp": "NONE", "properties": ["liked by speaker 2"]},
    {"id": "e43", "name": "Normal", "type": "CONCEPT", "timestamp": "NONE", "properties": ["desired state"]},
    {"id": "e44", "name": "Child", "type": "CONCEPT", "timestamp": "NONE", "properties": ["only child"]},
    {"id": "e45", "name": "Driving", "type": "ACTIVITY", "timestamp": "NONE", "properties": ["hated by speaker 2"]},
    {"id": "e46", "name": "Riding", "type": "ACTIVITY", "timestamp": "NONE", "properties": ["offered by speaker 1"]},
    {"id": "e47", "name": "Shedding", "type": "CONCEPT", "timestamp": "NONE", "properties": ["freaky"]},
    {"id": "e48", "name": "Allergies", "type": "CONCEPT", "timestamp": "NONE", "properties": ["managed with pills"]},
    {"id": "e49", "name": "Lizard", "type": "OBJECT", "timestamp": "NONE", "properties": ["named gila"]},
    {"id": "e50", "name": "Van", "type": "OBJECT", "timestamp": "NONE", "properties": ["big", "purple"]},
    {"id": "e51", "name": "Candy", "type": "OBJECT", "timestamp": "NONE", "properties": ["liked by speaker 2"]},
    {"id": "e52", "name":

2026-06-26 04:02:23,647 - ERROR - #10 Dialogue 393, Session: 0 data extraction failed. MSG: Expecting ',' delimiter: line 4 column 99 (char 503)
 LLM Response: {
  "topics": ["Hows it going today?", "Do you have a pet?", "No, no I do not", "I have a lizard named gila", "Does gila shed?", "She does", "I have allergies", "Are you allergic to plants?", "I probably am", "Being a normal child", "You might be", "I meant to say only child", "I am talking to somebody normal", "Do you drive?", "I take it that you might be", "Only if you like candy!"],
  "entities": [
    {"id": "e1", "name": "Speaker 1", "type": "PERSON", "timestamp": "NONE", "properties": ["role": "speaker"]},
    {"id": "e2", "name": "Speaker 2", "type": "PERSON", "timestamp": "NONE", "properties": ["role": "speaker"]},
    {"id": "e3", "name": "Gila", "type": "OBJECT", "timestamp": "NONE", "properties": ["name": "Gila", "type": "lizard"]},
    {"id": "e4", "name": "Creeper van", "type": "OBJECT", "timestamp": "NONE", "properties": ["color": "purple", "type": "van"]},
    {"id": "e5", "name": "Allergies", "type": "CONCEPT", "timestamp": "NONE", "properties": ["condition": "allergies", "treatment": "pills"]},
    {"id": "e6", "name": "Plants", "type": "CONCEPT", "timestamp": "NONE", "properties": ["type": "plants"]},
    {"id": "e7", "name": "Auto correct", "type": "CONCEPT", "timestamp": "NONE", "properties": ["type": "feature", "description": "auto correct"]},
    {"id": "e8", "name": "Normal", "type": "CONCEPT", "timestamp": "NONE", "properties": ["type": "concept", "description": "normality"]},
    {"id": "e9", "name": "Driving", "type": "ACTIVITY", "timestamp": "NONE", "properties": ["type": "activity", "description": "driving"]}
  ],
  "relations": [
    {"source": "e1", "target": "e2", "relation": "talks to", "timestamp": "NONE"},
    {"source": "e2", "target": "e3", "relation": "has", "timestamp": "NONE"},
    {"source": "e2", "target": "e4", "relation": "drives", "timestamp": "NONE"},
    {"source": "e2", "target": "e5", "relation": "has", "timestamp": "NONE"},
    {"source": "e2", "target": "e6", "relation": "is allergic to", "timestamp": "NONE"},
    {"source": "e2", "target": "e7", "relation": "has", "timestamp": "NONE"},
    {"source": "e2", "target": "e8", "relation": "is", "timestamp": "NONE"},
    {"source": "e2", "target": "e9", "relation": "is", "timestamp": "NONE"}
  ],
  "is_qna_pattern": true,
  "is_decision_tree": false,
  "is_entity_centric": true
}

2026-06-26 04:18:48,515 - WARNING - RETRYING #0 Dialogue 17, Session: 3. MSG: Unterminated string starting at: line 55 column 12 (char 6681)
 LLM Response: {
  "topics": ["introduce friend", "why dislike lawyers", "divorce lawyer experience", "sorry about lawyers", "new girlfriend likes Aerosmith", "new girlfriend interests", "construction model job", "construction model collection", "construction model plans", "travel plans", "travel destinations", "travel recommendations"],
  "entities": [
    {"id": "e1", "name": "Speaker 1", "type": "PERSON", "timestamp": "NONE", "properties": ["role", "interest in dating"]},
    {"id": "e2", "name": "Speaker 2", "type": "PERSON", "timestamp": "NONE", "properties": ["role", "interest in Aerosmith", "ex-partner"]},
    {"id": "e3", "name": "Speaker 1's girlfriend", "type": "PERSON", "timestamp": "NONE", "properties": ["interest in Aerosmith", "potential dating partner"]},
    {"id": "e4", "name": "Lawyer", "type": "ORGANIZATION", "timestamp": "NONE", "properties": ["role in divorce", "terrible job"]},
    {"id": "e5", "name": "Speaker 1's parents", "type": "PERSON", "timestamp": "NONE", "properties": ["divorce", "responsible for divorce"]},
    {"id": "e6", "name": "Aerosmith", "type": "ACTIVITY", "timestamp": "NONE", "properties": ["concert interest"]},
    {"id": "e7", "name": "Construction model job", "type": "ACTIVITY", "timestamp": "NONE", "properties": ["job description", "models built"]},
    {"id": "e8", "name": "1:1000 scale models", "type": "OBJECT", "timestamp": "NONE", "properties": ["scale", "skyscrapers", "apartment buildings"]},
    {"id": "e9", "name": "Milwaukee", "type": "LOCATION", "timestamp": "NONE", "properties": ["location of models"]},
    {"id": "e10", "name": "West coast", "type": "LOCATION", "timestamp": "NONE", "properties": ["travel interest"]},
    {"id": "e11", "name": "Pacific northwest", "type": "LOCATION", "timestamp": "NONE", "properties": ["travel interest"]},
    {"id": "e12", "name": "California", "type": "LOCATION", "timestamp": "NONE", "properties": ["travel interest", "ocean", "mountains", "desert", "forests"]},
    {"id": "e13", "name": "Sequoia National Park", "type": "LOCATION", "timestamp": "NONE", "properties": ["travel recommendation"]},
    {"id": "e14", "name": "Yosemite", "type": "LOCATION", "timestamp": "NONE", "properties": ["travel recommendation"]},
    {"id": "e15", "name": "Redwoods", "type": "LOCATION", "timestamp": "NONE", "properties": ["travel recommendation"]},
    {"id": "e16", "name": "Mini-retirement", "type": "ACTIVITY", "timestamp": "NONE", "properties": ["plan to quit job"]},
    {"id": "e17", "name": "Travel the world", "type": "ACTIVITY", "timestamp": "NONE", "properties": ["plan to travel"]},
    {"id": "e18", "name": "Backpacking", "type": "ACTIVITY", "timestamp": "NONE", "properties": ["travel method"]},
    {"id": "e19", "name": "Construction model", "type": "OBJECT", "timestamp": "NONE", "properties": ["job description"]},
    {"id": "e20", "name": "Architects", "type": "ORGANIZATION", "timestamp": "NONE", "properties": ["review models"]},
    {"id": "e21", "name": "Family home", "type": "OBJECT", "timestamp": "NONE", "properties": ["lost in divorce"]},
    {"id": "e22", "name": "Mother", "type": "PERSON", "timestamp": "NONE", "properties": ["responsible for divorce", "no contact"]},
    {"id": "e23", "name": "Father", "type": "PERSON", "timestamp": "NONE", "properties": ["represented by lawyer", "lost family home"]},
    {"id": "e24", "name": "Divorce", "type": "EVENT", "timestamp": "NONE", "properties": ["cause of lawyer's bad job"]},
    {"id": "e25", "name": "Concert", "type": "EVENT", "timestamp": "NONE", "properties": ["interest in Aerosmith"]},
    {"id": "e26", "name": "Dating", "type": "ACTIVITY", "timestamp": "NONE", "properties": ["interest in new girlfriend"]},
    {"id": "e27", "name": "Relationship", "type": "CONCEPT", "timestamp": "NONE", "properties": ["serious relationship"]},
    {"id": "e28", "name": "Travel", "type": "ACTIVITY", "timestamp": "NONE", "properties": ["plan to travel"]},
    {"id": "e29", "name": "Camping", "type": "ACTIVITY", "timestamp": "NONE", "properties": ["past activity"]},
    {"id": "e30", "name": "Mountains", "type": "LOCATION", "timestamp": "NONE", "properties": ["travel interest"]},
    {"id": "e31", "name": "Ocean", "type": "LOCATION", "timestamp": "NONE", "properties": ["travel interest"]},
    {"id": "e32", "name": "Desert", "type": "LOCATION", "timestamp": "NONE", "properties": ["travel interest"]},
    {"id": "e33", "name": "Forests", "type": "LOCATION", "timestamp": "NONE", "properties": ["travel interest"]},
    {"id": "e34", "name": "Redwoods", "type": "LOCATION", "timestamp": "NONE", "properties": ["travel recommendation"]},
    {"id": "e35", "name": "Sequoia National Park", "type": "LOCATION", "timestamp": "NONE", "properties": ["travel recommendation"]},
    {"id": "e36", "name": "Yosemite", "type": "LOCATION", "timestamp": "NONE", "properties": ["travel recommendation"]},
    {"id": "e37", "name": "Aerosmith", "type": "ACTIVITY", "timestamp": "NONE", "properties": ["concert interest"]},
    {"id": "e38", "name": "Construction model", "type": "OBJECT", "timestamp": "NONE", "properties": ["job description"]},
    {"id": "e39", "name": "Architects", "type": "ORGANIZATION", "timestamp": "NONE", "properties": ["review models"]},
    {"id": "e40", "name": "Family home", "type": "OBJECT", "timestamp": "NONE", "properties": ["lost in divorce"]},
    {"id": "e41", "name": "Mother", "type": "PERSON", "timestamp": "NONE", "properties": ["responsible for divorce", "no contact"]},
    {"id": "e42", "name": "Father", "type": "PERSON", "timestamp": "NONE", "properties": ["represented by lawyer", "lost family home"]},
    {"id": "e43", "name": "Divorce", "type": "EVENT", "timestamp": "NONE", "properties": ["cause of lawyer's bad job"]},
    {"id": "e44", "name": "Concert", "type": "EVENT", "timestamp": "NONE", "properties": ["interest in Aerosmith"]},
    {"id": "e45", "name": "Dating", "type": "ACTIVITY", "timestamp": "NONE", "properties": ["interest in new girlfriend"]},
    {"id": "e46", "name": "Relationship", "type": "CONCEPT", "timestamp": "NONE", "properties": ["serious relationship"]},
    {"id": "e47", "name": "Travel", "type": "ACTIVITY", "timestamp": "NONE", "properties": ["plan to travel"]},
    {"id": "e48", "name": "Camping", "type": "ACTIVITY", "timestamp": "NONE", "properties": ["past activity"]},
    {"id": "e49", "name": "Mountains", "type": "LOCATION", "timestamp": "NONE", "properties": ["travel interest"]},
    {"id": "e50", "name": "Ocean", "type": "LOCATION", "timestamp": "NONE", "properties": ["travel interest"]},
    {"id": "e51", "name": "Desert", "type": "LOCATION", "timestamp": "NONE", "properties": ["travel interest"]},
    {"id": "e

2026-06-26 04:19:53,387 - ERROR - #0 Dialogue 17, Session: 3 data extraction failed. MSG: Unterminated string starting at: line 48 column 111 (char 6509)
 LLM Response: {
  "topics": ["introduce friend", "why don't you like lawyers", "lawyer did bad job", "do you know if new girlfriend likes Aerosmith", "hope she does", "what was construction model like", "interesting job", "do you do that full time", "planning to switch industries", "where would you like to go", "backpack across US", "love west coast"],
  "entities": [
    {"id": "e1", "name": "Speaker 1", "type": "PERSON", "timestamp": "NONE", "properties": ["role", "interest in dating"]},
    {"id": "e2", "name": "Speaker 2", "type": "PERSON", "timestamp": "NONE", "properties": ["role", "interest in Aerosmith"]},
    {"id": "e3", "name": "Speaker 1's girlfriend", "type": "PERSON", "timestamp": "NONE", "properties": ["interest in Aerosmith", "concerned about ex-partner"]},
    {"id": "e4", "name": "Speaker 1's mother", "type": "PERSON", "timestamp": "NONE", "properties": ["responsible for divorce", "no contact"]},
    {"id": "e5", "name": "Speaker 1's father", "type": "PERSON", "timestamp": "NONE", "properties": ["lost family home", "represented by bad lawyer"]},
    {"id": "e6", "name": "Aerosmith", "type": "CONCEPT", "timestamp": "NONE", "properties": ["music band"]},
    {"id": "e7", "name": "Construction model", "type": "ACTIVITY", "timestamp": "NONE", "properties": ["job", "models of skyscrapers"]},
    {"id": "e8", "name": "Milwaukee", "type": "LOCATION", "timestamp": "NONE", "properties": ["city", "buildings by speaker 1"]},
    {"id": "e9", "name": "Sequoia National Park", "type": "LOCATION", "timestamp": "NONE", "properties": ["national park", "visited by speaker 2"]},
    {"id": "e10", "name": "Yosemite", "type": "LOCATION", "timestamp": "NONE", "properties": ["national park", "visited by speaker 2"]},
    {"id": "e11", "name": "Redwoods", "type": "LOCATION", "timestamp": "NONE", "properties": ["forest", "visited by speaker 2"]},
    {"id": "e12", "name": "West coast", "type": "LOCATION", "timestamp": "NONE", "properties": ["region", "speaker 1's interest"]},
    {"id": "e13", "name": "Pacific northwest", "type": "LOCATION", "timestamp": "NONE", "properties": ["region", "speaker 1's interest"]},
    {"id": "e14", "name": "California", "type": "LOCATION", "timestamp": "NONE", "properties": ["state", "speaker 2's interest"]},
    {"id": "e15", "name": "Speaker 2", "type": "PERSON", "timestamp": "NONE", "properties": ["role", "interest in travel"]},
    {"id": "e16", "name": "Mini-retirement", "type": "CONCEPT", "timestamp": "NONE", "properties": ["plan", "travel the world"]},
    {"id": "e17", "name": "Speaker 1's job", "type": "ACTIVITY", "timestamp": "NONE", "properties": ["construction model", "1:1000 scale models"]},
    {"id": "e18", "name": "Architects", "type": "ORGANIZATION", "timestamp": "NONE", "properties": ["profession", "reviewed models"]},
    {"id": "e19", "name": "Family home", "type": "OBJECT", "timestamp": "NONE", "properties": ["property", "lost by speaker 1's father"]},
    {"id": "e20", "name": "Divorce", "type": "EVENT", "timestamp": "NONE", "properties": ["event", "caused by speaker 1's mother"]},
    {"id": "e21", "name": "Concert", "type": "EVENT", "timestamp": "NONE", "properties": ["event", "speaker 1's girlfriend interested"]},
    {"id": "e22", "name": "Travel", "type": "ACTIVITY", "timestamp": "NONE", "properties": ["activity", "speaker 1's plan"]},
    {"id": "e23", "name": "Backpacking", "type": "ACTIVITY", "timestamp": "NONE", "properties": ["activity", "speaker 1's plan"]},
    {"id": "e24", "name": "Ocean", "type": "LOCATION", "timestamp": "NONE", "properties": ["natural feature", "speaker 2's interest"]},
    {"id": "e25", "name": "Mountains", "type": "LOCATION", "timestamp": "NONE", "properties": ["natural feature", "speaker 2's interest"]},
    {"id": "e26", "name": "Desert", "type": "LOCATION", "timestamp": "NONE", "properties": ["natural feature", "speaker 2's interest"]},
    {"id": "e27", "name": "Forests", "type": "LOCATION", "timestamp": "NONE", "properties": ["natural feature", "speaker 2's interest"]},
    {"id": "e28", "name": "Camping", "type": "ACTIVITY", "timestamp": "NONE", "properties": ["activity", "speaker 2's past activity"]},
    {"id": "e29", "name": "Speaker 1's new girlfriend", "type": "PERSON", "timestamp": "NONE", "properties": ["interest in Aerosmith", "concerned about ex-partner"]},
    {"id": "e30", "name": "Speaker 1's ex-partner", "type": "PERSON", "timestamp": "NONE", "properties": ["ex-partner", "speaker 1's concern"]},
    {"id": "e31", "name": "Speaker 1's father", "type": "PERSON", "timestamp": "NONE", "properties": ["lost family home", "represented by bad lawyer"]},
    {"id": "e32", "name": "Speaker 1's mother", "type": "PERSON", "timestamp": "NONE", "properties": ["responsible for divorce", "no contact"]},
    {"id": "e33", "name": "Speaker 1's job", "type": "ACTIVITY", "timestamp": "NONE", "properties": ["construction model", "1:1000 scale models"]},
    {"id": "e34", "name": "Architects", "type": "ORGANIZATION", "timestamp": "NONE", "properties": ["profession", "reviewed models"]},
    {"id": "e35", "name": "Family home", "type": "OBJECT", "timestamp": "NONE", "properties": ["property", "lost by speaker 1's father"]},
    {"id": "e36", "name": "Divorce", "type": "EVENT", "timestamp": "NONE", "properties": ["event", "caused by speaker 1's mother"]},
    {"id": "e37", "name": "Concert", "type": "EVENT", "timestamp": "NONE", "properties": ["event", "speaker 1's girlfriend interested"]},
    {"id": "e38", "name": "Travel", "type": "ACTIVITY", "timestamp": "NONE", "properties": ["activity", "speaker 1's plan"]},
    {"id": "e39", "name": "Backpacking", "type": "ACTIVITY", "timestamp": "NONE", "properties": ["activity", "speaker 1's plan"]},
    {"id": "e40", "name": "Ocean", "type": "LOCATION", "timestamp": "NONE", "properties": ["natural feature", "speaker 2's interest"]},
    {"id": "e41", "name": "Mountains", "type": "LOCATION", "timestamp": "NONE", "properties": ["natural feature", "speaker 2's interest"]},
    {"id": "e42", "name": "Desert", "type": "LOCATION", "timestamp": "NONE", "properties": ["natural feature", "speaker 2's interest"]},
    {"id": "e43", "name": "Forests", "type": "LOCATION", "timestamp": "NONE", "properties": ["natural feature", "speaker 2's interest"]},
    {"id": "e44", "name": "Camping", "type": "ACTIVITY", "timestamp": "NONE", "properties": ["activity", "speaker 2's past activity"]},
    {"id": "e45", "name": "Speaker 1's new girlfriend", "type": "PERSON", "timestamp": "NONE", "properties": ["interest in

2026-06-26 04:42:15,049 - WARNING - RETRYING #6 Dialogue 65, Session: 1. MSG: Unterminated string starting at: line 51 column 19 (char 6632)
 LLM Response: {
  "topics": ["school or studying", "studying on own", "area of programming", "swift programming", "python and data science", "sports background", "staying in india", "mother's concern", "hawaii idea", "weather in hawaii", "swimming practice", "snow experience"],
  "entities": [
    {"id": "e1", "name": "Speaker 1", "type": "PERSON", "timestamp": "NONE", "properties": ["interest in programming", "concentrating on swift"]},
    {"id": "e2", "name": "Speaker 2", "type": "PERSON", "timestamp": "NONE", "properties": ["interest in python", "aspiring data scientist"]},
    {"id": "e3", "name": "Speaker 1's mother", "type": "PERSON", "timestamp": "NONE", "properties": ["desire for speaker 1 to stay in india", "afraid of discrimination"]},
    {"id": "e4", "name": "Hawaii", "type": "LOCATION", "timestamp": "NONE", "properties": ["warm climate", "no snow", "different demographics"]},
    {"id": "e5", "name": "Snow", "type": "CONCEPT", "timestamp": "NONE", "properties": ["not liked by speaker 1"]},
    {"id": "e6", "name": "Swimming", "type": "ACTIVITY", "timestamp": "NONE", "properties": ["practice in open water", "used to pool swimming"]},
    {"id": "e7", "name": "Formal education", "type": "CONCEPT", "timestamp": "NONE", "properties": ["considered by speaker 1"]},
    {"id": "e8", "name": "Data science", "type": "CONCEPT", "timestamp": "NONE", "properties": ["aspirational field for speaker 2"]},
    {"id": "e9", "name": "Programming", "type": "CONCEPT", "timestamp": "NONE", "properties": ["swift and python are programming languages"]},
    {"id": "e10", "name": "Freelance work", "type": "CONCEPT", "timestamp": "NONE", "properties": ["preferred career path for speaker 2"]},
    {"id": "e11", "name": "Sports", "type": "CONCEPT", "timestamp": "NONE", "properties": ["background of speaker 2"]},
    {"id": "e12", "name": "India", "type": "LOCATION", "timestamp": "NONE", "properties": ["speaker 1's home country"]},
    {"id": "e13", "name": "Volcanoes", "type": "LOCATION", "timestamp": "NONE", "properties": ["not near snow in hawaii"]},
    {"id": "e14", "name": "Foreigner", "type": "CONCEPT", "timestamp": "NONE", "properties": ["afraid of discrimination as a foreigner"]},
    {"id": "e15", "name": "Discrimination", "type": "CONCEPT", "timestamp": "NONE", "properties": ["fear of discrimination in america"]},
    {"id": "e16", "name": "University", "type": "CONCEPT", "timestamp": "NONE", "properties": ["not a priority for speaker 2"]},
    {"id": "e17", "name": "Sports company", "type": "CONCEPT", "timestamp": "NONE", "properties": ["target industry for speaker 2"]},
    {"id": "e18", "name": "Entertainment company", "type": "CONCEPT", "timestamp": "NONE", "properties": ["target industry for speaker 2"]},
    {"id": "e19", "name": "Programming language", "type": "CONCEPT", "timestamp": "NONE", "properties": ["swift and python are programming languages"]},
    {"id": "e20", "name": "Open water swimming", "type": "ACTIVITY", "timestamp": "NONE", "properties": ["practice in hawaii"]},
    {"id": "e21", "name": "Pool swimming", "type": "ACTIVITY", "timestamp": "NONE", "properties": ["used to by speaker 1"]},
    {"id": "e22", "name": "Freelance", "type": "CONCEPT", "timestamp": "NONE", "properties": ["preferred career path for speaker 2"]},
    {"id": "e23", "name": "Formal education", "type": "CONCEPT", "timestamp": "NONE", "properties": ["considered by speaker 1"]},
    {"id": "e24", "name": "Data scientist", "type": "CONCEPT", "timestamp": "NONE", "properties": ["aspirational role for speaker 2"]},
    {"id": "e25", "name": "Sports background", "type": "CONCEPT", "timestamp": "NONE", "properties": ["background of speaker 2"]},
    {"id": "e26", "name": "India", "type": "LOCATION", "timestamp": "NONE", "properties": ["speaker 1's home country"]},
    {"id": "e27", "name": "Hawaii", "type": "LOCATION", "timestamp": "NONE", "properties": ["warm climate", "no snow", "different demographics"]},
    {"id": "e28", "name": "Snow", "type": "CONCEPT", "timestamp": "NONE", "properties": ["not liked by speaker 1"]},
    {"id": "e29", "name": "Swimming", "type": "ACTIVITY", "timestamp": "NONE", "properties": ["practice in open water", "used to pool swimming"]},
    {"id": "e30", "name": "Volcanoes", "type": "LOCATION", "timestamp": "NONE", "properties": ["not near snow in hawaii"]},
    {"id": "e31", "name": "Foreigner", "type": "CONCEPT", "timestamp": "NONE", "properties": ["afraid of discrimination as a foreigner"]},
    {"id": "e32", "name": "Discrimination", "type": "CONCEPT", "timestamp": "NONE", "properties": ["fear of discrimination in america"]},
    {"id": "e33", "name": "University", "type": "CONCEPT", "timestamp": "NONE", "properties": ["not a priority for speaker 2"]},
    {"id": "e34", "name": "Sports company", "type": "CONCEPT", "timestamp": "NONE", "properties": ["target industry for speaker 2"]},
    {"id": "e35", "name": "Entertainment company", "type": "CONCEPT", "timestamp": "NONE", "properties": ["target industry for speaker 2"]},
    {"id": "e36", "name": "Programming language", "type": "CONCEPT", "timestamp": "NONE", "properties": ["swift and python are programming languages"]},
    {"id": "e37", "name": "Open water swimming", "type": "ACTIVITY", "timestamp": "NONE", "properties": ["practice in hawaii"]},
    {"id": "e38", "name": "Pool swimming", "type": "ACTIVITY", "timestamp": "NONE", "properties": ["used to by speaker 1"]},
    {"id": "e39", "name": "Freelance", "type": "CONCEPT", "timestamp": "NONE", "properties": ["preferred career path for speaker 2"]},
    {"id": "e40", "name": "Formal education", "type": "CONCEPT", "timestamp": "NONE", "properties": ["considered by speaker 1"]},
    {"id": "e41", "name": "Data scientist", "type": "CONCEPT", "timestamp": "NONE", "properties": ["aspirational role for speaker 2"]},
    {"id": "e42", "name": "Sports background", "type": "CONCEPT", "timestamp": "NONE", "properties": ["background of speaker 2"]},
    {"id": "e43", "name": "India", "type": "LOCATION", "timestamp": "NONE", "properties": ["speaker 1's home country"]},
    {"id": "e44", "name": "Hawaii", "type": "LOCATION", "timestamp": "NONE", "properties": ["warm climate", "no snow", "different demographics"]},
    {"id": "e45", "name": "Snow", "type": "CONCEPT", "timestamp": "NONE", "properties": ["not liked by speaker 1"]},
    {"id": "e46", "name": "Swimming", "type": "ACTIVITY", "timestamp": "NONE", "properties": ["practice in open water", "used to pool swimming"]},
    {"id": "e47", "name": "Volcanoes", "type": "LOCATION", "timestamp": "NONE", "properties": ["not near snow in hawaii"]},
    {"id": "e48", "name

2026-06-26 04:42:30,222 - WARNING - RETRYING #10 Dialogue 66, Session: 0. MSG: Unterminated string starting at: line 305 column 7 (char 6328)
 LLM Response: {
  "topics": ["apartment", "move", "blonde", "photography", "bar", "college", "teach", "teach", "girlfriend", "band", "history", "piano", "languages", "spanish", "red", "silver"],
  "entities": [
    {
      "id": "e1",
      "name": "Speaker 1",
      "type": "PERSON",
      "timestamp": "turn 0",
      "properties": ["apartment", "best friend"]
    },
    {
      "id": "e2",
      "name": "Speaker 2",
      "type": "PERSON",
      "timestamp": "turn 0",
      "properties": ["boyfriend", "new apartment", "next tuesday"]
    },
    {
      "id": "e3",
      "name": "Speaker 1",
      "type": "PERSON",
      "timestamp": "turn 2",
      "properties": ["blonde", "blue eyes"]
    },
    {
      "id": "e4",
      "name": "Speaker 2",
      "type": "PERSON",
      "timestamp": "turn 3",
      "properties": ["photography", "side business"]
    },
    {
      "id": "e5",
      "name": "Speaker 1",
      "type": "PERSON",
      "timestamp": "turn 4",
      "properties": ["bar", "college"]
    },
    {
      "id": "e6",
      "name": "Speaker 2",
      "type": "PERSON",
      "timestamp": "turn 5",
      "properties": ["teach", "fourth graders", "drink"]
    },
    {
      "id": "e7",
      "name": "Speaker 1",
      "type": "PERSON",
      "timestamp": "turn 6",
      "properties": ["teach", "fourth graders"]
    },
    {
      "id": "e8",
      "name": "Speaker 2",
      "type": "PERSON",
      "timestamp": "turn 7",
      "properties": ["boyfriend", "matchmaker"]
    },
    {
      "id": "e9",
      "name": "Speaker 1",
      "type": "PERSON",
      "timestamp": "turn 8",
      "properties": ["band", "teach"]
    },
    {
      "id": "e10",
      "name": "Speaker 2",
      "type": "PERSON",
      "timestamp": "turn 9",
      "properties": ["teach", "history"]
    },
    {
      "id": "e11",
      "name": "Speaker 1",
      "type": "PERSON",
      "timestamp": "turn 10",
      "properties": ["teach", "piano", "vocals"]
    },
    {
      "id": "e12",
      "name": "Speaker 2",
      "type": "PERSON",
      "timestamp": "turn 11",
      "properties": ["languages"]
    },
    {
      "id": "e13",
      "name": "Speaker 1",
      "type": "PERSON",
      "timestamp": "turn 12",
      "properties": ["spanish", "english"]
    },
    {
      "id": "e14",
      "name": "Speaker 2",
      "type": "PERSON",
      "timestamp": "turn 13",
      "properties": ["spanish", "english", "french"]
    },
    {
      "id": "e15",
      "name": "Speaker 1",
      "type": "PERSON",
      "timestamp": "turn 14",
      "properties": ["silver", "chrome"]
    },
    {
      "id": "e16",
      "name": "Speaker 2",
      "type": "PERSON",
      "timestamp": "turn 15",
      "properties": ["red", "muted tones"]
    }
  ],
  "relations": [
    {
      "source": "e1",
      "target": "e2",
      "relation": "apartment",
      "timestamp": "turn 0"
    },
    {
      "source": "e2",
      "target": "e1",
      "relation": "move",
      "timestamp": "turn 1"
    },
    {
      "source": "e3",
      "target": "e1",
      "relation": "blonde",
      "timestamp": "turn 2"
    },
    {
      "source": "e3",
      "target": "e1",
      "relation": "blue eyes",
      "timestamp": "turn 2"
    },
    {
      "source": "e4",
      "target": "e1",
      "relation": "photography",
      "timestamp": "turn 3"
    },
    {
      "source": "e4",
      "target": "e1",
      "relation": "side business",
      "timestamp": "turn 3"
    },
    {
      "source": "e5",
      "target": "e1",
      "relation": "bar",
      "timestamp": "turn 4"
    },
    {
      "source": "e5",
      "target": "e1",
      "relation": "college",
      "timestamp": "turn 4"
    },
    {
      "source": "e6",
      "target": "e1",
      "relation": "teach",
      "timestamp": "turn 5"
    },
    {
      "source": "e6",
      "target": "e1",
      "relation": "fourth graders",
      "timestamp": "turn 5"
    },
    {
      "source": "e6",
      "target": "e1",
      "relation": "drink",
      "timestamp": "turn 5"
    },
    {
      "source": "e7",
      "target": "e1",
      "relation": "teach",
      "timestamp": "turn 6"
    },
    {
      "source": "e7",
      "target": "e1",
      "relation": "fourth graders",
      "timestamp": "turn 6"
    },
    {
      "source": "e8",
      "target": "e1",
      "relation": "boyfriend",
      "timestamp": "turn 7"
    },
    {
      "source": "e8",
      "target": "e1",
      "relation": "matchmaker",
      "timestamp": "turn 7"
    },
    {
      "source": "e9",
      "target": "e1",
      "relation": "band",
      "timestamp": "turn 8"
    },
    {
      "source": "e9",
      "target": "e1",
      "relation": "teach",
      "timestamp": "turn 8"
    },
    {
      "source": "e10",
      "target": "e1",
      "relation": "teach",
      "timestamp": "turn 9"
    },
    {
      "source": "e10",
      "target": "e1",
      "relation": "history",
      "timestamp": "turn 9"
    },
    {
      "source": "e11",
      "target": "e1",
      "relation": "teach",
      "timestamp": "turn 10"
    },
    {
      "source": "e11",
      "target": "e1",
      "relation": "piano",
      "timestamp": "turn 10"
    },
    {
      "source": "e11",
      "target": "e1",
      "relation": "vocals",
      "timestamp": "turn 10"
    },
    {
      "source": "e12",
      "target": "e1",
      "relation": "languages",
      "timestamp": "turn 11"
    },
    {
      "source": "e13",
      "target": "e1",
      "relation": "spanish",
      "timestamp": "turn 12"
    },
    {
      "source": "e13",
      "target": "e1",
      "relation": "english",
      "timestamp": "turn 12"
    },
    {
      "source": "e14",
      "target": "e1",
      "relation": "spanish",
      "timestamp": "turn 13"
    },
    {
      "source": "e14",
      "target": "e1",
      "relation": "english",
      "timestamp": "turn 13"
    },
    {
      "source": "e14",
      "target": "e1",
      "relation": "french",
      "timestamp": "turn 13"
    },
    {
      "source": "e15",
      "target": "e1",
      "relation": "silver",
      "timestamp": "turn 14"
    },
    {
      "source": "e15",
      "target": "e1",
      "relation": "chrome",
      "timestamp": "turn 14"
    },
    {
      "source": "e16",
      "target": "e1",
      "relation": "red",
      "timestamp": "turn 15"
    },
    {
      "

2026-06-26 04:47:51,643 - WARNING - RETRYING #13 Dialogue 77, Session: 4. MSG: Expecting ',' delimiter: line 9 column 28 (char 400)
 LLM Response: {
  "topics": ["Are you studying", "I am studying", "I don't like school", "Study with classmates", "Write down topics", "Rewrite notes", "Helpful for classmates", "Group study session", "Stop random topics", "Remind about study", "Agree with reminder"],
  "entities": [
    {
      "id": "e1",
      "name": "Speaker 1",
      "type": "PERSON",
      "timestamp": "NONE",
      "properties": ["role": "student"]
    },
    {
      "id": "e2",
      "name": "Speaker 2",
      "type": "PERSON",
      "timestamp": "NONE",
      "properties": []
    },
    {
      "id": "e3",
      "name": "Finals",
      "type": "EVENT",
      "timestamp": "next week",
      "properties": []
    },
    {
      "id": "e4",
      "name": "Group study session",
      "type": "ACTIVITY",
      "timestamp": "NONE",
      "properties": []
    },
    {
      "id": "e5",
      "name": "Personal business",
      "type": "CONCEPT",
      "timestamp": "NONE",
      "properties": []
    },
    {
      "id": "e6",
      "name": "School",
      "type": "ORGANIZATION",
      "timestamp": "NONE",
      "properties": []
    }
  ],
  "relations": [
    {
      "source": "e1",
      "target": "e3",
      "relation": "has event",
      "timestamp": "next week"
    },
    {
      "source": "e1",
      "target": "e4",
      "relation": "participates in",
      "timestamp": "NONE"
    },
    {
      "source": "e1",
      "target": "e6",
      "relation": "attends",
      "timestamp": "NONE"
    },
    {
      "source": "e2",
      "target": "e4",
      "relation": "participates in",
      "timestamp": "NONE"
    },
    {
      "source": "e2",
      "target": "e5",
      "relation": "discusses",
      "timestamp": "NONE"
    },
    {
      "source": "e2",
      "target": "e6",
      "relation": "attends",
      "timestamp": "NONE"
    }
  ],
  "is_qna_pattern": true,
  "is_decision_tree": false,
  "is_entity_centric": true
}

2026-06-26 04:48:06,238 - ERROR - #13 Dialogue 77, Session: 4 data extraction failed. MSG: Expecting ',' delimiter: line 9 column 28 (char 400)
 LLM Response: {
  "topics": ["Are you studying", "I am studying", "I don't like school", "Study with classmates", "Write down topics", "Rewrite notes", "Helpful for classmates", "Group study session", "Stop random topics", "Remind about study", "Agree with reminder"],
  "entities": [
    {
      "id": "e1",
      "name": "Speaker 1",
      "type": "PERSON",
      "timestamp": "NONE",
      "properties": ["role": "student"]
    },
    {
      "id": "e2",
      "name": "Speaker 2",
      "type": "PERSON",
      "timestamp": "NONE",
      "properties": []
    },
    {
      "id": "e3",
      "name": "Finals",
      "type": "EVENT",
      "timestamp": "next week",
      "properties": []
    },
    {
      "id": "e4",
      "name": "Group study session",
      "type": "ACTIVITY",
      "timestamp": "NONE",
      "properties": []
    },
    {
      "id": "e5",
      "name": "Personal business",
      "type": "CONCEPT",
      "timestamp": "NONE",
      "properties": []
    }
  ],
  "relations": [
    {
      "source": "e1",
      "target": "e3",
      "relation": "has event",
      "timestamp": "next week"
    },
    {
      "source": "e1",
      "target": "e4",
      "relation": "participates in",
      "timestamp": "NONE"
    },
    {
      "source": "e2",
      "target": "e4",
      "relation": "participates in",
      "timestamp": "NONE"
    },
    {
      "source": "e2",
      "target": "e5",
      "relation": "discusses",
      "timestamp": "NONE"
    }
  ],
  "is_qna_pattern": true,
  "is_decision_tree": false,
  "is_entity_centric": true
}

2026-06-26 04:58:10,678 - WARNING - RETRYING #12 Dialogue 93, Session: 3. MSG: Unterminated string starting at: line 41 column 27 (char 6515)
 LLM Response: {
  "topics": ["daughter piano lessons", "availability next week", "lesson times Thursday", "lesson options violin piano", "father's health", "parents situation", "father's care", "parents visit kids", "father's mantra", "father's relationships", "father's contentment"],
  "entities": [
    {"id": "e1", "name": "Speaker 1", "type": "PERSON", "timestamp": "NONE", "properties": ["role: teacher", "instrument: piano"]},
    {"id": "e2", "name": "Speaker 2", "type": "PERSON", "timestamp": "NONE", "properties": ["role: student", "relation: daughter of Speaker 1"]},
    {"id": "e3", "name": "Speaker 1's father", "type": "PERSON", "timestamp": "NONE", "properties": ["interest: violin", "passion: violin", "injury: knee", "relation: son of Speaker 1"]},
    {"id": "e4", "name": "Speaker 2's dad", "type": "PERSON", "timestamp": "NONE", "properties": ["relation: father of Speaker 2", "status: divorced", "relation: cheating"]},
    {"id": "e5", "name": "Speaker 2's mom", "type": "PERSON", "timestamp": "NONE", "properties": ["relation: mother of Speaker 2", "status: new man", "relation: wife of Speaker 2's dad"]},
    {"id": "e6", "name": "Speaker 1's father", "type": "PERSON", "timestamp": "NONE", "properties": ["relation: son of Speaker 1", "interest: violin", "injury: knee", "passion: violin"]},
    {"id": "e7", "name": "Speaker 2's dad", "type": "PERSON", "timestamp": "NONE", "properties": ["relation: father of Speaker 2", "status: divorced", "relation: cheating"]},
    {"id": "e8", "name": "Speaker 2's mom", "type": "PERSON", "timestamp": "NONE", "properties": ["relation: mother of Speaker 2", "status: new man", "relation: wife of Speaker 2's dad"]},
    {"id": "e9", "name": "Speaker 1", "type": "PERSON", "timestamp": "NONE", "properties": ["role: teacher", "instrument: piano"]},
    {"id": "e10", "name": "Speaker 2", "type": "PERSON", "timestamp": "NONE", "properties": ["role: student", "relation: daughter of Speaker 1"]},
    {"id": "e11", "name": "Speaker 1's father", "type": "PERSON", "timestamp": "NONE", "properties": ["interest: violin", "passion: violin", "injury: knee", "relation: son of Speaker 1"]},
    {"id": "e12", "name": "Speaker 2's dad", "type": "PERSON", "timestamp": "NONE", "properties": ["relation: father of Speaker 2", "status: divorced", "relation: cheating"]},
    {"id": "e13", "name": "Speaker 2's mom", "type": "PERSON", "timestamp": "NONE", "properties": ["relation: mother of Speaker 2", "status: new man", "relation: wife of Speaker 2's dad"]},
    {"id": "e14", "name": "Speaker 1", "type": "PERSON", "timestamp": "NONE", "properties": ["role: teacher", "instrument: piano"]},
    {"id": "e15", "name": "Speaker 2", "type": "PERSON", "timestamp": "NONE", "properties": ["role: student", "relation: daughter of Speaker 1"]},
    {"id": "e16", "name": "Speaker 1's father", "type": "PERSON", "timestamp": "NONE", "properties": ["interest: violin", "passion: violin", "injury: knee", "relation: son of Speaker 1"]},
    {"id": "e17", "name": "Speaker 2's dad", "type": "PERSON", "timestamp": "NONE", "properties": ["relation: father of Speaker 2", "status: divorced", "relation: cheating"]},
    {"id": "e18", "name": "Speaker 2's mom", "type": "PERSON", "timestamp": "NONE", "properties": ["relation: mother of Speaker 2", "status: new man", "relation: wife of Speaker 2's dad"]},
    {"id": "e19", "name": "Speaker 1", "type": "PERSON", "timestamp": "NONE", "properties": ["role: teacher", "instrument: piano"]},
    {"id": "e20", "name": "Speaker 2", "type": "PERSON", "timestamp": "NONE", "properties": ["role: student", "relation: daughter of Speaker 1"]},
    {"id": "e21", "name": "Speaker 1's father", "type": "PERSON", "timestamp": "NONE", "properties": ["interest: violin", "passion: violin", "injury: knee", "relation: son of Speaker 1"]},
    {"id": "e22", "name": "Speaker 2's dad", "type": "PERSON", "timestamp": "NONE", "properties": ["relation: father of Speaker 2", "status: divorced", "relation: cheating"]},
    {"id": "e23", "name": "Speaker 2's mom", "type": "PERSON", "timestamp": "NONE", "properties": ["relation: mother of Speaker 2", "status: new man", "relation: wife of Speaker 2's dad"]},
    {"id": "e24", "name": "Speaker 1", "type": "PERSON", "timestamp": "NONE", "properties": ["role: teacher", "instrument: piano"]},
    {"id": "e25", "name": "Speaker 2", "type": "PERSON", "timestamp": "NONE", "properties": ["role: student", "relation: daughter of Speaker 1"]},
    {"id": "e26", "name": "Speaker 1's father", "type": "PERSON", "timestamp": "NONE", "properties": ["interest: violin", "passion: violin", "injury: knee", "relation: son of Speaker 1"]},
    {"id": "e27", "name": "Speaker 2's dad", "type": "PERSON", "timestamp": "NONE", "properties": ["relation: father of Speaker 2", "status: divorced", "relation: cheating"]},
    {"id": "e28", "name": "Speaker 2's mom", "type": "PERSON", "timestamp": "NONE", "properties": ["relation: mother of Speaker 2", "status: new man", "relation: wife of Speaker 2's dad"]},
    {"id": "e29", "name": "Speaker 1", "type": "PERSON", "timestamp": "NONE", "properties": ["role: teacher", "instrument: piano"]},
    {"id": "e30", "name": "Speaker 2", "type": "PERSON", "timestamp": "NONE", "properties": ["role: student", "relation: daughter of Speaker 1"]},
    {"id": "e31", "name": "Speaker 1's father", "type": "PERSON", "timestamp": "NONE", "properties": ["interest: violin", "passion: violin", "injury: knee", "relation: son of Speaker 1"]},
    {"id": "e32", "name": "Speaker 2's dad", "type": "PERSON", "timestamp": "NONE", "properties": ["relation: father of Speaker 2", "status: divorced", "relation: cheating"]},
    {"id": "e33", "name": "Speaker 2's mom", "type": "PERSON", "timestamp": "NONE", "properties": ["relation: mother of Speaker 2", "status: new man", "relation: wife of Speaker 2's dad"]},
    {"id": "e34", "name": "Speaker 1", "type": "PERSON", "timestamp": "NONE", "properties": ["role: teacher", "instrument: piano"]},
    {"id": "e35", "name": "Speaker 2", "type": "PERSON", "timestamp": "NONE", "properties": ["role: student", "relation: daughter of Speaker 1"]},
    {"id": "e36", "name": "Speaker 1's father", "type": "PERSON", "timestamp": "NONE", "properties": ["interest: violin", "passion: violin", "injury: knee", "relation: son of Speaker 1"]},
    {"id": "e37", "name": "Speaker 2's dad", "type": "PERSON", "timestamp": "NONE", "properties": ["relation: father of Speaker 2", "status: divorced", "relation: cheating"]},
    {"id": "e38", "name": "Speaker

2026-06-26 05:05:19,756 - WARNING - RETRYING #9 Dialogue 105, Session: 4. MSG: Expecting ',' delimiter: line 4 column 99 (char 1413)
 LLM Response: {
  "topics": ["What did you cook yesterday?", "I tried out a new recipe for pot pie. Do you cook a lot?", "When I have the free time, it is a favorite thing to do. Helps me de stress after a lot of work. You too?", "I'm trying to get better. Do you make a lot of traditional Indian food? Or do you try to do more American foods.", "There are many places to take recipes from. Chinese recipes lately have been curious to me, although you need to buy different spices. What's your fave?", "My favorite spice? I have a whole pantry full. I don't know if I could choose one.", "Spice, although I was thinking type of cuisine you like the most. For example Chinese is a fave for me.", "Oh. I've been experiencing so many new foods in America. It may sound weird but right now I am really into German foods", "How about that? They have a few pastries and beers I like. Especially the darker beers, with higher alcohol percentages.", "I enjoy Spaetzle and Schnitzel. I haven't quite gotten into beer yet. I bet they have great desserts though. What is your favorite pastry?", "I am not up on the german foods, but I've had this deep fried dough, with a strawberry jam or sauce dropped on the top, with whipped cream.", "I bet with all your swimming you can eat all you want without gaining any weight."],
  "entities": [
    {"id": "e1", "name": "Speaker 1", "type": "PERSON", "timestamp": "NONE", "properties": ["role": "cooker"]},
    {"id": "e2", "name": "Speaker 2", "type": "PERSON", "timestamp": "NONE", "properties": ["role": "cooker"]},
    {"id": "e3", "name": "Pot pie", "type": "ACTIVITY", "timestamp": "NONE", "properties": []},
    {"id": "e4", "name": "Spaetzle", "type": "ACTIVITY", "timestamp": "NONE", "properties": []},
    {"id": "e5", "name": "Schnitzel", "type": "ACTIVITY", "timestamp": "NONE", "properties": []},
    {"id": "e6", "name": "German foods", "type": "ACTIVITY", "timestamp": "NONE", "properties": []},
    {"id": "e7", "name": "Chinese recipes", "type": "ACTIVITY", "timestamp": "NONE", "properties": []},
    {"id": "e8", "name": "Spice", "type": "OBJECT", "timestamp": "NONE", "properties": []},
    {"id": "e9", "name": "Desserts", "type": "ACTIVITY", "timestamp": "NONE", "properties": []},
    {"id": "e10", "name": "Beers", "type": "ACTIVITY", "timestamp": "NONE", "properties": []},
    {"id": "e11", "name": "Deep fried dough", "type": "ACTIVITY", "timestamp": "NONE", "properties": []},
    {"id": "e12", "name": "Whipped cream", "type": "OBJECT", "timestamp": "NONE", "properties": []},
    {"id": "e13", "name": "Swimming", "type": "ACTIVITY", "timestamp": "NONE", "properties": []}
  ],
  "relations": [
    {"source": "e1", "target": "e3", "relation": "cooks", "timestamp": "NONE"},
    {"source": "e2", "target": "e3", "relation": "cooks", "timestamp": "NONE"},
    {"source": "e2", "target": "e4", "relation": "enjoys", "timestamp": "NONE"},
    {"source": "e2", "target": "e5", "relation": "enjoys", "timestamp": "NONE"},
    {"source": "e2", "target": "e6", "relation": "is into", "timestamp": "NONE"},
    {"source": "e2", "target": "e7", "relation": "is curious about", "timestamp": "NONE"},
    {"source": "e2", "target": "e8", "relation": "likes", "timestamp": "NONE"},
    {"source": "e2", "target": "e9", "relation": "is interested in", "timestamp": "NONE"},
    {"source": "e2", "target": "e10", "relation": "likes", "timestamp": "NONE"},
    {"source": "e2", "target": "e11", "relation": "has had", "timestamp": "NONE"},
    {"source": "e2", "target": "e12", "relation": "has had", "timestamp": "NONE"},
    {"source": "e2", "target": "e13", "relation": "is into", "timestamp": "NONE"}
  ],
  "is_qna_pattern": true,
  "is_decision_tree": false,
  "is_entity_centric": true
}

2026-06-26 05:32:32,433 - WARNING - RETRYING #3 Dialogue 151, Session: 0. MSG: Expecting value: line 53 column 46 (char 5973)
 LLM Response: {
  "topics": ["work today", "sailing", "spend day", "studying art", "fish chips", "fish tacos", "ancestor", "sailing europe", "seeing family", "art europe", "siblings", "art type", "wordy", "dog type"],
  "entities": [
    {"id": "e1", "name": "Speaker 1", "type": "PERSON", "timestamp": "NONE", "properties": ["works", "likes art", "eats fish and chips", "has dog", "has sibling"]},
    {"id": "e2", "name": "Speaker 2", "type": "PERSON", "timestamp": "NONE", "properties": ["likes sailing", "has ancestor", "likes fish tacos", "sees family", "likes art", "has dog"]},
    {"id": "e3", "name": "Christopher Columbus", "type": "CONCEPT", "timestamp": "NONE", "properties": ["ancestor of Speaker 2"]},
    {"id": "e4", "name": "Europe", "type": "LOCATION", "timestamp": "NONE", "properties": ["destination of sailing"]},
    {"id": "e5", "name": "Dog", "type": "OBJECT", "timestamp": "NONE", "properties": ["type: mutt", "loyal"]},
    {"id": "e6", "name": "Art", "type": "CONCEPT", "timestamp": "NONE", "properties": ["type: realism", "viewed in Europe"]},
    {"id": "e7", "name": "Fish and Chips", "type": "ACTIVITY", "timestamp": "NONE", "properties": ["eaten by Speaker 2"]},
    {"id": "e8", "name": "Fish Tacos", "type": "ACTIVITY", "timestamp": "NONE", "properties": ["eaten by Speaker 2"]},
    {"id": "e9", "name": "Siblings", "type": "CONCEPT", "timestamp": "NONE", "properties": ["number: 4", "seen by Speaker 2"]},
    {"id": "e10", "name": "Internet", "type": "CONCEPT", "timestamp": "NONE", "properties": ["slow"]},
    {"id": "e11", "name": "Family", "type": "CONCEPT", "timestamp": "NONE", "properties": ["lives far away"]},
    {"id": "e12", "name": "Realism", "type": "CONCEPT", "timestamp": "NONE", "properties": ["type of art"]},
    {"id": "e13", "name": "Dog Type", "type": "CONCEPT", "timestamp": "NONE", "properties": ["type: mutt"]},
    {"id": "e14", "name": "Fish Chips", "type": "ACTIVITY", "timestamp": "NONE", "properties": ["eaten by Speaker 2"]},
    {"id": "e15", "name": "Sailing", "type": "ACTIVITY", "timestamp": "NONE", "properties": ["done by Speaker 2"]},
    {"id": "e16", "name": "Work", "type": "ACTIVITY", "timestamp": "NONE", "properties": ["done by Speaker 1"]},
    {"id": "e17", "name": "Art", "type": "ACTIVITY", "timestamp": "NONE", "properties": ["done by Speaker 1"]},
    {"id": "e18", "name": "Fish Tacos", "type": "ACTIVITY", "timestamp": "NONE", "properties": ["eaten by Speaker 2"]},
    {"id": "e19", "name": "Dog", "type": "OBJECT", "timestamp": "NONE", "properties": ["type: mutt", "loyal"]},
    {"id": "e20", "name": "Internet", "type": "CONCEPT", "timestamp": "NONE", "properties": ["slow"]},
    {"id": "e21", "name": "Family", "type": "CONCEPT", "timestamp": "NONE", "properties": ["lives far away"]},
    {"id": "e22", "name": "Realism", "type": "CONCEPT", "timestamp": "NONE", "properties": ["type of art"]},
    {"id": "e23", "name": "Dog Type", "type": "CONCEPT", "timestamp": "NONE", "properties": ["type: mutt"]},
    {"id": "e24", "name": "Fish Chips", "type": "ACTIVITY", "timestamp": "NONE", "properties": ["eaten by Speaker 2"]},
    {"id": "e25", "name": "Sailing", "type": "ACTIVITY", "timestamp": "NONE", "properties": ["done by Speaker 2"]},
    {"id": "e26", "name": "Work", "type": "ACTIVITY", "timestamp": "NONE", "properties": ["done by Speaker 1"]},
    {"id": "e27", "name": "Art", "type": "ACTIVITY", "timestamp": "NONE", "properties": ["done by Speaker 1"]},
    {"id": "e28", "name": "Fish Tacos", "type": "ACTIVITY", "timestamp": "NONE", "properties": ["eaten by Speaker 2"]},
    {"id": "e29", "name": "Dog", "type": "OBJECT", "timestamp": "NONE", "properties": ["type: mutt", "loyal"]},
    {"id": "e30", "name": "Internet", "type": "CONCEPT", "timestamp": "NONE", "properties": ["slow"]},
    {"id": "e31", "name": "Family", "type": "CONCEPT", "timestamp": "NONE", "properties": ["lives far away"]},
    {"id": "e32", "name": "Realism", "type": "CONCEPT", "timestamp": "NONE", "properties": ["type of art"]},
    {"id": "e33", "name": "Dog Type", "type": "CONCEPT", "timestamp": "NONE", "properties": ["type: mutt"]},
    {"id": "e34", "name": "Fish Chips", "type": "ACTIVITY", "timestamp": "NONE", "properties": ["eaten by Speaker 2"]},
    {"id": "e35", "name": "Sailing", "type": "ACTIVITY", "timestamp": "NONE", "properties": ["done by Speaker 2"]},
    {"id": "e36", "name": "Work", "type": "ACTIVITY", "timestamp": "NONE", "properties": ["done by Speaker 1"]},
    {"id": "e37", "name": "Art", "type": "ACTIVITY", "timestamp": "NONE", "properties": ["done by Speaker 1"]},
    {"id": "e38", "name": "Fish Tacos", "type": "ACTIVITY", "timestamp": "NONE", "properties": ["eaten by Speaker 2"]},
    {"id": "e39", "name": "Dog", "type": "OBJECT", "timestamp": "NONE", "properties": ["type: mutt", "loyal"]},
    {"id": "e40", "name": "Internet", "type": "CONCEPT", "timestamp": "NONE", "properties": ["slow"]},
    {"id": "e41", "name": "Family", "type": "CONCEPT", "timestamp": "NONE", "properties": ["lives far away"]},
    {"id": "e42", "name": "Realism", "type": "CONCEPT", "timestamp": "NONE", "properties": ["type of art"]},
    {"id": "e43", "name": "Dog Type", "type": "CONCEPT", "timestamp": "NONE", "properties": ["type: mutt"]},
    {"id": "e44", "name": "Fish Chips", "type": "ACTIVITY", "timestamp": "NONE", "properties": ["eaten by Speaker 2"]},
    {"id": "e45", "name": "Sailing", "type": "ACTIVITY", "timestamp": "NONE", "properties": ["done by Speaker 2"]},
    {"id": "e46", "name": "Work", "type": "ACTIVITY", "timestamp": "NONE", "properties": ["done by Speaker 1"]},
    {"id": "e47", "name": "Art", "type": "ACTIVITY", "timestamp": "NONE", "properties": ["done by Speaker 1"]},
    {"id": "e48", "name": "Fish Tacos", "type": "ACTIVITY", "timestamp": "NONE", "properties": ["eaten by Speaker 2"]},
    {"id": "e49", "name": "Dog", "type": "OBJECT", "timestamp": "NONE", "properties": ["type: mutt", "loyal"]},
    {"id": "e50", "name": "Internet", "type":

2026-06-26 05:33:05,981 - WARNING - RETRYING #5 Dialogue 152, Session: 1. MSG: Expecting ',' delimiter: line 51 column 73 (char 1825)
 LLM Response: {
  "topics": ["mountain biking", "favorite shoes", "shoe brands", "car ownership", "car types", "vintage cars", "car preferences", "car efficiency", "Starbucks drinks", "Starbucks food", "Starbucks discounts", "watch sales"],
  "entities": [
    {
      "id": "e1",
      "name": "Speaker 1",
      "type": "PERSON",
      "timestamp": "NONE",
      "properties": ["activity: mountain biking", "interest: shoes", "interest: cars", "interest: Starbucks", "interest: watches"]
    },
    {
      "id": "e2",
      "name": "Speaker 2",
      "type": "PERSON",
      "timestamp": "NONE",
      "properties": ["activity: mountain biking", "interest: shoes", "interest: cars", "interest: Starbucks", "interest: watches"]
    },
    {
      "id": "e3",
      "name": "Jack Wolfskin",
      "type": "ORGANIZATION",
      "timestamp": "NONE",
      "properties": ["product: trail running shoes"]
    },
    {
      "id": "e4",
      "name": "Oboz",
      "type": "ORGANIZATION",
      "timestamp": "NONE",
      "properties": ["product: trail running shoes"]
    },
    {
      "id": "e5",
      "name": "Starbucks",
      "type": "ORGANIZATION",
      "timestamp": "NONE",
      "properties": ["product: Frappuccino", "product: Refreshers", "product: Cold Brew", "product: Kiwifruit/Starfruit Refresher", "product: Mango/Dragonfruit Refresher", "product: Cinnamon Roll Frappuccino", "product: White Iced Mocha Frappuccino", "product: bacon gouda and egg sandwich"]
    },
    {
      "id": "e6",
      "name": "Chevy Trucks",
      "type": "OBJECT",
      "timestamp": "NONE",
      "properties": ["type: 51' Apache", "type: 71' Chevy C10 Sidestep"]
    },
    {
      "id": "e7",
      "name": "Ford",
      "type": "ORGANIZATION",
      "timestamp": "NONE",
      "properties": ["product: '57-67 old truck', '67 Ford Mustang GT']")
    },
    {
      "id": "e8",
      "name": "Gift Cards",
      "type": "OBJECT",
      "timestamp": "NONE",
      "properties": ["value: $240", "value: $200"]
    },
    {
      "id": "e9",
      "name": "Watches",
      "type": "OBJECT",
      "timestamp": "NONE",
      "properties": ["sales: gift cards"]
    }
  ],
  "relations": [
    {
      "source": "e1",
      "target": "e3",
      "relation": "uses",
      "timestamp": "NONE"
    },
    {
      "source": "e1",
      "target": "e4",
      "relation": "uses",
      "timestamp": "NONE"
    },
    {
      "source": "e1",
      "target": "e7",
      "relation": "prefers",
      "timestamp": "NONE"
    },
    {
      "source": "e1",
      "target": "e6",
      "relation": "prefers",
      "timestamp": "NONE"
    },
    {
      "source": "e1",
      "target": "e5",
      "relation": "visits",
      "timestamp": "NONE"
    },
    {
      "source": "e1",
      "target": "e9",
      "relation": "sells",
      "timestamp": "NONE"
    },
    {
      "source": "e2",
      "target": "e5",
      "relation": "visits",
      "timestamp": "NONE"
    },
    {
      "source": "e2",
      "target": "e5",
      "relation": "buys",
      "timestamp": "NONE"
    },
    {
      "source": "e2",
      "target": "e6",
      "relation": "prefers",
      "timestamp": "NONE"
    },
    {
      "source": "e2",
      "target": "e7",
      "relation": "prefers",
      "timestamp": "NONE"
    },
    {
      "source": "e2",
      "target": "e8",
      "relation": "buys",
      "timestamp": "NONE"
    }
  ],
  "is_qna_pattern": true,
  "is_decision_tree": false,
  "is_entity_centric": true
}

2026-06-26 05:45:46,453 - WARNING - RETRYING #12 Dialogue 176, Session: 4. MSG: Expecting ',' delimiter: line 4 column 99 (char 433)
 LLM Response: {
  "topics": ["surgeries this week", "surgeries can be major", "film festival next weekend", "son going with you", "son's plans this weekend", "dad coming along", "plans for trip in August", "time off work approval", "watched horror movies", "corner clamp build shed", "husband's tool", "vacation anywhere in world"],
  "entities": [
    {"id": "e1", "name": "Speaker 1", "type": "PERSON", "timestamp": "NONE", "properties": ["role": "doctor"]},
    {"id": "e2", "name": "Speaker 2", "type": "PERSON", "timestamp": "NONE", "properties": ["role": "film enthusiast"]},
    {"id": "e3", "name": "Speaker 2's son", "type": "PERSON", "timestamp": "NONE", "properties": ["interest": "horror movies"]},
    {"id": "e4", "name": "Speaker 2's dad", "type": "PERSON", "timestamp": "NONE", "properties": ["relationship": "son's father"]},
    {"id": "e5", "name": "Speaker 1's husband", "type": "PERSON", "timestamp": "NONE", "properties": ["relationship": "Speaker 1's spouse"]},
    {"id": "e6", "name": "corner clamp", "type": "OBJECT", "timestamp": "NONE", "properties": ["used for": "building shed"]},
    {"id": "e7", "name": "film festival", "type": "EVENT", "timestamp": "2023-10-20", "properties": ["date": "next weekend"]},
    {"id": "e8", "name": "Europe", "type": "LOCATION", "timestamp": "NONE", "properties": ["interest": "history"]},
    {"id": "e9", "name": "Italy", "type": "LOCATION", "timestamp": "NONE", "properties": ["interest": "history"]},
    {"id": "e10", "name": "Greece", "type": "LOCATION", "timestamp": "NONE", "properties": ["interest": "history"]},
    {"id": "e11", "name": "France", "type": "LOCATION", "timestamp": "NONE", "properties": ["visited": "yes"]},
    {"id": "e12", "name": "vacation", "type": "ACTIVITY", "timestamp": "NONE", "properties": ["motivation": "haha"]},
    {"id": "e13", "name": "time off work", "type": "EVENT", "timestamp": "NONE", "properties": ["approval": "not yet"]},
    {"id": "e14", "name": "horror movies", "type": "ACTIVITY", "timestamp": "NONE", "properties": ["watched": "as a kid"]},
    {"id": "e15", "name": "shed", "type": "OBJECT", "timestamp": "NONE", "properties": ["built": "with corner clamp"]},
    {"id": "e16", "name": "tool", "type": "OBJECT", "timestamp": "NONE", "properties": ["borrowed": "from Speaker 1"]},
    {"id": "e17", "name": "trip", "type": "EVENT", "timestamp": "NONE", "properties": ["planned": "if possible"]},
    {"id": "e18", "name": "August", "type": "TIME", "timestamp": "NONE", "properties": ["time": "trip in August"]},
    {"id": "e19", "name": "Speaker 1's husband's work", "type": "ACTIVITY", "timestamp": "NONE", "properties": ["time": "lately"]},
    {"id": "e20", "name": "Speaker 2's vacation", "type": "EVENT", "timestamp": "NONE", "properties": ["motivation": "haha"]},
    {"id": "e21", "name": "Speaker 2's vacation destination", "type": "LOCATION", "timestamp": "NONE", "properties": ["interest": "Europe"]},
    {"id": "e22", "name": "Speaker 2's vacation destination", "type": "LOCATION", "timestamp": "NONE", "properties": ["interest": "Italy"]},
    {"id": "e23", "name": "Speaker 2's vacation destination", "type": "LOCATION", "timestamp": "NONE", "properties": ["interest": "Greece"]},
    {"id": "e24", "name": "Speaker 2's vacation destination", "type": "LOCATION", "timestamp": "NONE", "properties": ["visited": "France"]},
    {"id": "e25", "name": "Speaker 2's vacation destination", "type": "LOCATION", "timestamp": "NONE", "properties": ["interest": "history"]},
    {"id": "e26", "name": "Speaker 2's vacation destination", "type": "LOCATION", "timestamp": "NONE", "properties": ["interest": "history"]},
    {"id": "e27", "name": "Speaker 2's vacation destination", "type": "LOCATION", "timestamp": "NONE", "properties": ["interest": "history"]},
    {"id": "e28", "name": "Speaker 2's vacation destination", "type": "LOCATION", "timestamp": "NONE", "properties": ["interest": "history"]},
    {"id": "e29", "name": "Speaker 2's vacation destination", "type": "LOCATION", "timestamp": "NONE", "properties": ["interest": "history"]},
    {"id": "e30", "name": "Speaker 2's vacation destination", "type": "LOCATION", "timestamp": "NONE", "properties": ["interest": "history"]},
    {"id": "e31", "name": "Speaker 2's vacation destination", "type": "LOCATION", "timestamp": "NONE", "properties": ["interest": "history"]},
    {"id": "e32", "name": "Speaker 2's vacation destination", "type": "LOCATION", "timestamp": "NONE", "properties": ["interest": "history"]},
    {"id": "e33", "name": "Speaker 2's vacation destination", "type": "LOCATION", "timestamp": "NONE", "properties": ["interest": "history"]},
    {"id": "e34", "name": "Speaker 2's vacation destination", "type": "LOCATION", "timestamp": "NONE", "properties": ["interest": "history"]},
    {"id": "e35", "name": "Speaker 2's vacation destination", "type": "LOCATION", "timestamp": "NONE", "properties": ["interest": "history"]},
    {"id": "e36", "name": "Speaker 2's vacation destination", "type": "LOCATION", "timestamp": "NONE", "properties": ["interest": "history"]},
    {"id": "e37", "name": "Speaker 2's vacation destination", "type": "LOCATION", "timestamp": "NONE", "properties": ["interest": "history"]},
    {"id": "e38", "name": "Speaker 2's vacation destination", "type": "LOCATION", "timestamp": "NONE", "properties": ["interest": "history"]},
    {"id": "e39", "name": "Speaker 2's vacation destination", "type": "LOCATION", "timestamp": "NONE", "properties": ["interest": "history"]},
    {"id": "e40", "name": "Speaker 2's vacation destination", "type": "LOCATION", "timestamp": "NONE", "properties": ["interest": "history"]},
    {"id": "e41", "name": "Speaker 2's vacation destination", "type": "LOCATION", "timestamp": "NONE", "properties": ["interest": "history"]},
    {"id": "e42", "name": "Speaker 2's vacation destination", "type": "LOCATION", "timestamp": "NONE", "properties": ["interest": "history"]},
    {"id": "e43", "name": "Speaker 2's vacation destination", "type": "LOCATION", "timestamp": "NONE", "properties": ["interest": "history"]},
    {"id": "e44", "name": "Speaker 2's vacation destination", "type": "LOCATION", "timestamp": "NONE", "properties": ["interest": "history"]},
    {"id": "e45", "name": "Speaker 2's vacation destination", "type": "LOCATION", "timestamp": "NONE", "properties": ["interest": "history"]},
    {"id": "e46", "name": "Speaker 2's vacation destination", "type": "LOCATION", "timestamp": "NONE", "properties": ["interest": "history"]},
    {"id": "e47", "name": "Speaker 2's vacation destination", "type": "LOCATION", "timestamp": "NONE", "properties": ["interest": "history"]},
    {"id": "e48", "name": "Speaker 2's vacation destination",

2026-06-26 05:46:26,498 - ERROR - #12 Dialogue 176, Session: 4 data extraction failed. MSG: Expecting ',' delimiter: line 4 column 99 (char 393)
 LLM Response: {
  "topics": ["surgeries this week", "surgeries can be major", "film festival next weekend", "son going with you", "plans for trip august", "time off work approval", "tool borrowed from you", "husband's tool", "plan vacation soon", "vacation anywhere world", "history europe"],
  "entities": [
    {"id": "e1", "name": "Speaker 1", "type": "PERSON", "timestamp": "NONE", "properties": ["role": "doctor"]},
    {"id": "e2", "name": "Speaker 2", "type": "PERSON", "timestamp": "NONE", "properties": ["role": "film enthusiast"]},
    {"id": "e3", "name": "Speaker 2's son", "type": "PERSON", "timestamp": "NONE", "properties": ["age": "unknown"]},
    {"id": "e4", "name": "Speaker 2's dad", "type": "PERSON", "timestamp": "NONE", "properties": ["role": "relative"]},
    {"id": "e5", "name": "corner clamp", "type": "OBJECT", "timestamp": "NONE", "properties": ["used to build shed"]},
    {"id": "e6", "name": "Europe", "type": "LOCATION", "timestamp": "NONE", "properties": ["history": "interesting"]},
    {"id": "e7", "name": "Italy", "type": "LOCATION", "timestamp": "NONE", "properties": ["history": "interesting"]},
    {"id": "e8", "name": "Greece", "type": "LOCATION", "timestamp": "NONE", "properties": ["history": "interesting"]},
    {"id": "e9", "name": "film festival", "type": "EVENT", "timestamp": "next weekend", "properties": ["type": "movie event"]},
    {"id": "e10", "name": "vacation", "type": "ACTIVITY", "timestamp": "NONE", "properties": ["purpose": "relaxation"]},
    {"id": "e11", "name": "horror movies", "type": "ACTIVITY", "timestamp": "NONE", "properties": ["type": "movie genre"]},
    {"id": "e12", "name": "shed", "type": "OBJECT", "timestamp": "NONE", "properties": ["built with corner clamp"]},
    {"id": "e13", "name": "work", "type": "ACTIVITY", "timestamp": "NONE", "properties": ["type": "professional"]},
    {"id": "e14", "name": "time off work", "type": "ACTIVITY", "timestamp": "NONE", "properties": ["type": "leave"]},
    {"id": "e15", "name": "trip", "type": "ACTIVITY", "timestamp": "NONE", "properties": ["type": "travel"]},
    {"id": "e16", "name": "August", "type": "TIME", "timestamp": "NONE", "properties": ["month": "August"]}
  ],
  "relations": [
    {"source": "e1", "target": "e2", "relation": "asked about surgeries", "timestamp": "NONE"},
    {"source": "e2", "target": "e3", "relation": "has son", "timestamp": "NONE"},
    {"source": "e2", "target": "e4", "relation": "has dad", "timestamp": "NONE"},
    {"source": "e2", "target": "e5", "relation": "borrowed tool", "timestamp": "NONE"},
    {"source": "e5", "target": "e12", "relation": "used to build shed", "timestamp": "NONE"},
    {"source": "e2", "target": "e13", "relation": "works", "timestamp": "NONE"},
    {"source": "e2", "target": "e14", "relation": "needs time off work", "timestamp": "NONE"},
    {"source": "e2", "target": "e15", "relation": "plans to take trip", "timestamp": "NONE"},
    {"source": "e2", "target": "e16", "relation": "plans trip in", "timestamp": "NONE"},
    {"source": "e2", "target": "e9", "relation": "attending film festival", "timestamp": "next weekend"},
    {"source": "e2", "target": "e11", "relation": "watches horror movies", "timestamp": "NONE"},
    {"source": "e2", "target": "e17", "relation": "watches horror movies as kid", "timestamp": "NONE"},
    {"source": "e2", "target": "e18", "relation": "interested in Europe", "timestamp": "NONE"},
    {"source": "e2", "target": "e19", "relation": "interested in Italy", "timestamp": "NONE"},
    {"source": "e2", "target": "e20", "relation": "interested in Greece", "timestamp": "NONE"},
    {"source": "e2", "target": "e21", "relation": "interested in history", "timestamp": "NONE"},
    {"source": "e2", "target": "e22", "relation": "visited France", "timestamp": "NONE"},
    {"source": "e2", "target": "e23", "relation": "has high interest in Italy", "timestamp": "NONE"}
  ],
  "is_qna_pattern": true,
  "is_decision_tree": false,
  "is_entity_centric": true
}

2026-06-26 06:02:42,838 - WARNING - RETRYING #11 Dialogue 212, Session: 3. MSG: Expecting ',' delimiter: line 4 column 99 (char 342)
 LLM Response: {
  "topics": ["casino winnings", "winning amount", "biggest win", "donating money", "pet adoption", "pet choice", "pet companionship", "shelter visit", "donation and adoption", "dinner plans", "grilled chicken", "grill tips"],
  "entities": [
    {"id": "e1", "name": "Speaker 1", "type": "PERSON", "timestamp": "NONE", "properties": ["role": "casino player"]},
    {"id": "e2", "name": "Speaker 2", "type": "PERSON", "timestamp": "NONE", "properties": ["role": "friend"]},
    {"id": "e3", "name": "Animal Shelter", "type": "LOCATION", "timestamp": "NONE", "properties": ["purpose": "animal adoption"]},
    {"id": "e4", "name": "ASPCA", "type": "ORGANIZATION", "timestamp": "NONE", "properties": ["purpose": "animal rescue"]},
    {"id": "e5", "name": "Zoey", "type": "CONCEPT", "timestamp": "NONE", "properties": ["type": "pet", "status": "deceased"]},
    {"id": "e6", "name": "Blackjack Table", "type": "OBJECT", "timestamp": "NONE", "properties": ["location": "casino"]},
    {"id": "e7", "name": "Lasagna", "type": "ACTIVITY", "timestamp": "NONE", "properties": ["type": "food"]},
    {"id": "e8", "name": "Grilled Chicken", "type": "ACTIVITY", "timestamp": "NONE", "properties": ["type": "food"]},
    {"id": "e9", "name": "Gas Grill", "type": "OBJECT", "timestamp": "NONE", "properties": ["type": "grill"]},
    {"id": "e10", "name": "Charcoal Grill", "type": "OBJECT", "timestamp": "NONE", "properties": ["type": "grill"]},
    {"id": "e11", "name": "Marinade", "type": "ACTIVITY", "timestamp": "NONE", "properties": ["type": "food preparation"]},
    {"id": "e12", "name": "Seasoning", "type": "OBJECT", "timestamp": "NONE", "properties": ["type": "food ingredient"]},
    {"id": "e13", "name": "Flavor Profile", "type": "CONCEPT", "timestamp": "NONE", "properties": ["type": "food attribute"]},
    {"id": "e14", "name": "Companionship", "type": "CONCEPT", "timestamp": "NONE", "properties": ["type": "emotional need"]},
    {"id": "e15", "name": "Loneliness", "type": "CONCEPT", "timestamp": "NONE", "properties": ["type": "emotional state"]},
    {"id": "e16", "name": "Pet Choice", "type": "CONCEPT", "timestamp": "NONE", "properties": ["type": "decision"]},
    {"id": "e17", "name": "Fresh Change", "type": "CONCEPT", "timestamp": "NONE", "properties": ["type": "emotional state"]},
    {"id": "e18", "name": "Care", "type": "CONCEPT", "timestamp": "NONE", "properties": ["type": "emotional need"]},
    {"id": "e19", "name": "Dinner", "type": "ACTIVITY", "timestamp": "NONE", "properties": ["type": "meal"]},
    {"id": "e20", "name": "Tips", "type": "CONCEPT", "timestamp": "NONE", "properties": ["type": "guidance"]},
    {"id": "e21", "name": "Flavor Soaks In", "type": "CONCEPT", "timestamp": "NONE", "properties": ["type": "food preparation"]},
    {"id": "e22", "name": "Grill Tips", "type": "ACTIVITY", "timestamp": "NONE", "properties": ["type": "guidance"]},
    {"id": "e23", "name": "Casino", "type": "LOCATION", "timestamp": "NONE", "properties": ["purpose": "gambling"]},
    {"id": "e24", "name": "Donation", "type": "ACTIVITY", "timestamp": "NONE", "properties": ["type": "charity"]},
    {"id": "e25", "name": "Adoption", "type": "ACTIVITY", "timestamp": "NONE", "properties": ["type": "animal rescue"]},
    {"id": "e26", "name": "Spirit", "type": "CONCEPT", "timestamp": "NONE", "properties": ["type": "emotional state"]},
    {"id": "e27", "name": "Italian", "type": "CONCEPT", "timestamp": "NONE", "properties": ["type": "cuisine"]},
    {"id": "e28", "name": "Grilling", "type": "ACTIVITY", "timestamp": "NONE", "properties": ["type": "food preparation"]}
  ],
  "relations": [
    {"source": "e1", "target": "e3", "relation": "plans to donate to", "timestamp": "NONE"},
    {"source": "e1", "target": "e2", "relation": "talking to", "timestamp": "NONE"},
    {"source": "e2", "target": "e3", "relation": "plans to adopt from", "timestamp": "NONE"},
    {"source": "e2", "target": "e4", "relation": "favors", "timestamp": "NONE"},
    {"source": "e1", "target": "e5", "relation": "lost a pet", "timestamp": "NONE"},
    {"source": "e1", "target": "e6", "relation": "played at", "timestamp": "NONE"},
    {"source": "e1", "target": "e7", "relation": "plans to cook", "timestamp": "NONE"},
    {"source": "e2", "target": "e7", "relation": "enjoys", "timestamp": "NONE"},
    {"source": "e2", "target": "e8", "relation": "plans to cook", "timestamp": "NONE"},
    {"source": "e2", "target": "e9", "relation": "uses", "timestamp": "NONE"},
    {"source": "e2", "target": "e10", "relation": "uses", "timestamp": "NONE"},
    {"source": "e2", "target": "e11", "relation": "uses", "timestamp": "NONE"},
    {"source": "e2", "target": "e12", "relation": "uses", "timestamp": "NONE"},
    {"source": "e2", "target": "e13", "relation": "enhances", "timestamp": "NONE"},
    {"source": "e1", "target": "e14", "relation": "needs", "timestamp": "NONE"},
    {"source": "e1", "target": "e15", "relation": "feels", "timestamp": "NONE"},
    {"source": "e1", "target": "e16", "relation": "decides", "timestamp": "NONE"},
    {"source": "e1", "target": "e17", "relation": "needs", "timestamp": "NONE"},
    {"source": "e1", "target": "e18", "relation": "needs", "timestamp": "NONE"},
    {"source": "e1", "target": "e19", "relation": "plans to visit", "timestamp": "NONE"},
    {"source": "e1", "target": "e20", "relation": "needs", "timestamp": "NONE"},
    {"source": "e1", "target": "e21", "relation": "needs", "timestamp": "NONE"},
    {"source": "e1", "target": "e22", "relation": "needs", "timestamp": "NONE"},
    {"source": "e1", "target": "e23", "relation": "plays at", "timestamp": "NONE"},
    {"source": "e1", "target": "e24", "relation": "plans to donate to", "timestamp": "NONE"},
    {"source": "e1", "target": "e25", "relation": "plans to adopt from", "timestamp": "NONE"},
    {"source": "e1", "target": "e26", "relation": "wants to improve", "timestamp": "NONE"},
    {"source": "e2", "target": "e27", "relation": "enjoys", "timestamp": "NONE"},
    {"source": "e2", "target": "e28", "relation": "plans to do", "timestamp": "NONE"}
  ],
  "is_qna_pattern": true,

2026-06-26 06:30:31,047 - WARNING - RETRYING #14 Dialogue 266, Session: 0. MSG: Unterminated string starting at: line 361 column 7 (char 6715)
 LLM Response: {
  "topics": [
    "greeting",
    "greeting",
    "status",
    "problem",
    "school",
    "education",
    "education",
    "career",
    "friends",
    "problem",
    "problem",
    "problem",
    "reason",
    "reason",
    "school",
    "encouragement",
    "life",
    "aspiration",
    "encouragement"
  ],
  "entities": [
    {
      "id": "e1",
      "name": "Speaker 1",
      "type": "PERSON",
      "timestamp": "NONE",
      "properties": []
    },
    {
      "id": "e2",
      "name": "Speaker 2",
      "type": "PERSON",
      "timestamp": "NONE",
      "properties": []
    },
    {
      "id": "e3",
      "name": "Speaker 2's wife",
      "type": "PERSON",
      "timestamp": "NONE",
      "properties": []
    },
    {
      "id": "e4",
      "name": "Speaker 2",
      "type": "PERSON",
      "timestamp": "NONE",
      "properties": []
    },
    {
      "id": "e5",
      "name": "Speaker 2",
      "type": "PERSON",
      "timestamp": "NONE",
      "properties": []
    },
    {
      "id": "e6",
      "name": "Speaker 2",
      "type": "PERSON",
      "timestamp": "NONE",
      "properties": []
    },
    {
      "id": "e7",
      "name": "Speaker 2",
      "type": "PERSON",
      "timestamp": "NONE",
      "properties": []
    },
    {
      "id": "e8",
      "name": "Speaker 2",
      "type": "PERSON",
      "timestamp": "NONE",
      "properties": []
    },
    {
      "id": "e9",
      "name": "Speaker 2",
      "type": "PERSON",
      "timestamp": "NONE",
      "properties": []
    },
    {
      "id": "e10",
      "name": "Speaker 2",
      "type": "PERSON",
      "timestamp": "NONE",
      "properties": []
    },
    {
      "id": "e11",
      "name": "Speaker 2",
      "type": "PERSON",
      "timestamp": "NONE",
      "properties": []
    },
    {
      "id": "e12",
      "name": "Speaker 2",
      "type": "PERSON",
      "timestamp": "NONE",
      "properties": []
    },
    {
      "id": "e13",
      "name": "Speaker 2",
      "type": "PERSON",
      "timestamp": "NONE",
      "properties": []
    },
    {
      "id": "e14",
      "name": "Speaker 2",
      "type": "PERSON",
      "timestamp": "NONE",
      "properties": []
    },
    {
      "id": "e15",
      "name": "Speaker 2",
      "type": "PERSON",
      "timestamp": "NONE",
      "properties": []
    },
    {
      "id": "e16",
      "name": "Speaker 2",
      "type": "PERSON",
      "timestamp": "NONE",
      "properties": []
    },
    {
      "id": "e17",
      "name": "Speaker 2",
      "type": "PERSON",
      "timestamp": "NONE",
      "properties": []
    },
    {
      "id": "e18",
      "name": "Speaker 2",
      "type": "PERSON",
      "timestamp": "NONE",
      "properties": []
    },
    {
      "id": "e19",
      "name": "Speaker 2",
      "type": "PERSON",
      "timestamp": "NONE",
      "properties": []
    }
  ],
  "relations": [
    {
      "source": "e1",
      "target": "e2",
      "relation": "speaks to",
      "timestamp": "NONE"
    },
    {
      "source": "e2",
      "target": "e1",
      "relation": "speaks to",
      "timestamp": "NONE"
    },
    {
      "source": "e2",
      "target": "e3",
      "relation": "mentions",
      "timestamp": "NONE"
    },
    {
      "source": "e2",
      "target": "e4",
      "relation": "mentions",
      "timestamp": "NONE"
    },
    {
      "source": "e4",
      "target": "e2",
      "relation": "mentions",
      "timestamp": "NONE"
    },
    {
      "source": "e2",
      "target": "e5",
      "relation": "mentions",
      "timestamp": "NONE"
    },
    {
      "source": "e5",
      "target": "e2",
      "relation": "mentions",
      "timestamp": "NONE"
    },
    {
      "source": "e2",
      "target": "e6",
      "relation": "mentions",
      "timestamp": "NONE"
    },
    {
      "source": "e6",
      "target": "e2",
      "relation": "mentions",
      "timestamp": "NONE"
    },
    {
      "source": "e2",
      "target": "e7",
      "relation": "mentions",
      "timestamp": "NONE"
    },
    {
      "source": "e7",
      "target": "e2",
      "relation": "mentions",
      "timestamp": "NONE"
    },
    {
      "source": "e2",
      "target": "e8",
      "relation": "mentions",
      "timestamp": "NONE"
    },
    {
      "source": "e8",
      "target": "e2",
      "relation": "mentions",
      "timestamp": "NONE"
    },
    {
      "source": "e2",
      "target": "e9",
      "relation": "mentions",
      "timestamp": "NONE"
    },
    {
      "source": "e9",
      "target": "e2",
      "relation": "mentions",
      "timestamp": "NONE"
    },
    {
      "source": "e2",
      "target": "e10",
      "relation": "mentions",
      "timestamp": "NONE"
    },
    {
      "source": "e10",
      "target": "e2",
      "relation": "mentions",
      "timestamp": "NONE"
    },
    {
      "source": "e2",
      "target": "e11",
      "relation": "mentions",
      "timestamp": "NONE"
    },
    {
      "source": "e11",
      "target": "e2",
      "relation": "mentions",
      "timestamp": "NONE"
    },
    {
      "source": "e2",
      "target": "e12",
      "relation": "mentions",
      "timestamp": "NONE"
    },
    {
      "source": "e12",
      "target": "e2",
      "relation": "mentions",
      "timestamp": "NONE"
    },
    {
      "source": "e2",
      "target": "e13",
      "relation": "mentions",
      "timestamp": "NONE"
    },
    {
      "source": "e13",
      "target": "e2",
      "relation": "mentions",
      "timestamp": "NONE"
    },
    {
      "source": "e2",
      "target": "e14",
      "relation": "mentions",
      "timestamp": "NONE"
    },
    {
      "source": "e14",
      "target": "e2",
      "relation": "mentions",
      "timestamp": "NONE"
    },
    {
      "source": "e2",
      "target": "e15",
      "relation": "mentions",
      "timestamp": "NONE"
    },
    {
      "source": "e15",
      "target": "e2",
      "relation": "mentions",
      "timestamp": "NONE"
    },
    {
      "source": "e2",
      "target": "e16",
      "relation": "mentions",
      "timestamp": "NONE"
    },
    {
      "source": "e16",
      "target": "e2",
      "relation": "mentions",
      "timestamp": "NONE"
    },
    {
      "source": "e2",
      "target": "e17",
      "relation": "mentions",
      "timestamp": "NONE"
    },
    {
      "source": "e17",
      "target": "e2",
      "relation": "mentions",
      "timestamp": "NONE"
    },
    {
      "source": "e2",
      "target": "e18",
      "relation": "mentions",
      "timestamp": "NONE"
    },
    {
      "source": "e18",
      "target": "e2",
      "relation": "mentions",
      "timestamp": "NONE"
    },
    {
      "source": "e2",
      "target": "e19",
      "relation": "mentions",
      "timestamp

2026-06-26 06:43:18,859 - WARNING - RETRYING #12 Dialogue 291, Session: 1. MSG: Unterminated string starting at: line 338 column 17 (char 6633)
 LLM Response: {
  "topics": ["hike", "dog", "name", "deer", "hiking", "unwind", "lake", "mountain", "deer", "crops", "deer", "wildlife"],
  "entities": [
    {
      "id": "e1",
      "name": "Max",
      "type": "OBJECT",
      "timestamp": "NONE",
      "properties": ["name", "dog", "hike"]
    },
    {
      "id": "e2",
      "name": "Canada",
      "type": "LOCATION",
      "timestamp": "NONE",
      "properties": ["location"]
    },
    {
      "id": "e3",
      "name": "South Axe Mountain",
      "type": "LOCATION",
      "timestamp": "NONE",
      "properties": ["location"]
    },
    {
      "id": "e4",
      "name": "farm",
      "type": "LOCATION",
      "timestamp": "NONE",
      "properties": ["location"]
    },
    {
      "id": "e5",
      "name": "Colorado",
      "type": "LOCATION",
      "timestamp": "NONE",
      "properties": ["location"]
    },
    {
      "id": "e6",
      "name": "deer",
      "type": "CONCEPT",
      "timestamp": "NONE",
      "properties": ["animal", "deer"]
    },
    {
      "id": "e7",
      "name": "trucks",
      "type": "OBJECT",
      "timestamp": "NONE",
      "properties": ["vehicle", "truck"]
    },
    {
      "id": "e8",
      "name": "turkeys",
      "type": "CONCEPT",
      "timestamp": "NONE",
      "properties": ["animal", "turkey"]
    },
    {
      "id": "e9",
      "name": "goats",
      "type": "CONCEPT",
      "timestamp": "NONE",
      "properties": ["animal", "goat"]
    },
    {
      "id": "e10",
      "name": "bears",
      "type": "CONCEPT",
      "timestamp": "NONE",
      "properties": ["animal", "bear"]
    },
    {
      "id": "e11",
      "name": "mountain lions",
      "type": "CONCEPT",
      "timestamp": "NONE",
      "properties": ["animal", "mountain lion"]
    },
    {
      "id": "e12",
      "name": "chickens",
      "type": "CONCEPT",
      "timestamp": "NONE",
      "properties": ["animal", "chicken"]
    },
    {
      "id": "e13",
      "name": "cattle",
      "type": "CONCEPT",
      "timestamp": "NONE",
      "properties": ["animal", "cattle"]
    }
  ],
  "relations": [
    {
      "source": "e1",
      "target": "e4",
      "relation": "goes hiking with",
      "timestamp": "NONE"
    },
    {
      "source": "e2",
      "target": "e4",
      "relation": "has deer",
      "timestamp": "NONE"
    },
    {
      "source": "e3",
      "target": "e4",
      "relation": "is located at",
      "timestamp": "NONE"
    },
    {
      "source": "e4",
      "target": "e6",
      "relation": "has deer",
      "timestamp": "NONE"
    },
    {
      "source": "e4",
      "target": "e7",
      "relation": "drives",
      "timestamp": "NONE"
    },
    {
      "source": "e4",
      "target": "e6",
      "relation": "has deer",
      "timestamp": "NONE"
    },
    {
      "source": "e4",
      "target": "e6",
      "relation": "has deer",
      "timestamp": "NONE"
    },
    {
      "source": "e4",
      "target": "e6",
      "relation": "has deer",
      "timestamp": "NONE"
    },
    {
      "source": "e4",
      "target": "e6",
      "relation": "has deer",
      "timestamp": "NONE"
    },
    {
      "source": "e4",
      "target": "e6",
      "relation": "has deer",
      "timestamp": "NONE"
    },
    {
      "source": "e4",
      "target": "e6",
      "relation": "has deer",
      "timestamp": "NONE"
    },
    {
      "source": "e4",
      "target": "e6",
      "relation": "has deer",
      "timestamp": "NONE"
    },
    {
      "source": "e4",
      "target": "e6",
      "relation": "has deer",
      "timestamp": "NONE"
    },
    {
      "source": "e4",
      "target": "e6",
      "relation": "has deer",
      "timestamp": "NONE"
    },
    {
      "source": "e4",
      "target": "e6",
      "relation": "has deer",
      "timestamp": "NONE"
    },
    {
      "source": "e4",
      "target": "e6",
      "relation": "has deer",
      "timestamp": "NONE"
    },
    {
      "source": "e4",
      "target": "e6",
      "relation": "has deer",
      "timestamp": "NONE"
    },
    {
      "source": "e4",
      "target": "e6",
      "relation": "has deer",
      "timestamp": "NONE"
    },
    {
      "source": "e4",
      "target": "e6",
      "relation": "has deer",
      "timestamp": "NONE"
    },
    {
      "source": "e4",
      "target": "e6",
      "relation": "has deer",
      "timestamp": "NONE"
    },
    {
      "source": "e4",
      "target": "e6",
      "relation": "has deer",
      "timestamp": "NONE"
    },
    {
      "source": "e4",
      "target": "e6",
      "relation": "has deer",
      "timestamp": "NONE"
    },
    {
      "source": "e4",
      "target": "e6",
      "relation": "has deer",
      "timestamp": "NONE"
    },
    {
      "source": "e4",
      "target": "e6",
      "relation": "has deer",
      "timestamp": "NONE"
    },
    {
      "source": "e4",
      "target": "e6",
      "relation": "has deer",
      "timestamp": "NONE"
    },
    {
      "source": "e4",
      "target": "e6",
      "relation": "has deer",
      "timestamp": "NONE"
    },
    {
      "source": "e4",
      "target": "e6",
      "relation": "has deer",
      "timestamp": "NONE"
    },
    {
      "source": "e4",
      "target": "e6",
      "relation": "has deer",
      "timestamp": "NONE"
    },
    {
      "source": "e4",
      "target": "e6",
      "relation": "has deer",
      "timestamp": "NONE"
    },
    {
      "source": "e4",
      "target": "e6",
      "relation": "has deer",
      "timestamp": "NONE"
    },
    {
      "source": "e4",
      "target": "e6",
      "relation": "has deer",
      "timestamp": "NONE"
    },
    {
      "source": "e4",
      "target": "e6",
      "relation": "has deer",
      "timestamp": "NONE"
    },
    {
      "source": "e4",
      "target": "e6",
      "relation": "has deer",
      "timestamp": "NONE"
    },
    {
      "source": "e4",
      "target": "e6",
      "relation": "has deer",
      "timestamp": "NONE"
    },
    {
      "source": "e4",
      "target": "e6",
      "relation": "has deer",
      "timestamp": "NONE"
    },
    {
      "source": "e4",
      "target": "e6",
      "relation": "has deer",
      "timestamp": "NONE"
    },
    {
      "source": "e4",
      "target": "e6",
      "relation": "has deer",
      "timestamp": "NONE"
    },
    {
      "source": "e4",
      "target": "e6",
      "relation": "has deer",
      "timestamp": "NONE"
    },
    {
      "source": "e4",
      "target": "e6",
      "relation": "has deer",
      "timestamp": "NONE"
    },
    {
      "source": "e4",
      "target": "e6",
      "relation": "has deer",
      "timestamp": "NONE"
    },
    {
      "source": "

2026-06-26 06:45:37,909 - WARNING - RETRYING #15 Dialogue 3, Session: 0. MSG: Expecting ',' delimiter: line 9 column 28 (char 369)
 LLM Response: {
  "topics": ["greeting", "music genre", "outdoors type", "outdoor activities", "hobbies", "coffee preference", "coffee preference", "coffee brew", "coffee brand", "coffee preference", "coffee brand", "coffee preference"],
  "entities": [
    {
      "id": "e1",
      "name": "Speaker 1",
      "type": "PERSON",
      "timestamp": "NONE",
      "properties": ["role": "speaker"]
    },
    {
      "id": "e2",
      "name": "Speaker 2",
      "type": "PERSON",
      "timestamp": "NONE",
      "properties": ["role": "speaker"]
    },
    {
      "id": "e3",
      "name": "Coffee",
      "type": "CONCEPT",
      "timestamp": "NONE",
      "properties": []
    },
    {
      "id": "e4",
      "name": "Blonde roast",
      "type": "OBJECT",
      "timestamp": "NONE",
      "properties": []
    },
    {
      "id": "e5",
      "name": "Starbucks",
      "type": "ORGANIZATION",
      "timestamp": "NONE",
      "properties": []
    }
  ],
  "relations": [
    {
      "source": "e1",
      "target": "e2",
      "relation": "speaks with",
      "timestamp": "NONE"
    }
  ],
  "is_qna_pattern": true,
  "is_decision_tree": false,
  "is_entity_centric": false
}

2026-06-26 06:58:12,232 - WARNING - RETRYING #2 Dialogue 16, Session: 2. MSG: Expecting property name enclosed in double quotes: line 340 column 22 (char 6690)
 LLM Response: {
  "topics": ["go to park", "how was it", "what did you bring", "did you play games", "you have to love", "did you play games", "teach them respect", "great to teach kids", "did you actually relax", "do you spend time", "what did you think", "what did you think"],
  "entities": [
    {
      "id": "e1",
      "name": "Kids",
      "type": "OTHER",
      "timestamp": "NONE",
      "properties": ["activity: running", "age: young"]
    },
    {
      "id": "e2",
      "name": "Park",
      "type": "LOCATION",
      "timestamp": "NONE",
      "properties": ["activity: running", "event: duck watching"]
    },
    {
      "id": "e3",
      "name": "Ducks",
      "type": "OTHER",
      "timestamp": "NONE",
      "properties": ["behavior: territorial", "activity: chasing"]
    },
    {
      "id": "e4",
      "name": "Iced tea",
      "type": "OBJECT",
      "timestamp": "NONE",
      "properties": ["type: beverage"]
    },
    {
      "id": "e5",
      "name": "Sandwiches",
      "type": "OBJECT",
      "timestamp": "NONE",
      "properties": ["type: food"]
    },
    {
      "id": "e6",
      "name": "Snacks",
      "type": "OBJECT",
      "timestamp": "NONE",
      "properties": ["type: food"]
    },
    {
      "id": "e7",
      "name": "Ragnorak",
      "type": "ACTIVITY",
      "timestamp": "NONE",
      "properties": ["type: TV show", "season: 2"]
    },
    {
      "id": "e8",
      "name": "Netflix",
      "type": "ACTIVITY",
      "timestamp": "NONE",
      "properties": ["type: streaming service"]
    },
    {
      "id": "e9",
      "name": "Subtitles",
      "type": "OTHER",
      "timestamp": "NONE",
      "properties": ["type: text"]
    }
  ],
  "relations": [
    {
      "source": "e1",
      "target": "e2",
      "relation": "enjoy",
      "timestamp": "NONE"
    },
    {
      "source": "e1",
      "target": "e3",
      "relation": "interact with",
      "timestamp": "NONE"
    },
    {
      "source": "e1",
      "target": "e4",
      "relation": "bring",
      "timestamp": "NONE"
    },
    {
      "source": "e1",
      "target": "e5",
      "relation": "bring",
      "timestamp": "NONE"
    },
    {
      "source": "e1",
      "target": "e6",
      "relation": "bring",
      "timestamp": "NONE"
    },
    {
      "source": "e1",
      "target": "e3",
      "relation": "chase",
      "timestamp": "NONE"
    },
    {
      "source": "e1",
      "target": "e3",
      "relation": "pet",
      "timestamp": "NONE"
    },
    {
      "source": "e1",
      "target": "e3",
      "relation": "run away from",
      "timestamp": "NONE"
    },
    {
      "source": "e1",
      "target": "e2",
      "relation": "watch",
      "timestamp": "NONE"
    },
    {
      "source": "e1",
      "target": "e2",
      "relation": "relax",
      "timestamp": "NONE"
    },
    {
      "source": "e1",
      "target": "e2",
      "relation": "watch",
      "timestamp": "NONE"
    },
    {
      "source": "e1",
      "target": "e2",
      "relation": "watch",
      "timestamp": "NONE"
    },
    {
      "source": "e1",
      "target": "e2",
      "relation": "watch",
      "timestamp": "NONE"
    },
    {
      "source": "e1",
      "target": "e2",
      "relation": "watch",
      "timestamp": "NONE"
    },
    {
      "source": "e1",
      "target": "e2",
      "relation": "watch",
      "timestamp": "NONE"
    },
    {
      "source": "e1",
      "target": "e2",
      "relation": "watch",
      "timestamp": "NONE"
    },
    {
      "source": "e1",
      "target": "e2",
      "relation": "watch",
      "timestamp": "NONE"
    },
    {
      "source": "e1",
      "target": "e2",
      "relation": "watch",
      "timestamp": "NONE"
    },
    {
      "source": "e1",
      "target": "e2",
      "relation": "watch",
      "timestamp": "NONE"
    },
    {
      "source": "e1",
      "target": "e2",
      "relation": "watch",
      "timestamp": "NONE"
    },
    {
      "source": "e1",
      "target": "e2",
      "relation": "watch",
      "timestamp": "NONE"
    },
    {
      "source": "e1",
      "target": "e2",
      "relation": "watch",
      "timestamp": "NONE"
    },
    {
      "source": "e1",
      "target": "e2",
      "relation": "watch",
      "timestamp": "NONE"
    },
    {
      "source": "e1",
      "target": "e2",
      "relation": "watch",
      "timestamp": "NONE"
    },
    {
      "source": "e1",
      "target": "e2",
      "relation": "watch",
      "timestamp": "NONE"
    },
    {
      "source": "e1",
      "target": "e2",
      "relation": "watch",
      "timestamp": "NONE"
    },
    {
      "source": "e1",
      "target": "e2",
      "relation": "watch",
      "timestamp": "NONE"
    },
    {
      "source": "e1",
      "target": "e2",
      "relation": "watch",
      "timestamp": "NONE"
    },
    {
      "source": "e1",
      "target": "e2",
      "relation": "watch",
      "timestamp": "NONE"
    },
    {
      "source": "e1",
      "target": "e2",
      "relation": "watch",
      "timestamp": "NONE"
    },
    {
      "source": "e1",
      "target": "e2",
      "relation": "watch",
      "timestamp": "NONE"
    },
    {
      "source": "e1",
      "target": "e2",
      "relation": "watch",
      "timestamp": "NONE"
    },
    {
      "source": "e1",
      "target": "e2",
      "relation": "watch",
      "timestamp": "NONE"
    },
    {
      "source": "e1",
      "target": "e2",
      "relation": "watch",
      "timestamp": "NONE"
    },
    {
      "source": "e1",
      "target": "e2",
      "relation": "watch",
      "timestamp": "NONE"
    },
    {
      "source": "e1",
      "target": "e2",
      "relation": "watch",
      "timestamp": "NONE"
    },
    {
      "source": "e1",
      "target": "e2",
      "relation": "watch",
      "timestamp": "NONE"
    },
    {
      "source": "e1",
      "target": "e2",
      "relation": "watch",
      "timestamp": "NONE"
    },
    {
      "source": "e1",
      "target": "e2",
      "relation": "watch",
      "timestamp": "NONE"
    },
    {
      "source": "e1",
      "target": "e2",
      "relation": "watch",
      "timestamp": "NONE"
    },
    {
      "source": "e1",
      "target": "e2",
      "relation": "watch",
      "timestamp": "NONE"
    },
    {
      "source": "e1",
      "target": "e2",
      "relation": "watch",
      "timestamp": "NONE"
    },
    {
      "source": "e1",
      "target": "e2",
      "relation": "watch",
      "timestamp": "NONE"
    },
    {
      "source": "e1",
      "target": "e2",
      "relation": "watch",
      "timestamp": "NONE"
    },
    {
      "source": "e1",
      "target": "e2",
      "relation": "watch",
      "timestamp": "NONE"
    },
    {
      "source": "e1",

2026-06-26 07:02:21,029 - WARNING - RETRYING #1 Dialogue 19, Session: 2. MSG: Unterminated string starting at: line 338 column 17 (char 6754)
 LLM Response: {
  "topics": ["writing", "research", "travels", "contact", "documentaries", "anime", "visit", "income", "career", "passion", "book", "parents"],
  "entities": [
    {
      "id": "e1",
      "name": "Speaker 1",
      "type": "PERSON",
      "timestamp": "NONE",
      "properties": ["occupation", "interests"]
    },
    {
      "id": "e2",
      "name": "Speaker 2",
      "type": "PERSON",
      "timestamp": "NONE",
      "properties": ["occupation", "interests"]
    },
    {
      "id": "e3",
      "name": "Japanese internment",
      "type": "EVENT",
      "timestamp": "NONE",
      "properties": []
    },
    {
      "id": "e4",
      "name": "Japanese culture",
      "type": "CONCEPT",
      "timestamp": "NONE",
      "properties": []
    },
    {
      "id": "e5",
      "name": "Japanese documentaries",
      "type": "EVENT",
      "timestamp": "NONE",
      "properties": []
    },
    {
      "id": "e6",
      "name": "Anime",
      "type": "ACTIVITY",
      "timestamp": "NONE",
      "properties": []
    },
    {
      "id": "e7",
      "name": "Game development studio",
      "type": "ORGANIZATION",
      "timestamp": "NONE",
      "properties": []
    },
    {
      "id": "e8",
      "name": "Doctor",
      "type": "CONCEPT",
      "timestamp": "NONE",
      "properties": []
    },
    {
      "id": "e9",
      "name": "Lawyer",
      "type": "CONCEPT",
      "timestamp": "NONE",
      "properties": []
    },
    {
      "id": "e10",
      "name": "Engineer",
      "type": "CONCEPT",
      "timestamp": "NONE",
      "properties": []
    },
    {
      "id": "e11",
      "name": "Writer",
      "type": "CONCEPT",
      "timestamp": "NONE",
      "properties": []
    },
    {
      "id": "e12",
      "name": "Gaming industry",
      "type": "CONCEPT",
      "timestamp": "NONE",
      "properties": []
    }
  ],
  "relations": [
    {
      "source": "e1",
      "target": "e3",
      "relation": "researched",
      "timestamp": "NONE"
    },
    {
      "source": "e1",
      "target": "e4",
      "relation": "drawn from",
      "timestamp": "NONE"
    },
    {
      "source": "e1",
      "target": "e2",
      "relation": "kept in touch with",
      "timestamp": "NONE"
    },
    {
      "source": "e2",
      "target": "e5",
      "relation": "watched",
      "timestamp": "NONE"
    },
    {
      "source": "e2",
      "target": "e6",
      "relation": "exposed to",
      "timestamp": "NONE"
    },
    {
      "source": "e1",
      "target": "e7",
      "relation": "works for",
      "timestamp": "NONE"
    },
    {
      "source": "e2",
      "target": "e7",
      "relation": "works for",
      "timestamp": "NONE"
    },
    {
      "source": "e1",
      "target": "e11",
      "relation": "aspires to be",
      "timestamp": "NONE"
    },
    {
      "source": "e2",
      "target": "e11",
      "relation": "aspires to be",
      "timestamp": "NONE"
    },
    {
      "source": "e1",
      "target": "e8",
      "relation": "prefers to be",
      "timestamp": "NONE"
    },
    {
      "source": "e1",
      "target": "e9",
      "relation": "prefers to be",
      "timestamp": "NONE"
    },
    {
      "source": "e1",
      "target": "e10",
      "relation": "prefers to be",
      "timestamp": "NONE"
    },
    {
      "source": "e1",
      "target": "e12",
      "relation": "works in",
      "timestamp": "NONE"
    },
    {
      "source": "e2",
      "target": "e12",
      "relation": "works in",
      "timestamp": "NONE"
    },
    {
      "source": "e1",
      "target": "e12",
      "relation": "interested in",
      "timestamp": "NONE"
    },
    {
      "source": "e1",
      "target": "e12",
      "relation": "interested in",
      "timestamp": "NONE"
    },
    {
      "source": "e1",
      "target": "e12",
      "relation": "interested in",
      "timestamp": "NONE"
    },
    {
      "source": "e1",
      "target": "e12",
      "relation": "interested in",
      "timestamp": "NONE"
    },
    {
      "source": "e1",
      "target": "e12",
      "relation": "interested in",
      "timestamp": "NONE"
    },
    {
      "source": "e1",
      "target": "e12",
      "relation": "interested in",
      "timestamp": "NONE"
    },
    {
      "source": "e1",
      "target": "e12",
      "relation": "interested in",
      "timestamp": "NONE"
    },
    {
      "source": "e1",
      "target": "e12",
      "relation": "interested in",
      "timestamp": "NONE"
    },
    {
      "source": "e1",
      "target": "e12",
      "relation": "interested in",
      "timestamp": "NONE"
    },
    {
      "source": "e1",
      "target": "e12",
      "relation": "interested in",
      "timestamp": "NONE"
    },
    {
      "source": "e1",
      "target": "e12",
      "relation": "interested in",
      "timestamp": "NONE"
    },
    {
      "source": "e1",
      "target": "e12",
      "relation": "interested in",
      "timestamp": "NONE"
    },
    {
      "source": "e1",
      "target": "e12",
      "relation": "interested in",
      "timestamp": "NONE"
    },
    {
      "source": "e1",
      "target": "e12",
      "relation": "interested in",
      "timestamp": "NONE"
    },
    {
      "source": "e1",
      "target": "e12",
      "relation": "interested in",
      "timestamp": "NONE"
    },
    {
      "source": "e1",
      "target": "e12",
      "relation": "interested in",
      "timestamp": "NONE"
    },
    {
      "source": "e1",
      "target": "e12",
      "relation": "interested in",
      "timestamp": "NONE"
    },
    {
      "source": "e1",
      "target": "e12",
      "relation": "interested in",
      "timestamp": "NONE"
    },
    {
      "source": "e1",
      "target": "e12",
      "relation": "interested in",
      "timestamp": "NONE"
    },
    {
      "source": "e1",
      "target": "e12",
      "relation": "interested in",
      "timestamp": "NONE"
    },
    {
      "source": "e1",
      "target": "e12",
      "relation": "interested in",
      "timestamp": "NONE"
    },
    {
      "source": "e1",
      "target": "e12",
      "relation": "interested in",
      "timestamp": "NONE"
    },
    {
      "source": "e1",
      "target": "e12",
      "relation": "interested in",
      "timestamp": "NONE"
    },
    {
      "source": "e1",
      "target": "e12",
      "relation": "interested in",
      "timestamp": "NONE"
    },
    {
      "source": "e1",
      "target": "e12",
      "relation": "interested in",
      "timestamp": "NONE"
    },
    {
      "source": "e1",
      "target": "e12",
      "relation": "interested in",
      "timestamp": "NONE"
    },
    {
      "source": "e1",
      "target": "e12",
      "relation": "interested in",
      "timestamp": "NONE"
    },
    {
      "source": "e1",
      "target": "e

2026-06-26 07:09:11,729 - WARNING - RETRYING #3 Dialogue 26, Session: 1. MSG: Expecting ',' delimiter: line 9 column 28 (char 365)
 LLM Response: {
  "topics": ["hike finished", "soccer game", "hike details", "hike safety", "weather impact", "trail conditions", "injury incident", "injury concern", "game time", "game location", "water advice", "water preference"],
  "entities": [
    {
      "id": "e1",
      "name": "Speaker 1",
      "type": "PERSON",
      "timestamp": "NONE",
      "properties": ["role": "hiker", "activity": "hiking"]
    },
    {
      "id": "e2",
      "name": "Speaker 2",
      "type": "PERSON",
      "timestamp": "NONE",
      "properties": ["role": "friend", "activity": "soccer game"]
    },
    {
      "id": "e3",
      "name": "Dave",
      "type": "PERSON",
      "timestamp": "NONE",
      "properties": ["role": "hiker", "injury": "twisted ankle"]
    },
    {
      "id": "e4",
      "name": "Park",
      "type": "LOCATION",
      "timestamp": "NONE",
      "properties": ["activity": "soccer game", "location": "park"]
    },
    {
      "id": "e5",
      "name": "Fountain",
      "type": "OBJECT",
      "timestamp": "NONE",
      "properties": ["location": "park", "taste": "funny"]
    }
  ],
  "relations": [
    {
      "source": "e1",
      "target": "e2",
      "relation": "friend of",
      "timestamp": "NONE"
    },
    {
      "source": "e1",
      "target": "e3",
      "relation": "hiked with",
      "timestamp": "NONE"
    },
    {
      "source": "e3",
      "target": "e4",
      "relation": "played at",
      "timestamp": "NONE"
    },
    {
      "source": "e1",
      "target": "e4",
      "relation": "will play at",
      "timestamp": "NONE"
    },
    {
      "source": "e1",
      "target": "e5",
      "relation": "will visit",
      "timestamp": "NONE"
    }
  ],
  "is_qna_pattern": true,
  "is_decision_tree": false,
  "is_entity_centric": true
}

2026-06-26 07:09:35,825 - WARNING - RETRYING #11 Dialogue 27, Session: 4. MSG: Unterminated string starting at: line 66 column 32 (char 6308)
 LLM Response: {
  "topics": ["gig with LA Phil", "when is the gig", "performance dates and nervousness", "type of music", "vegan diet", "vegan chili recipe", "vegan meal ideas", "recipes and plant based meals", "skydiving", "skydiving experience", "skydiving for charity", "charity activities"],
  "entities": [
    {"id": "e1", "name": "Speaker 1", "type": "PERSON", "timestamp": "NONE", "properties": ["role", "passion", "nervousness"]},
    {"id": "e2", "name": "Speaker 2", "type": "PERSON", "timestamp": "NONE", "properties": ["role", "vegan diet", "recipe", "charity activities"]},
    {"id": "e3", "name": "LA Phil", "type": "ORGANIZATION", "timestamp": "NONE", "properties": ["event"]},
    {"id": "e4", "name": "Hollywood Bowl", "type": "LOCATION", "timestamp": "NONE", "properties": ["event"]},
    {"id": "e5", "name": "Contemporary music", "type": "ACTIVITY", "timestamp": "NONE", "properties": ["type"]},
    {"id": "e6", "name": "Country ballads", "type": "ACTIVITY", "timestamp": "NONE", "properties": ["type"]},
    {"id": "e7", "name": "Vegan diet", "type": "CONCEPT", "timestamp": "NONE", "properties": ["diet", "protein"]},
    {"id": "e8", "name": "Vegan chili", "type": "OBJECT", "timestamp": "NONE", "properties": ["recipe", "type"]},
    {"id": "e9", "name": "Skydiving", "type": "ACTIVITY", "timestamp": "NONE", "properties": ["adrenaline", "experience"]},
    {"id": "e10", "name": "Childrens hospital", "type": "ORGANIZATION", "timestamp": "NONE", "properties": ["charity"]},
    {"id": "e11", "name": "Charity activities", "type": "CONCEPT", "timestamp": "NONE", "properties": ["activity"]},
    {"id": "e12", "name": "Bucket list", "type": "CONCEPT", "timestamp": "NONE", "properties": ["list"]},
    {"id": "e13", "name": "Protein shakes", "type": "OBJECT", "timestamp": "NONE", "properties": ["diet", "type"]},
    {"id": "e14", "name": "Simple meals", "type": "ACTIVITY", "timestamp": "NONE", "properties": ["type"]},
    {"id": "e15", "name": "Plant based meals", "type": "ACTIVITY", "timestamp": "NONE", "properties": ["type"]},
    {"id": "e16", "name": "Jumps", "type": "ACTIVITY", "timestamp": "NONE", "properties": ["type"]},
    {"id": "e17", "name": "Skydiving for charity", "type": "EVENT", "timestamp": "NONE", "properties": ["activity", "charity"]},
    {"id": "e18", "name": "Work", "type": "ACTIVITY", "timestamp": "NONE", "properties": ["type"]},
    {"id": "e19", "name": "College friend", "type": "PERSON", "timestamp": "NONE", "properties": ["relationship"]},
    {"id": "e20", "name": "Adrenaline", "type": "CONCEPT", "timestamp": "NONE", "properties": ["feeling"]},
    {"id": "e21", "name": "Fear", "type": "CONCEPT", "timestamp": "NONE", "properties": ["emotion"]},
    {"id": "e22", "name": "Experience", "type": "CONCEPT", "timestamp": "NONE", "properties": ["type"]},
    {"id": "e23", "name": "Work schedule", "type": "CONCEPT", "timestamp": "NONE", "properties": ["type"]},
    {"id": "e24", "name": "Vegan recipes", "type": "ACTIVITY", "timestamp": "NONE", "properties": ["type"]},
    {"id": "e25", "name": "Charity", "type": "CONCEPT", "timestamp": "NONE", "properties": ["activity"]},
    {"id": "e26", "name": "Childrens hospital", "type": "ORGANIZATION", "timestamp": "NONE", "properties": ["charity"]},
    {"id": "e27", "name": "Bucket list", "type": "CONCEPT", "timestamp": "NONE", "properties": ["list"]}
  ],
  "relations": [
    {"source": "e1", "target": "e3", "relation": "performing for", "timestamp": "NONE"},
    {"source": "e1", "target": "e4", "relation": "performing at", "timestamp": "NONE"},
    {"source": "e2", "target": "e1", "relation": "audience of", "timestamp": "NONE"},
    {"source": "e2", "target": "e1", "relation": "interested in", "timestamp": "NONE"},
    {"source": "e2", "target": "e1", "relation": "passionate about", "timestamp": "NONE"},
    {"source": "e2", "target": "e1", "relation": "nervous about", "timestamp": "NONE"},
    {"source": "e2", "target": "e5", "relation": "interested in", "timestamp": "NONE"},
    {"source": "e2", "target": "e6", "relation": "interested in", "timestamp": "NONE"},
    {"source": "e2", "target": "e7", "relation": "following", "timestamp": "NONE"},
    {"source": "e2", "target": "e8", "relation": "received", "timestamp": "NONE"},
    {"source": "e2", "target": "e1", "relation": "interested in", "timestamp": "NONE"},
    {"source": "e2", "target": "e1", "relation": "interested in", "timestamp": "NONE"},
    {"source": "e2", "target": "e1", "relation": "interested in", "timestamp": "NONE"},
    {"source": "e2", "target": "e1", "relation": "interested in", "timestamp": "NONE"},
    {"source": "e2", "target": "e1", "relation": "interested in", "timestamp": "NONE"},
    {"source": "e2", "target": "e1", "relation": "interested in", "timestamp": "NONE"},
    {"source": "e2", "target": "e1", "relation": "interested in", "timestamp": "NONE"},
    {"source": "e2", "target": "e1", "relation": "interested in", "timestamp": "NONE"},
    {"source": "e2", "target": "e1", "relation": "interested in", "timestamp": "NONE"},
    {"source": "e2", "target": "e1", "relation": "interested in", "timestamp": "NONE"},
    {"source": "e2", "target": "e1", "relation": "interested in", "timestamp": "NONE"},
    {"source": "e2", "target": "e1", "relation": "interested in", "timestamp": "NONE"},
    {"source": "e2", "target": "e1", "relation": "interested in", "timestamp": "NONE"},
    {"source": "e2", "target": "e1", "relation": "interested in", "timestamp": "NONE"},
    {"source": "e2", "target": "e1", "relation": "interested in", "timestamp": "NONE"},
    {"source": "e2", "target": "e1", "relation": "interested in", "timestamp": "NONE"},
    {"source": "e2", "target": "e1", "relation": "interested in", "timestamp": "NONE"},
    {"source": "e2", "target": "e1", "relation": "interested in", "timestamp": "NONE"},
    {"source": "e2", "target": "e1", "relation": "interested in", "timestamp": "NONE"},
    {"source": "e2", "target": "e1", "relation": "interested in", "timestamp": "NONE"},
    {"source": "e2", "target": "e1", "relation": "interested in", "timestamp": "NONE"},
    {"source": "e2", "target": "e1", "relation": "interested in", "timestamp": "NONE"},
    {"source": "e2", "target": "e1", "relation": "interested in", "timestamp": "NONE"},
    {"source": "e2", "target": "e1

2026-06-26 07:19:15,730 - WARNING - RETRYING #3 Dialogue 35, Session: 4. MSG: Expecting value: line 51 column 26 (char 5662)
 LLM Response: {
  "topics": ["landlord serval", "wild animal", "serval taming", "landlord apartment", "animal shelter", "dog cat integration", "cat trial basis", "dog loss", "australian shepherd", "rabbit pet", "red squirrel", "squirrel countries"],
  "entities": [
    {"id": "e1", "name": "landlord", "type": "PERSON", "timestamp": "turn 0", "properties": ["role", "apartment"]},
    {"id": "e2", "name": "serval", "type": "ANIMAL", "timestamp": "turn 0", "properties": ["wild animal", "taming"]},
    {"id": "e3", "name": "sister", "type": "PERSON", "timestamp": "turn 2", "properties": ["animal shelter"]},
    {"id": "e4", "name": "dog", "type": "ANIMAL", "timestamp": "turn 2", "properties": ["cat integration"]},
    {"id": "e5", "name": "cat", "type": "ANIMAL", "timestamp": "turn 2", "properties": ["trial basis"]},
    {"id": "e6", "name": "australian shepherd", "type": "ANIMAL", "timestamp": "turn 6", "properties": ["cancer", "blue eyes"]},
    {"id": "e7", "name": "rabbit", "type": "ANIMAL", "timestamp": "turn 9", "properties": ["name", "cuddly", "bites"]},
    {"id": "e8", "name": "red squirrel", "type": "ANIMAL", "timestamp": "turn 10", "properties": ["adorable", "Scotland"]},
    {"id": "e9", "name": "Maggie", "type": "ANIMAL", "timestamp": "turn 8", "properties": ["brown eyes"]},
    {"id": "e10", "name": "Lil", "type": "ANIMAL", "timestamp": "turn 9", "properties": ["name", "rabbit"]},
    {"id": "e11", "name": "labrador", "type": "ANIMAL", "timestamp": "turn 7", "properties": ["black", "companion"]},
    {"id": "e12", "name": "brother", "type": "PERSON", "timestamp": "turn 8", "properties": ["rescued squirrel"]},
    {"id": "e13", "name": "Scotland", "type": "LOCATION", "timestamp": "turn 9", "properties": ["red squirrels"]},
    {"id": "e14", "name": "Europe", "type": "LOCATION", "timestamp": "turn 11", "properties": ["visited"]},
    {"id": "e15", "name": "USA", "type": "LOCATION", "timestamp": "turn 11", "properties": ["red squirrels"]},
    {"id": "e16", "name": "squirrel", "type": "ANIMAL", "timestamp": "turn 10", "properties": ["red", "USA"]},
    {"id": "e17", "name": "animal shelter", "type": "ORGANIZATION", "timestamp": "turn 2", "properties": ["sister"]},
    {"id": "e18", "name": "dog", "type": "ANIMAL", "timestamp": "turn 6", "properties": ["lost", "15 years old"]},
    {"id": "e19", "name": "rabbit", "type": "ANIMAL", "timestamp": "turn 9", "properties": ["name", "Lil"]},
    {"id": "e20", "name": "squirrel", "type": "ANIMAL", "timestamp": "turn 10", "properties": ["red", "Scotland"]},
    {"id": "e21", "name": "squirrel", "type": "ANIMAL", "timestamp": "turn 11", "properties": ["red", "USA"]},
    {"id": "e22", "name": "dog", "type": "ANIMAL", "timestamp": "turn 6", "properties": ["lost", "15 years old"]},
    {"id": "e23", "name": "dog", "type": "ANIMAL", "timestamp": "turn 6", "properties": ["lost", "15 years old"]},
    {"id": "e24", "name": "dog", "type": "ANIMAL", "timestamp": "turn 6", "properties": ["lost", "15 years old"]},
    {"id": "e25", "name": "dog", "type": "ANIMAL", "timestamp": "turn 6", "properties": ["lost", "15 years old"]},
    {"id": "e26", "name": "dog", "type": "ANIMAL", "timestamp": "turn 6", "properties": ["lost", "15 years old"]},
    {"id": "e27", "name": "dog", "type": "ANIMAL", "timestamp": "turn 6", "properties": ["lost", "15 years old"]},
    {"id": "e28", "name": "dog", "type": "ANIMAL", "timestamp": "turn 6", "properties": ["lost", "15 years old"]},
    {"id": "e29", "name": "dog", "type": "ANIMAL", "timestamp": "turn 6", "properties": ["lost", "15 years old"]},
    {"id": "e30", "name": "dog", "type": "ANIMAL", "timestamp": "turn 6", "properties": ["lost", "15 years old"]},
    {"id": "e31", "name": "dog", "type": "ANIMAL", "timestamp": "turn 6", "properties": ["lost", "15 years old"]},
    {"id": "e32", "name": "dog", "type": "ANIMAL", "timestamp": "turn 6", "properties": ["lost", "15 years old"]},
    {"id": "e33", "name": "dog", "type": "ANIMAL", "timestamp": "turn 6", "properties": ["lost", "15 years old"]},
    {"id": "e34", "name": "dog", "type": "ANIMAL", "timestamp": "turn 6", "properties": ["lost", "15 years old"]},
    {"id": "e35", "name": "dog", "type": "ANIMAL", "timestamp": "turn 6", "properties": ["lost", "15 years old"]},
    {"id": "e36", "name": "dog", "type": "ANIMAL", "timestamp": "turn 6", "properties": ["lost", "15 years old"]},
    {"id": "e37", "name": "dog", "type": "ANIMAL", "timestamp": "turn 6", "properties": ["lost", "15 years old"]},
    {"id": "e38", "name": "dog", "type": "ANIMAL", "timestamp": "turn 6", "properties": ["lost", "15 years old"]},
    {"id": "e39", "name": "dog", "type": "ANIMAL", "timestamp": "turn 6", "properties": ["lost", "15 years old"]},
    {"id": "e40", "name": "dog", "type": "ANIMAL", "timestamp": "turn 6", "properties": ["lost", "15 years old"]},
    {"id": "e41", "name": "dog", "type": "ANIMAL", "timestamp": "turn 6", "properties": ["lost", "15 years old"]},
    {"id": "e42", "name": "dog", "type": "ANIMAL", "timestamp": "turn 6", "properties": ["lost", "15 years old"]},
    {"id": "e43", "name": "dog", "type": "ANIMAL", "timestamp": "turn 6", "properties": ["lost", "15 years old"]},
    {"id": "e44", "name": "dog", "type": "ANIMAL", "timestamp": "turn 6", "properties": ["lost", "15 years old"]},
    {"id": "e45", "name": "dog", "type": "ANIMAL", "timestamp": "turn 6", "properties": ["lost", "15 years old"]},
    {"id": "e46", "name": "dog", "type": "ANIMAL", "timestamp": "turn 6", "properties": ["lost", "15 years old"]},
    {"id": "e47", "name": "dog", "type": "ANIMAL", "timestamp": "turn 6", "properties": ["lost", "15 years old"]},
    {"id": "e48", "name":

2026-06-26 07:33:05,388 - WARNING - RETRYING #10 Dialogue 56, Session: 2. MSG: Expecting ',' delimiter: line 30 column 30 (char 712)
 LLM Response: {
  "topics": ["allergies", "cats", "allergies", "cats", "space", "furniture", "furniture", "furniture", "furniture", "books", "books", "work"],
  "entities": [
    {
      "id": "e1",
      "name": "Speaker 1",
      "type": "PERSON",
      "timestamp": "NONE",
      "properties": ["allergies"]
    },
    {
      "id": "e2",
      "name": "Speaker 2",
      "type": "PERSON",
      "timestamp": "NONE",
      "properties": ["allergies"]
    },
    {
      "id": "e3",
      "name": "Sphinx cat",
      "type": "CONCEPT",
      "timestamp": "NONE",
      "properties": []
    },
    {
      "id": "e4",
      "name": "Animal Farm",
      "type": "BOOK",
      "timestamp": "NONE",
      "properties": ["author": "George Orwell"]
    },
    {
      "id": "e5",
      "name": "George Orwell",
      "type": "PERSON",
      "timestamp": "NONE",
      "properties": ["author of": "Animal Farm"]
    },
    {
      "id": "e6",
      "name": "IKEA",
      "type": "ORGANIZATION",
      "timestamp": "NONE",
      "properties": ["furniture store"]
    },
    {
      "id": "e7",
      "name": "dogs",
      "type": "CONCEPT",
      "timestamp": "NONE",
      "properties": []
    },
    {
      "id": "e8",
      "name": "furniture",
      "type": "CONCEPT",
      "timestamp": "NONE",
      "properties": []
    },
    {
      "id": "e9",
      "name": "apartment",
      "type": "LOCATION",
      "timestamp": "NONE",
      "properties": []
    },
    {
      "id": "e10",
      "name": "work",
      "type": "ACTIVITY",
      "timestamp": "NONE",
      "properties": []
    }
  ],
  "relations": [
    {
      "source": "e1",
      "target": "e3",
      "relation": "interested in",
      "timestamp": "NONE"
    },
    {
      "source": "e2",
      "target": "e3",
      "relation": "interested in",
      "timestamp": "NONE"
    },
    {
      "source": "e2",
      "target": "e9",
      "relation": "lives in",
      "timestamp": "NONE"
    },
    {
      "source": "e1",
      "target": "e9",
      "relation": "lives in",
      "timestamp": "NONE"
    },
    {
      "source": "e2",
      "target": "e6",
      "relation": "interested in",
      "timestamp": "NONE"
    },
    {
      "source": "e1",
      "target": "e4",
      "relation": "read",
      "timestamp": "NONE"
    },
    {
      "source": "e2",
      "target": "e5",
      "relation": "read",
      "timestamp": "NONE"
    },
    {
      "source": "e2",
      "target": "e10",
      "relation": "engaged in",
      "timestamp": "NONE"
    }
  ],
  "is_qna_pattern": true,
  "is_decision_tree": false,
  "is_entity_centric": true
}

2026-06-26 07:33:20,726 - ERROR - #10 Dialogue 56, Session: 2 data extraction failed. MSG: Expecting ',' delimiter: line 30 column 30 (char 712)
 LLM Response: {
  "topics": ["allergies", "cats", "allergies", "cats", "space", "furniture", "furniture", "furniture", "furniture", "books", "books", "work"],
  "entities": [
    {
      "id": "e1",
      "name": "Speaker 1",
      "type": "PERSON",
      "timestamp": "NONE",
      "properties": ["allergies"]
    },
    {
      "id": "e2",
      "name": "Speaker 2",
      "type": "PERSON",
      "timestamp": "NONE",
      "properties": ["allergies"]
    },
    {
      "id": "e3",
      "name": "Sphinx cat",
      "type": "CONCEPT",
      "timestamp": "NONE",
      "properties": []
    },
    {
      "id": "e4",
      "name": "Animal Farm",
      "type": "BOOK",
      "timestamp": "NONE",
      "properties": ["author": "George Orwell"]
    },
    {
      "id": "e5",
      "name": "George Orwell",
      "type": "PERSON",
      "timestamp": "NONE",
      "properties": ["author of": "Animal Farm"]
    }
  ],
  "relations": [
    {
      "source": "e1",
      "target": "e3",
      "relation": "interested in",
      "timestamp": "NONE"
    },
    {
      "source": "e2",
      "target": "e3",
      "relation": "interested in",
      "timestamp": "NONE"
    },
    {
      "source": "e2",
      "target": "e4",
      "relation": "read",
      "timestamp": "NONE"
    },
    {
      "source": "e2",
      "target": "e5",
      "relation": "author of",
      "timestamp": "NONE"
    },
    {
      "source": "e1",
      "target": "e5",
      "relation": "read",
      "timestamp": "NONE"
    }
  ],
  "is_qna_pattern": true,
  "is_decision_tree": false,
  "is_entity_centric": true
}

2026-06-26 07:48:30,954 - WARNING - RETRYING #4 Dialogue 74, Session: 2. MSG: Expecting ',' delimiter: line 10 column 5 (char 431)
 LLM Response: {
  "topics": ["watch show", "how far in", "show better than trilogy", "not a fan but love Mando", "started WandaVision", "suggest WandaVision", "comic book fan", "watch Gordon Ramsey", "underrated show", "better than MasterChef", "try show", "watch Saul"],
  "entities": [
    {
      "id": "e1",
      "name": "The Mandalorian",
      "type": "ACTIVITY",
      "timestamp": "Turn 0",
      "properties": ["show", "Disney+"]}
    },
    {
      "id": "e2",
      "name": "WandaVision",
      "type": "ACTIVITY",
      "timestamp": "Turn 4",
      "properties": ["show", "comic book"]}
    },
    {
      "id": "e3",
      "name": "Gordon Ramsey",
      "type": "PERSON",
      "timestamp": "Turn 7",
      "properties": ["show", "co-host"]}
    },
    {
      "id": "e4",
      "name": "Jeff Goldblum",
      "type": "PERSON",
      "timestamp": "Turn 7",
      "properties": ["show", "co-host"]}
    },
    {
      "id": "e5",
      "name": "Encore",
      "type": "ACTIVITY",
      "timestamp": "Turn 7",
      "properties": ["show", "underrated"]}
    },
    {
      "id": "e6",
      "name": "MasterChef",
      "type": "ACTIVITY",
      "timestamp": "Turn 8",
      "properties": ["show", "food"]}
    },
    {
      "id": "e7",
      "name": "MasterChef Junior",
      "type": "ACTIVITY",
      "timestamp": "Turn 8",
      "properties": ["show", "food"]}
    },
    {
      "id": "e8",
      "name": "Anthony Bourdain",
      "type": "PERSON",
      "timestamp": "Turn 10",
      "properties": ["show", "food", "deceased"]}
    },
    {
      "id": "e9",
      "name": "Saul",
      "type": "ACTIVITY",
      "timestamp": "Turn 11",
      "properties": ["show", "Breaking Bad"]}
    },
    {
      "id": "e10",
      "name": "Dick Van Dyke",
      "type": "CONCEPT",
      "timestamp": "Turn 5",
      "properties": ["show", "reference"]}
    },
    {
      "id": "e11",
      "name": "Winter Soldier",
      "type": "ACTIVITY",
      "timestamp": "Turn 6",
      "properties": ["show", "Captain America"]}
    },
    {
      "id": "e12",
      "name": "Scarlett Witch",
      "type": "CONCEPT",
      "timestamp": "Turn 6",
      "properties": ["show", "reference"]}
    }
  ],
  "relations": [
    {
      "source": "e1",
      "target": "e2",
      "relation": "suggest",
      "timestamp": "Turn 5"
    },
    {
      "source": "e2",
      "target": "e10",
      "relation": "based on",
      "timestamp": "Turn 5"
    },
    {
      "source": "e3",
      "target": "e4",
      "relation": "co-host",
      "timestamp": "Turn 7"
    },
    {
      "source": "e5",
      "target": "e1",
      "relation": "underrated",
      "timestamp": "Turn 7"
    },
    {
      "source": "e6",
      "target": "e7",
      "relation": "related to",
      "timestamp": "Turn 8"
    },
    {
      "source": "e6",
      "target": "e1",
      "relation": "better than",
      "timestamp": "Turn 9"
    },
    {
      "source": "e8",
      "target": "e1",
      "relation": "miss",
      "timestamp": "Turn 10"
    },
    {
      "source": "e9",
      "target": "e11",
      "relation": "related to",
      "timestamp": "Turn 11"
    }
  ],
  "is_qna_pattern": false,
  "is_decision_tree": false,
  "is_entity_centric": true
}

2026-06-26 07:52:43,528 - WARNING - RETRYING #4 Dialogue 77, Session: 3. MSG: Unterminated string starting at: line 312 column 17 (char 6659)
 LLM Response: {
  "topics": [
    "music store visit",
    "record player preference",
    "physical copy value",
    "album cover art",
    "record display area",
    "pregnancy news",
    "baby planning",
    "record collection disposal",
    "record collection rescue",
    "record collection details",
    "record collection diversity",
    "record collection retrieval"
  ],
  "entities": [
    {
      "id": "e1",
      "name": "Journey album",
      "type": "OBJECT",
      "timestamp": "Turn 0",
      "properties": ["album", "music"]
    },
    {
      "id": "e2",
      "name": "record player",
      "type": "OBJECT",
      "timestamp": "Turn 0",
      "properties": ["device", "music"]
    },
    {
      "id": "e3",
      "name": "digital download",
      "type": "CONCEPT",
      "timestamp": "Turn 0",
      "properties": ["format", "music"]
    },
    {
      "id": "e4",
      "name": "turntable debates",
      "type": "EVENT",
      "timestamp": "Turn 1",
      "properties": ["activity", "music"]
    },
    {
      "id": "e5",
      "name": "physical copy",
      "type": "CONCEPT",
      "timestamp": "Turn 2",
      "properties": ["format", "music"]
    },
    {
      "id": "e6",
      "name": "album work",
      "type": "CONCEPT",
      "timestamp": "Turn 2",
      "properties": ["music", "package"]
    },
    {
      "id": "e7",
      "name": "record",
      "type": "OBJECT",
      "timestamp": "Turn 2",
      "properties": ["music", "physical"]
    },
    {
      "id": "e8",
      "name": "next generation",
      "type": "CONCEPT",
      "timestamp": "Turn 2",
      "properties": ["family", "music"]
    },
    {
      "id": "e9",
      "name": "album cover art",
      "type": "CONCEPT",
      "timestamp": "Turn 3",
      "properties": ["music", "visual"]
    },
    {
      "id": "e10",
      "name": "CD's",
      "type": "OBJECT",
      "timestamp": "Turn 3",
      "properties": ["format", "music"]
    },
    {
      "id": "e11",
      "name": "record display area",
      "type": "LOCATION",
      "timestamp": "Turn 4",
      "properties": ["area", "music"]
    },
    {
      "id": "e12",
      "name": "random visitors",
      "type": "CONCEPT",
      "timestamp": "Turn 4",
      "properties": ["people", "music"]
    },
    {
      "id": "e13",
      "name": "baby",
      "type": "CONCEPT",
      "timestamp": "Turn 5",
      "properties": ["child", "life"]
    },
    {
      "id": "e14",
      "name": "names",
      "type": "CONCEPT",
      "timestamp": "Turn 6",
      "properties": ["child", "life"]
    },
    {
      "id": "e15",
      "name": "themes",
      "type": "CONCEPT",
      "timestamp": "Turn 6",
      "properties": ["child", "life"]
    },
    {
      "id": "e16",
      "name": "decorations",
      "type": "CONCEPT",
      "timestamp": "Turn 6",
      "properties": ["child", "life"]
    },
    {
      "id": "e17",
      "name": "stuff",
      "type": "CONCEPT",
      "timestamp": "Turn 6",
      "properties": ["child", "life"]
    },
    {
      "id": "e18",
      "name": "spare bedroom",
      "type": "LOCATION",
      "timestamp": "Turn 7",
      "properties": ["room", "life"]
    },
    {
      "id": "e19",
      "name": "record collection",
      "type": "OBJECT",
      "timestamp": "Turn 7",
      "properties": ["music", "heritage"]
    },
    {
      "id": "e20",
      "name": "grandparents",
      "type": "PERSON",
      "timestamp": "Turn 7",
      "properties": ["family", "heritage"]
    },
    {
      "id": "e21",
      "name": "shelves",
      "type": "OBJECT",
      "timestamp": "Turn 8",
      "properties": ["storage", "music"]
    },
    {
      "id": "e22",
      "name": "kid",
      "type": "CONCEPT",
      "timestamp": "Turn 8",
      "properties": ["child", "life"]
    },
    {
      "id": "e23",
      "name": "record collection",
      "type": "OBJECT",
      "timestamp": "Turn 9",
      "properties": ["music", "heritage"]
    },
    {
      "id": "e24",
      "name": "hippies",
      "type": "CONCEPT",
      "timestamp": "Turn 9",
      "properties": ["family", "heritage"]
    },
    {
      "id": "e25",
      "name": "classic quartets",
      "type": "CONCEPT",
      "timestamp": "Turn 10",
      "properties": ["music", "heritage"]
    },
    {
      "id": "e26",
      "name": "Jeff Beck",
      "type": "PERSON",
      "timestamp": "Turn 10",
      "properties": ["music", "heritage"]
    },
    {
      "id": "e27",
      "name": "Willie Nelson",
      "type": "PERSON",
      "timestamp": "Turn 10",
      "properties": ["music", "heritage"]
    },
    {
      "id": "e28",
      "name": "record collection",
      "type": "OBJECT",
      "timestamp": "Turn 11",
      "properties": ["music", "heritage"]
    }
  ],
  "relations": [
    {
      "source": "e1",
      "target": "e2",
      "relation": "played on",
      "timestamp": "Turn 0"
    },
    {
      "source": "e2",
      "target": "e3",
      "relation": "preference over",
      "timestamp": "Turn 0"
    },
    {
      "source": "e4",
      "target": "e2",
      "relation": "part of",
      "timestamp": "Turn 1"
    },
    {
      "source": "e5",
      "target": "e2",
      "relation": "preference over",
      "timestamp": "Turn 2"
    },
    {
      "source": "e6",
      "target": "e2",
      "relation": "part of",
      "timestamp": "Turn 2"
    },
    {
      "source": "e7",
      "target": "e2",
      "relation": "part of",
      "timestamp": "Turn 2"
    },
    {
      "source": "e8",
      "target": "e2",
      "relation": "part of",
      "timestamp": "Turn 2"
    },
    {
      "source": "e9",
      "target": "e2",
      "relation": "appreciated on",
      "timestamp": "Turn 3"
    },
    {
      "source": "e10",
      "target": "e9",
      "relation": "appreciated on",
      "timestamp": "Turn 3"
    },
    {
      "source": "e11",
      "target": "e2",
      "relation": "displayed in",
      "timestamp": "Turn 4"
    },
    {
      "source": "e12",
      "target": "e11",
      "relation": "attracted by",
      "timestamp": "Turn 4"
    },
    {
      "source": "e13",
      "target": "e22",
      "relation": "parent of",
      "timestamp": "Turn 5"
    },
    {
      "source": "e14",
      "target": "e13",
      "relation": "related to",
      "timestamp": "Turn 6"
    },
    {
      "source": "e15",
      "target": "e13",
      "relation": "related to",
      "timestamp": "Turn 6"
    },
    {
      "source": "e16",
      "target": "e13",
      "relation": "related to",
      "timestamp": "Turn 6"
    },
    {
      "source": "e17",
      "target": "e13",
      "relation": "related to",
      "timestamp": "Turn 6"
    },
    {
      "source": "e

2026-06-26 07:57:01,996 - WARNING - RETRYING #3 Dialogue 80, Session: 3. MSG: Unterminated string starting at: line 55 column 6 (char 6477)
 LLM Response: {
  "topics": ["progress swimming", "community pool", "rip tide experience", "pools exercise", "nightly walks", "working out", "walking night", "fast food job", "dog loves smell", "milkshake machine", "fryer broke", "college plans"],
  "entities": [
    {"id": "e1", "name": "Speaker 1", "type": "PERSON", "timestamp": "NONE", "properties": ["activity: swimming", "activity: walking"]},
    {"id": "e2", "name": "Speaker 2", "type": "PERSON", "timestamp": "NONE", "properties": ["activity: swimming", "activity: walking"]},
    {"id": "e3", "name": "Community Pool", "type": "LOCATION", "timestamp": "NONE", "properties": ["purpose: cooling off"]},
    {"id": "e4", "name": "Rip Tide Experience", "type": "EVENT", "timestamp": "NONE", "properties": ["effect: scared"]},
    {"id": "e5", "name": "Fast Food Joint", "type": "ORGANIZATION", "timestamp": "NONE", "properties": ["activity: working", "activity: serving french fries"]},
    {"id": "e6", "name": "Dog", "type": "ANIMAL", "timestamp": "NONE", "properties": ["emotion: loves"]},
    {"id": "e7", "name": "Milkshake Machine", "type": "OBJECT", "timestamp": "NONE", "properties": ["function: making milkshakes"]},
    {"id": "e8", "name": "Fryer", "type": "OBJECT", "timestamp": "NONE", "properties": ["function: making fries"]},
    {"id": "e9", "name": "College", "type": "CONCEPT", "timestamp": "NONE", "properties": ["purpose: education"]},
    {"id": "e10", "name": "Neuroscience", "type": "CONCEPT", "timestamp": "NONE", "properties": ["field: study"]},
    {"id": "e11", "name": "Doctor", "type": "CONCEPT", "timestamp": "NONE", "properties": ["profession: medical"]},
    {"id": "e12", "name": "Scientist", "type": "CONCEPT", "timestamp": "NONE", "properties": ["profession: research"]},
    {"id": "e13", "name": "Fast Food", "type": "CONCEPT", "timestamp": "NONE", "properties": ["activity: serving"]},
    {"id": "e14", "name": "French Fries", "type": "OBJECT", "timestamp": "NONE", "properties": ["food: fried"]},
    {"id": "e15", "name": "Milkshake", "type": "OBJECT", "timestamp": "NONE", "properties": ["food: dessert"]},
    {"id": "e16", "name": "Burgers", "type": "OBJECT", "timestamp": "NONE", "properties": ["food: meat"]},
    {"id": "e17", "name": "Office", "type": "LOCATION", "timestamp": "NONE", "properties": ["activity: working"]},
    {"id": "e18", "name": "College Education", "type": "CONCEPT", "timestamp": "NONE", "properties": ["purpose: learning"]},
    {"id": "e19", "name": "Working Out", "type": "ACTIVITY", "timestamp": "NONE", "properties": ["purpose: exercise"]},
    {"id": "e20", "name": "Nightly Walks", "type": "ACTIVITY", "timestamp": "NONE", "properties": ["purpose: staying active"]},
    {"id": "e21", "name": "Staying Active", "type": "ACTIVITY", "timestamp": "NONE", "properties": ["purpose: maintaining health"]},
    {"id": "e22", "name": "Tiredness", "type": "CONCEPT", "timestamp": "NONE", "properties": ["effect: fatigue"]},
    {"id": "e23", "name": "Customers", "type": "CONCEPT", "timestamp": "NONE", "properties": ["activity: dealing with"]},
    {"id": "e24", "name": "School", "type": "CONCEPT", "timestamp": "NONE", "properties": ["purpose: education"]},
    {"id": "e25", "name": "Study", "type": "ACTIVITY", "timestamp": "NONE", "properties": ["purpose: learning"]},
    {"id": "e26", "name": "Choices", "type": "CONCEPT", "timestamp": "NONE", "properties": ["purpose: decision making"]},
    {"id": "e27", "name": "Neuroscience Major", "type": "CONCEPT", "timestamp": "NONE", "properties": ["field: study"]},
    {"id": "e28", "name": "Doctor Profession", "type": "CONCEPT", "timestamp": "NONE", "properties": ["profession: medical"]},
    {"id": "e29", "name": "Scientist Profession", "type": "CONCEPT", "timestamp": "NONE", "properties": ["profession: research"]},
    {"id": "e30", "name": "Fast Food Job", "type": "CONCEPT", "timestamp": "NONE", "properties": ["activity: working"]},
    {"id": "e31", "name": "French Fries Food", "type": "OBJECT", "timestamp": "NONE", "properties": ["food: fried"]},
    {"id": "e32", "name": "Milkshake Food", "type": "OBJECT", "timestamp": "NONE", "properties": ["food: dessert"]},
    {"id": "e33", "name": "Burgers Food", "type": "OBJECT", "timestamp": "NONE", "properties": ["food: meat"]},
    {"id": "e34", "name": "Office Work", "type": "ACTIVITY", "timestamp": "NONE", "properties": ["activity: working"]},
    {"id": "e35", "name": "College Plans", "type": "CONCEPT", "timestamp": "NONE", "properties": ["purpose: future"]},
    {"id": "e36", "name": "Education", "type": "CONCEPT", "timestamp": "NONE", "properties": ["purpose: learning"]},
    {"id": "e37", "name": "Working", "type": "ACTIVITY", "timestamp": "NONE", "properties": ["activity: employment"]},
    {"id": "e38", "name": "Job", "type": "CONCEPT", "timestamp": "NONE", "properties": ["activity: employment"]},
    {"id": "e39", "name": "Tired After Work", "type": "CONCEPT", "timestamp": "NONE", "properties": ["effect: fatigue"]},
    {"id": "e40", "name": "Dealing With Customers", "type": "ACTIVITY", "timestamp": "NONE", "properties": ["activity: service"]},
    {"id": "e41", "name": "Fast Food Joint Job", "type": "CONCEPT", "timestamp": "NONE", "properties": ["activity: working"]},
    {"id": "e42", "name": "High School", "type": "LOCATION", "timestamp": "NONE", "properties": ["activity: studying"]},
    {"id": "e43", "name": "Fast Food Joint Work", "type": "ACTIVITY", "timestamp": "NONE", "properties": ["activity: working"]},
    {"id": "e44", "name": "French Fries Smell", "type": "CONCEPT", "timestamp": "NONE", "properties": ["sensory: smell"]},
    {"id": "e45", "name": "Dog Loves Smell", "type": "CONCEPT", "timestamp": "NONE", "properties": ["emotion: affection"]},
    {"id": "e46", "name": "Milkshake Machine Break", "type": "EVENT", "timestamp": "NONE", "properties": ["effect: inconvenience"]},
    {"id": "e47", "name": "Fryer Break", "type": "EVENT", "timestamp": "NONE", "properties": ["effect: disruption"]},
    {"id": "e48", "name": "Fryer Break Day", "type": "EVENT", "timestamp": "NONE", "properties": ["effect: disruption"]},
    {"id": "e49", "name": "College Education Plans", "type": "CONCEPT", "timestamp": "NONE", "properties": ["purpose: future"]},
    {"id": "e50", "name": "College Education", "type": "CONCEPT", "timestamp": "NONE", "properties": ["purpose: learning"]},
    {"id": "e51", "name": "College Study", "type": "ACTIVITY", "timestamp": "NONE", "properties": ["purpose: learning"]},
    {"id

2026-06-26 08:01:50,385 - WARNING - RETRYING #13 Dialogue 89, Session: 0. MSG: Expecting ',' delimiter: line 51 column 34 (char 1164)
 LLM Response: {
  "topics": ["road trip", "studying", "where school", "morgan high", "marching band", "like band", "dad farmer", "parents teachers", "want concert", "concert fun", "instrument play", "violin play"],
  "entities": [
    {
      "id": "e1",
      "name": "Speaker 1",
      "type": "PERSON",
      "timestamp": "NONE",
      "properties": []
    },
    {
      "id": "e2",
      "name": "Speaker 2",
      "type": "PERSON",
      "timestamp": "NONE",
      "properties": []
    },
    {
      "id": "e3",
      "name": "Morgan High",
      "type": "LOCATION",
      "timestamp": "NONE",
      "properties": []
    },
    {
      "id": "e4",
      "name": "Marching Band",
      "type": "ACTIVITY",
      "timestamp": "NONE",
      "properties": []
    },
    {
      "id": "e5",
      "name": "Grateful Dead",
      "type": "EVENT",
      "timestamp": "NONE",
      "properties": []
    },
    {
      "id": "e6",
      "name": "Math Test",
      "type": "EVENT",
      "timestamp": "friday",
      "properties": []
    },
    {
      "id": "e7",
      "name": "Speaker 1's Dad",
      "type": "PERSON",
      "timestamp": "NONE",
      "properties": ["occupation": "farmer"]
    },
    {
      "id": "e8",
      "name": "Speaker 2's Mom",
      "type": "PERSON",
      "timestamp": "NONE",
      "properties": ["occupation": "teacher"]
    },
    {
      "id": "e9",
      "name": "Speaker 2's Dad",
      "type": "PERSON",
      "timestamp": "NONE",
      "properties": ["occupation": "teacher"]
    },
    {
      "id": "e10",
      "name": "Concert",
      "type": "EVENT",
      "timestamp": "NONE",
      "properties": []
    },
    {
      "id": "e11",
      "name": "Violin",
      "type": "OBJECT",
      "timestamp": "NONE",
      "properties": []
    }
  ],
  "relations": [
    {
      "source": "e2",
      "target": "e3",
      "relation": "attends",
      "timestamp": "NONE"
    },
    {
      "source": "e2",
      "target": "e4",
      "relation": "participates in",
      "timestamp": "fall"
    },
    {
      "source": "e2",
      "target": "e8",
      "relation": "parent",
      "timestamp": "NONE"
    },
    {
      "source": "e2",
      "target": "e9",
      "relation": "parent",
      "timestamp": "NONE"
    },
    {
      "source": "e2",
      "target": "e10",
      "relation": "aspires to be in",
      "timestamp": "season"
    },
    {
      "source": "e2",
      "target": "e11",
      "relation": "plays",
      "timestamp": "NONE"
    }
  ],
  "is_qna_pattern": true,
  "is_decision_tree": false,
  "is_entity_centric": true
}

2026-06-26 08:41:29,374 - WARNING - RETRYING #10 Dialogue 149, Session: 1. MSG: Expecting ',' delimiter: line 16 column 29 (char 524)
 LLM Response: {
  "topics": ["watched movie", "next movie", "love Batman", "favorite movie", "favorite part", "favorite part", "watched Joker", "mental illness", "Batman series", "fun activities", "fishing", "who cooked"],
  "entities": [
    {
      "id": "e1",
      "name": "The Dark Knight",
      "type": "MOVIE",
      "timestamp": "Turn 0",
      "properties": ["series", "character development"]
    },
    {
      "id": "e2",
      "name": "Joker",
      "type": "MOVIE",
      "timestamp": "Turn 5",
      "properties": ["actor": "Joaquin Phoenix", "mental illness"]
    },
    {
      "id": "e3",
      "name": "Batman",
      "type": "CONCEPT",
      "timestamp": "Turn 8",
      "properties": ["series", "character"]
    },
    {
      "id": "e4",
      "name": "Joaquin Phoenix",
      "type": "PERSON",
      "timestamp": "Turn 5",
      "properties": ["actor"]
    },
    {
      "id": "e5",
      "name": "fishing",
      "type": "ACTIVITY",
      "timestamp": "Turn 10",
      "properties": ["activity"]
    }
  ],
  "relations": [
    {
      "source": "e1",
      "target": "e3",
      "relation": "part of",
      "timestamp": "Turn 8"
    },
    {
      "source": "e2",
      "target": "e4",
      "relation": "starring",
      "timestamp": "Turn 5"
    },
    {
      "source": "e5",
      "target": "e1",
      "relation": "related to",
      "timestamp": "Turn 10"
    }
  ],
  "is_qna_pattern": true,
  "is_decision_tree": false,
  "is_entity_centric": true
}

2026-06-26 08:45:17,693 - WARNING - RETRYING #8 Dialogue 152, Session: 0. MSG: Expecting value: line 48 column 11 (char 6281)
 LLM Response: {
  "topics": ["hike", "pizza", "vegetarian", "veggie pizza", "football", "parrot", "nurse", "red hair", "blond therapist", "clients", "parrot talks", "rob people", "swordsman"],
  "entities": [
    {"id": "e1", "name": "Speaker 1", "type": "PERSON", "timestamp": "NONE", "properties": ["activity: hiking", "drink: sprite"]},
    {"id": "e2", "name": "Speaker 2", "type": "PERSON", "timestamp": "NONE", "properties": ["activity: eating pizza", "frequency: weekly"]},
    {"id": "e3", "name": "Tasha", "type": "OBJECT", "timestamp": "NONE", "properties": ["type: parrot", "color: red feathers"]},
    {"id": "e4", "name": "Speaker 1's parrot", "type": "OBJECT", "timestamp": "NONE", "properties": ["type: parrot", "can talk", "says: yaarrrhhhh matey"]},
    {"id": "e5", "name": "Speaker 2's mom", "type": "PERSON", "timestamp": "NONE", "properties": ["occupation: nurse"]},
    {"id": "e6", "name": "Speaker 1", "type": "PERSON", "timestamp": "NONE", "properties": ["hair color: red", "occupation: therapist", "clients: ditsy"]},
    {"id": "e7", "name": "Speaker 2", "type": "PERSON", "timestamp": "NONE", "properties": ["occupation: therapist", "clients: ditsy"]},
    {"id": "e8", "name": "Speaker 2", "type": "PERSON", "timestamp": "NONE", "properties": ["occupation: therapist", "clients: ditsy"]},
    {"id": "e9", "name": "Speaker 1", "type": "PERSON", "timestamp": "NONE", "properties": ["occupation: therapist", "clients: ditsy"]},
    {"id": "e10", "name": "Speaker 2", "type": "PERSON", "timestamp": "NONE", "properties": ["occupation: therapist", "clients: ditsy"]},
    {"id": "e11", "name": "Speaker 1", "type": "PERSON", "timestamp": "NONE", "properties": ["occupation: therapist", "clients: ditsy"]},
    {"id": "e12", "name": "Speaker 2", "type": "PERSON", "timestamp": "NONE", "properties": ["occupation: therapist", "clients: ditsy"]},
    {"id": "e13", "name": "Speaker 1", "type": "PERSON", "timestamp": "NONE", "properties": ["occupation: therapist", "clients: ditsy"]},
    {"id": "e14", "name": "Speaker 2", "type": "PERSON", "timestamp": "NONE", "properties": ["occupation: therapist", "clients: ditsy"]},
    {"id": "e15", "name": "Speaker 1", "type": "PERSON", "timestamp": "NONE", "properties": ["occupation: therapist", "clients: ditsy"]},
    {"id": "e16", "name": "Speaker 2", "type": "PERSON", "timestamp": "NONE", "properties": ["occupation: therapist", "clients: ditsy"]},
    {"id": "e17", "name": "Speaker 1", "type": "PERSON", "timestamp": "NONE", "properties": ["occupation: therapist", "clients: ditsy"]},
    {"id": "e18", "name": "Speaker 2", "type": "PERSON", "timestamp": "NONE", "properties": ["occupation: therapist", "clients: ditsy"]},
    {"id": "e19", "name": "Speaker 1", "type": "PERSON", "timestamp": "NONE", "properties": ["occupation: therapist", "clients: ditsy"]},
    {"id": "e20", "name": "Speaker 2", "type": "PERSON", "timestamp": "NONE", "properties": ["occupation: therapist", "clients: ditsy"]},
    {"id": "e21", "name": "Speaker 1", "type": "PERSON", "timestamp": "NONE", "properties": ["occupation: therapist", "clients: ditsy"]},
    {"id": "e22", "name": "Speaker 2", "type": "PERSON", "timestamp": "NONE", "properties": ["occupation: therapist", "clients: ditsy"]},
    {"id": "e23", "name": "Speaker 1", "type": "PERSON", "timestamp": "NONE", "properties": ["occupation: therapist", "clients: ditsy"]},
    {"id": "e24", "name": "Speaker 2", "type": "PERSON", "timestamp": "NONE", "properties": ["occupation: therapist", "clients: ditsy"]},
    {"id": "e25", "name": "Speaker 1", "type": "PERSON", "timestamp": "NONE", "properties": ["occupation: therapist", "clients: ditsy"]},
    {"id": "e26", "name": "Speaker 2", "type": "PERSON", "timestamp": "NONE", "properties": ["occupation: therapist", "clients: ditsy"]},
    {"id": "e27", "name": "Speaker 1", "type": "PERSON", "timestamp": "NONE", "properties": ["occupation: therapist", "clients: ditsy"]},
    {"id": "e28", "name": "Speaker 2", "type": "PERSON", "timestamp": "NONE", "properties": ["occupation: therapist", "clients: ditsy"]},
    {"id": "e29", "name": "Speaker 1", "type": "PERSON", "timestamp": "NONE", "properties": ["occupation: therapist", "clients: ditsy"]},
    {"id": "e30", "name": "Speaker 2", "type": "PERSON", "timestamp": "NONE", "properties": ["occupation: therapist", "clients: ditsy"]},
    {"id": "e31", "name": "Speaker 1", "type": "PERSON", "timestamp": "NONE", "properties": ["occupation: therapist", "clients: ditsy"]},
    {"id": "e32", "name": "Speaker 2", "type": "PERSON", "timestamp": "NONE", "properties": ["occupation: therapist", "clients: ditsy"]},
    {"id": "e33", "name": "Speaker 1", "type": "PERSON", "timestamp": "NONE", "properties": ["occupation: therapist", "clients: ditsy"]},
    {"id": "e34", "name": "Speaker 2", "type": "PERSON", "timestamp": "NONE", "properties": ["occupation: therapist", "clients: ditsy"]},
    {"id": "e35", "name": "Speaker 1", "type": "PERSON", "timestamp": "NONE", "properties": ["occupation: therapist", "clients: ditsy"]},
    {"id": "e36", "name": "Speaker 2", "type": "PERSON", "timestamp": "NONE", "properties": ["occupation: therapist", "clients: ditsy"]},
    {"id": "e37", "name": "Speaker 1", "type": "PERSON", "timestamp": "NONE", "properties": ["occupation: therapist", "clients: ditsy"]},
    {"id": "e38", "name": "Speaker 2", "type": "PERSON", "timestamp": "NONE", "properties": ["occupation: therapist", "clients: ditsy"]},
    {"id": "e39", "name": "Speaker 1", "type": "PERSON", "timestamp": "NONE", "properties": ["occupation: therapist", "clients: ditsy"]},
    {"id": "e40", "name": "Speaker 2", "type": "PERSON", "timestamp": "NONE", "properties": ["occupation: therapist", "clients: ditsy"]},
    {"id": "e41", "name": "Speaker 1", "type": "PERSON", "timestamp": "NONE", "properties": ["occupation: therapist", "clients: ditsy"]},
    {"id": "e42", "name": "Speaker 2", "type": "PERSON", "timestamp": "NONE", "properties": ["occupation: therapist", "clients: ditsy"]},
    {"id": "e43", "name": "Speaker 1", "type": "PERSON", "timestamp": "NONE", "properties": ["occupation: therapist", "clients: ditsy"]},
    {"id": "e44", "name": "Speaker 2", "type": "PERSON", "timestamp": "NONE", "properties": ["occupation: therapist", "clients: ditsy"]},
    {"id":

2026-06-26 08:46:21,402 - ERROR - #8 Dialogue 152, Session: 0 data extraction failed. MSG: Expecting property name enclosed in double quotes: line 47 column 78 (char 6278)
 LLM Response: {
  "topics": ["greeting", "hike", "drink", "pizza", "eat pizza", "vegetarian", "veggie pizza", "watch football", "pet parrot", "bring parrot", "mom", "nurse", "parrot feathers", "hair color"],
  "entities": [
    {"id": "e1", "name": "Speaker 1", "type": "PERSON", "timestamp": "NONE", "properties": ["activity: hiking", "drink: sprite"]},
    {"id": "e2", "name": "Speaker 2", "type": "PERSON", "timestamp": "NONE", "properties": ["activity: eating pizza", "frequency: weekly"]},
    {"id": "e3", "name": "Tasha", "type": "OBJECT", "timestamp": "NONE", "properties": ["type: parrot"]},
    {"id": "e4", "name": "Speaker 1's mom", "type": "PERSON", "timestamp": "NONE", "properties": ["occupation: nurse"]},
    {"id": "e5", "name": "Speaker 1's parrot", "type": "OBJECT", "timestamp": "NONE", "properties": ["color: red feathers", "owner: Speaker 1"]},
    {"id": "e6", "name": "Speaker 2", "type": "PERSON", "timestamp": "NONE", "properties": ["hair color: blond", "occupation: therapist"]},
    {"id": "e7", "name": "Speaker 2's clients", "type": "CONCEPT", "timestamp": "NONE", "properties": ["perception: ditsy"]},
    {"id": "e8", "name": "Parrot", "type": "OBJECT", "timestamp": "NONE", "properties": ["ability: talk", "speech: yaarrrhhhh matey"]},
    {"id": "e9", "name": "Speaker 2", "type": "PERSON", "timestamp": "NONE", "properties": ["occupation: therapist", "perception: ditsy"]},
    {"id": "e10", "name": "Speaker 1", "type": "PERSON", "timestamp": "NONE", "properties": ["hair color: red", "parrot: Tasha"]},
    {"id": "e11", "name": "Speaker 2", "type": "PERSON", "timestamp": "NONE", "properties": ["occupation: therapist", "perception: ditsy"]},
    {"id": "e12", "name": "Speaker 1", "type": "PERSON", "timestamp": "NONE", "properties": ["parrot: Tasha", "activity: watching football"]},
    {"id": "e13", "name": "Speaker 2", "type": "PERSON", "timestamp": "NONE", "properties": ["occupation: therapist", "perception: ditsy"]},
    {"id": "e14", "name": "Speaker 1", "type": "PERSON", "timestamp": "NONE", "properties": ["hair color: red", "parrot: Tasha"]},
    {"id": "e15", "name": "Speaker 2", "type": "PERSON", "timestamp": "NONE", "properties": ["occupation: therapist", "perception: ditsy"]},
    {"id": "e16", "name": "Speaker 1", "type": "PERSON", "timestamp": "NONE", "properties": ["parrot: Tasha", "activity: watching football"]},
    {"id": "e17", "name": "Speaker 2", "type": "PERSON", "timestamp": "NONE", "properties": ["occupation: therapist", "perception: ditsy"]},
    {"id": "e18", "name": "Speaker 1", "type": "PERSON", "timestamp": "NONE", "properties": ["parrot: Tasha", "activity: watching football"]},
    {"id": "e19", "name": "Speaker 2", "type": "PERSON", "timestamp": "NONE", "properties": ["occupation: therapist", "perception: ditsy"]},
    {"id": "e20", "name": "Speaker 1", "type": "PERSON", "timestamp": "NONE", "properties": ["parrot: Tasha", "activity: watching football"]},
    {"id": "e21", "name": "Speaker 2", "type": "PERSON", "timestamp": "NONE", "properties": ["occupation: therapist", "perception: ditsy"]},
    {"id": "e22", "name": "Speaker 1", "type": "PERSON", "timestamp": "NONE", "properties": ["parrot: Tasha", "activity: watching football"]},
    {"id": "e23", "name": "Speaker 2", "type": "PERSON", "timestamp": "NONE", "properties": ["occupation: therapist", "perception: ditsy"]},
    {"id": "e24", "name": "Speaker 1", "type": "PERSON", "timestamp": "NONE", "properties": ["parrot: Tasha", "activity: watching football"]},
    {"id": "e25", "name": "Speaker 2", "type": "PERSON", "timestamp": "NONE", "properties": ["occupation: therapist", "perception: ditsy"]},
    {"id": "e26", "name": "Speaker 1", "type": "PERSON", "timestamp": "NONE", "properties": ["parrot: Tasha", "activity: watching football"]},
    {"id": "e27", "name": "Speaker 2", "type": "PERSON", "timestamp": "NONE", "properties": ["occupation: therapist", "perception: ditsy"]},
    {"id": "e28", "name": "Speaker 1", "type": "PERSON", "timestamp": "NONE", "properties": ["parrot: Tasha", "activity: watching football"]},
    {"id": "e29", "name": "Speaker 2", "type": "PERSON", "timestamp": "NONE", "properties": ["occupation: therapist", "perception: ditsy"]},
    {"id": "e30", "name": "Speaker 1", "type": "PERSON", "timestamp": "NONE", "properties": ["parrot: Tasha", "activity: watching football"]},
    {"id": "e31", "name": "Speaker 2", "type": "PERSON", "timestamp": "NONE", "properties": ["occupation: therapist", "perception: ditsy"]},
    {"id": "e32", "name": "Speaker 1", "type": "PERSON", "timestamp": "NONE", "properties": ["parrot: Tasha", "activity: watching football"]},
    {"id": "e33", "name": "Speaker 2", "type": "PERSON", "timestamp": "NONE", "properties": ["occupation: therapist", "perception: ditsy"]},
    {"id": "e34", "name": "Speaker 1", "type": "PERSON", "timestamp": "NONE", "properties": ["parrot: Tasha", "activity: watching football"]},
    {"id": "e35", "name": "Speaker 2", "type": "PERSON", "timestamp": "NONE", "properties": ["occupation: therapist", "perception: ditsy"]},
    {"id": "e36", "name": "Speaker 1", "type": "PERSON", "timestamp": "NONE", "properties": ["parrot: Tasha", "activity: watching football"]},
    {"id": "e37", "name": "Speaker 2", "type": "PERSON", "timestamp": "NONE", "properties": ["occupation: therapist", "perception: ditsy"]},
    {"id": "e38", "name": "Speaker 1", "type": "PERSON", "timestamp": "NONE", "properties": ["parrot: Tasha", "activity: watching football"]},
    {"id": "e39", "name": "Speaker 2", "type": "PERSON", "timestamp": "NONE", "properties": ["occupation: therapist", "perception: ditsy"]},
    {"id": "e40", "name": "Speaker 1", "type": "PERSON", "timestamp": "NONE", "properties": ["parrot: Tasha", "activity: watching football"]},
    {"id": "e41", "name": "Speaker 2", "type": "PERSON", "timestamp": "NONE", "properties": ["occupation: therapist", "perception: ditsy"]},
    {"id": "e42", "name": "Speaker 1", "type": "PERSON", "timestamp": "NONE", "properties": ["parrot: Tasha", "activity: watching football"]},
    {"id": "e43", "name": "Speaker 2", "type": "PERSON", "timestamp": "NONE", "properties": ["occupation: therapist", "perception: ditsy"]},
    {"id": "e44", "name": "Speaker 1", "type": "PERSON", "timestamp": "NONE",

2026-06-26 08:55:24,176 - WARNING - RETRYING #5 Dialogue 161, Session: 0. MSG: Expecting value: line 56 column 11 (char 6390)
 LLM Response: {
  "topics": ["greeting", "dogs walk", "rats feeding", "busy", "book reading", "college degree", "working mcdonalds", "coupons food", "siblings", "free time painting", "garden roses", "sunset walks", "paintings gift", "selling paintings"],
  "entities": [
    {"id": "e1", "name": "Speaker 1", "type": "PERSON", "timestamp": "NONE", "properties": ["activity: walking dogs", "activity: feeding rats"]},
    {"id": "e2", "name": "Speaker 2", "type": "PERSON", "timestamp": "NONE", "properties": ["activity: reading books", "activity: college student"]},
    {"id": "e3", "name": "McDonald's", "type": "ORGANIZATION", "timestamp": "NONE", "properties": ["activity: working at"]},
    {"id": "e4", "name": "John Grisham", "type": "CONCEPT", "timestamp": "NONE", "properties": ["activity: reading"]},
    {"id": "e5", "name": "Roses", "type": "ACTIVITY", "timestamp": "NONE", "properties": ["activity: gardening"]},
    {"id": "e6", "name": "Ferns", "type": "ACTIVITY", "timestamp": "NONE", "properties": ["activity: gardening"]},
    {"id": "e7", "name": "Sunset walks", "type": "ACTIVITY", "timestamp": "NONE", "properties": ["activity: walking"]},
    {"id": "e8", "name": "Painting", "type": "ACTIVITY", "timestamp": "NONE", "properties": ["activity: painting"]},
    {"id": "e9", "name": "Horror movies", "type": "ACTIVITY", "timestamp": "NONE", "properties": ["activity: watching"]},
    {"id": "e10", "name": "Anniversary gift", "type": "EVENT", "timestamp": "NONE", "properties": ["activity: giving gift"]},
    {"id": "e11", "name": "Selling paintings", "type": "ACTIVITY", "timestamp": "NONE", "properties": ["activity: selling"]},
    {"id": "e12", "name": "Coupons", "type": "OBJECT", "timestamp": "NONE", "properties": ["activity: using"]},
    {"id": "e13", "name": "Money", "type": "OBJECT", "timestamp": "NONE", "properties": ["activity: exchanging"]},
    {"id": "e14", "name": "Gift", "type": "OBJECT", "timestamp": "NONE", "properties": ["activity: receiving"]},
    {"id": "e15", "name": "Siblings", "type": "CONCEPT", "timestamp": "NONE", "properties": ["activity: having"]},
    {"id": "e16", "name": "Degree", "type": "CONCEPT", "timestamp": "NONE", "properties": ["activity: obtaining"]},
    {"id": "e17", "name": "Books", "type": "OBJECT", "timestamp": "NONE", "properties": ["activity: reading"]},
    {"id": "e18", "name": "Rats", "type": "OBJECT", "timestamp": "NONE", "properties": ["activity: feeding"]},
    {"id": "e19", "name": "Dogs", "type": "OBJECT", "timestamp": "NONE", "properties": ["activity: walking"]},
    {"id": "e20", "name": "Paintings", "type": "OBJECT", "timestamp": "NONE", "properties": ["activity: selling"]},
    {"id": "e21", "name": "Gifts", "type": "OBJECT", "timestamp": "NONE", "properties": ["activity: giving"]},
    {"id": "e22", "name": "Money", "type": "OBJECT", "timestamp": "NONE", "properties": ["activity: exchanging"]},
    {"id": "e23", "name": "Sister", "type": "PERSON", "timestamp": "NONE", "properties": ["activity: giving gift to"]},
    {"id": "e24", "name": "Anniversary", "type": "EVENT", "timestamp": "NONE", "properties": ["activity: giving gift for"]},
    {"id": "e25", "name": "Walking", "type": "ACTIVITY", "timestamp": "NONE", "properties": ["activity: doing"]},
    {"id": "e26", "name": "Painting", "type": "ACTIVITY", "timestamp": "NONE", "properties": ["activity: doing"]},
    {"id": "e27", "name": "Gardening", "type": "ACTIVITY", "timestamp": "NONE", "properties": ["activity: doing"]},
    {"id": "e28", "name": "Sunset", "type": "EVENT", "timestamp": "NONE", "properties": ["activity: walking at"]},
    {"id": "e29", "name": "Horror", "type": "ACTIVITY", "timestamp": "NONE", "properties": ["activity: watching"]},
    {"id": "e30", "name": "Movies", "type": "ACTIVITY", "timestamp": "NONE", "properties": ["activity: watching"]},
    {"id": "e31", "name": "Selling", "type": "ACTIVITY", "timestamp": "NONE", "properties": ["activity: doing"]},
    {"id": "e32", "name": "Money", "type": "OBJECT", "timestamp": "NONE", "properties": ["activity: exchanging"]},
    {"id": "e33", "name": "Gift", "type": "OBJECT", "timestamp": "NONE", "properties": ["activity: receiving"]},
    {"id": "e34", "name": "Sister", "type": "PERSON", "timestamp": "NONE", "properties": ["activity: giving gift to"]},
    {"id": "e35", "name": "Anniversary", "type": "EVENT", "timestamp": "NONE", "properties": ["activity: giving gift for"]},
    {"id": "e36", "name": "Walking", "type": "ACTIVITY", "timestamp": "NONE", "properties": ["activity: doing"]},
    {"id": "e37", "name": "Painting", "type": "ACTIVITY", "timestamp": "NONE", "properties": ["activity: doing"]},
    {"id": "e38", "name": "Gardening", "type": "ACTIVITY", "timestamp": "NONE", "properties": ["activity: doing"]},
    {"id": "e39", "name": "Sunset", "type": "EVENT", "timestamp": "NONE", "properties": ["activity: walking at"]},
    {"id": "e40", "name": "Horror", "type": "ACTIVITY", "timestamp": "NONE", "properties": ["activity: watching"]},
    {"id": "e41", "name": "Movies", "type": "ACTIVITY", "timestamp": "NONE", "properties": ["activity: watching"]},
    {"id": "e42", "name": "Selling", "type": "ACTIVITY", "timestamp": "NONE", "properties": ["activity: doing"]},
    {"id": "e43", "name": "Money", "type": "OBJECT", "timestamp": "NONE", "properties": ["activity: exchanging"]},
    {"id": "e44", "name": "Gift", "type": "OBJECT", "timestamp": "NONE", "properties": ["activity: receiving"]},
    {"id": "e45", "name": "Sister", "type": "PERSON", "timestamp": "NONE", "properties": ["activity: giving gift to"]},
    {"id": "e46", "name": "Anniversary", "type": "EVENT", "timestamp": "NONE", "properties": ["activity: giving gift for"]},
    {"id": "e47", "name": "Walking", "type": "ACTIVITY", "timestamp": "NONE", "properties": ["activity: doing"]},
    {"id": "e48", "name": "Painting", "type": "ACTIVITY", "timestamp": "NONE", "properties": ["activity: doing"]},
    {"id": "e49", "name": "Gardening", "type": "ACTIVITY", "timestamp": "NONE", "properties": ["activity: doing"]},
    {"id": "e50", "name": "Sunset", "type": "EVENT", "timestamp": "NONE", "properties": ["activity: walking at"]},
    {"id": "e51", "name": "Horror", "type": "ACTIVITY", "timestamp": "NONE", "properties": ["activity: watching"]},
    {"id": "e52", "name": "Movies", "type": "ACTIVITY", "timestamp": "NONE", "properties": ["activity: watching"]},
    {"id":

2026-06-26 08:56:29,262 - ERROR - #5 Dialogue 161, Session: 0 data extraction failed. MSG: Unterminated string starting at: line 55 column 71 (char 5672)
 LLM Response: {
  "topics": ["greeting", "dogs", "rats", "busy", "book", "reading", "college", "work", "coupons", "sibling", "hobby", "garden", "painting", "gift"],
  "entities": [
    {"id": "e1", "name": "Speaker 1", "type": "PERSON", "timestamp": "turn 0", "properties": ["activity", "pets"]},
    {"id": "e2", "name": "Speaker 2", "type": "PERSON", "timestamp": "turn 0", "properties": ["activity", "pets"]},
    {"id": "e3", "name": "John Grisham", "type": "CONCEPT", "timestamp": "turn 1", "properties": ["book"]},
    {"id": "e4", "name": "College", "type": "ORGANIZATION", "timestamp": "turn 2", "properties": ["education"]},
    {"id": "e5", "name": "McDonald's", "type": "ORGANIZATION", "timestamp": "turn 3", "properties": ["work"]},
    {"id": "e6", "name": "Roses", "type": "ACTIVITY", "timestamp": "turn 7", "properties": ["hobby"]},
    {"id": "e7", "name": "Ferns", "type": "ACTIVITY", "timestamp": "turn 7", "properties": ["hobby"]},
    {"id": "e8", "name": "Painting", "type": "ACTIVITY", "timestamp": "turn 6", "properties": ["hobby"]},
    {"id": "e9", "name": "Gardening", "type": "ACTIVITY", "timestamp": "turn 7", "properties": ["hobby"]},
    {"id": "e10", "name": "Horror movies", "type": "CONCEPT", "timestamp": "turn 13", "properties": ["interest"]},
    {"id": "e11", "name": "Sister", "type": "PERSON", "timestamp": "turn 9", "properties": ["relationship"]},
    {"id": "e12", "name": "Anniversary gift", "type": "EVENT", "timestamp": "turn 9", "properties": ["purpose"]},
    {"id": "e13", "name": "Coupons", "type": "OBJECT", "timestamp": "turn 4", "properties": ["item"]},
    {"id": "e14", "name": "Money", "type": "CONCEPT", "timestamp": "turn 10", "properties": ["currency"]},
    {"id": "e15", "name": "Gift", "type": "CONCEPT", "timestamp": "turn 10", "properties": ["item"]},
    {"id": "e16", "name": "Selling", "type": "ACTIVITY", "timestamp": "turn 10", "properties": ["action"]},
    {"id": "e17", "name": "Price", "type": "CONCEPT", "timestamp": "turn 11", "properties": ["value"]},
    {"id": "e18", "name": "Money", "type": "CONCEPT", "timestamp": "turn 12", "properties": ["value"]},
    {"id": "e19", "name": "Selling", "type": "ACTIVITY", "timestamp": "turn 12", "properties": ["action"]},
    {"id": "e20", "name": "Walks at sunset", "type": "ACTIVITY", "timestamp": "turn 8", "properties": ["hobby"]},
    {"id": "e21", "name": "Painting", "type": "ACTIVITY", "timestamp": "turn 8", "properties": ["hobby"]},
    {"id": "e22", "name": "Selling", "type": "ACTIVITY", "timestamp": "turn 10", "properties": ["action"]},
    {"id": "e23", "name": "Gift", "type": "CONCEPT", "timestamp": "turn 10", "properties": ["item"]},
    {"id": "e24", "name": "Selling", "type": "ACTIVITY", "timestamp": "turn 10", "properties": ["action"]},
    {"id": "e25", "name": "Price", "type": "CONCEPT", "timestamp": "turn 11", "properties": ["value"]},
    {"id": "e26", "name": "Money", "type": "CONCEPT", "timestamp": "turn 12", "properties": ["value"]},
    {"id": "e27", "name": "Selling", "type": "ACTIVITY", "timestamp": "turn 12", "properties": ["action"]},
    {"id": "e28", "name": "Gift", "type": "CONCEPT", "timestamp": "turn 10", "properties": ["item"]},
    {"id": "e29", "name": "Selling", "type": "ACTIVITY", "timestamp": "turn 10", "properties": ["action"]},
    {"id": "e30", "name": "Price", "type": "CONCEPT", "timestamp": "turn 11", "properties": ["value"]},
    {"id": "e31", "name": "Money", "type": "CONCEPT", "timestamp": "turn 12", "properties": ["value"]},
    {"id": "e32", "name": "Selling", "type": "ACTIVITY", "timestamp": "turn 12", "properties": ["action"]},
    {"id": "e33", "name": "Gift", "type": "CONCEPT", "timestamp": "turn 10", "properties": ["item"]},
    {"id": "e34", "name": "Selling", "type": "ACTIVITY", "timestamp": "turn 10", "properties": ["action"]},
    {"id": "e35", "name": "Price", "type": "CONCEPT", "timestamp": "turn 11", "properties": ["value"]},
    {"id": "e36", "name": "Money", "type": "CONCEPT", "timestamp": "turn 12", "properties": ["value"]},
    {"id": "e37", "name": "Selling", "type": "ACTIVITY", "timestamp": "turn 12", "properties": ["action"]},
    {"id": "e38", "name": "Gift", "type": "CONCEPT", "timestamp": "turn 10", "properties": ["item"]},
    {"id": "e39", "name": "Selling", "type": "ACTIVITY", "timestamp": "turn 10", "properties": ["action"]},
    {"id": "e40", "name": "Price", "type": "CONCEPT", "timestamp": "turn 11", "properties": ["value"]},
    {"id": "e41", "name": "Money", "type": "CONCEPT", "timestamp": "turn 12", "properties": ["value"]},
    {"id": "e42", "name": "Selling", "type": "ACTIVITY", "timestamp": "turn 12", "properties": ["action"]},
    {"id": "e43", "name": "Gift", "type": "CONCEPT", "timestamp": "turn 10", "properties": ["item"]},
    {"id": "e44", "name": "Selling", "type": "ACTIVITY", "timestamp": "turn 10", "properties": ["action"]},
    {"id": "e45", "name": "Price", "type": "CONCEPT", "timestamp": "turn 11", "properties": ["value"]},
    {"id": "e46", "name": "Money", "type": "CONCEPT", "timestamp": "turn 12", "properties": ["value"]},
    {"id": "e47", "name": "Selling", "type": "ACTIVITY", "timestamp": "turn 12", "properties": ["action"]},
    {"id": "e48", "name": "Gift", "type": "CONCEPT", "timestamp": "turn 10", "properties": ["item"]},
    {"id": "e49", "name": "Selling", "type": "ACTIVITY", "timestamp": "turn 10", "properties": ["action"]},
    {"id": "e50", "name": "Price", "type": "CONCEPT", "timestamp": "turn 11", "properties": ["value"]},
    {"id": "e51", "name": "Money", "type": "CONCEPT", "timestamp": "turn 12", "properties": ["value"]},
    {"id": "e52", "name": "Selling", "type": "ACTIVITY", "timestamp": "

2026-06-26 09:18:30,102 - DEBUG - close.started
2026-06-26 09:18:30,103 - DEBUG - close.complete
2026-06-26 09:18:30,104 - DEBUG - close.started
2026-06-26 09:18:30,104 - DEBUG - close.complete
2026-06-26 09:18:30,104 - DEBUG - close.started
2026-06-26 09:18:30,104 - DEBUG - close.complete
