2026-07-02 02:00:04,689 - INFO - [QwenClient] Loading tokenizer from Qwen/Qwen3-4B …
2026-07-02 02:00:04,823 - DEBUG - connect_tcp.started host='huggingface.co' port=443 local_address=None timeout=3 socket_options=None
2026-07-02 02:00:04,929 - DEBUG - connect_tcp.complete return_value=<httpcore._backends.sync.SyncStream object at 0x7fdf3298c050>
2026-07-02 02:00:04,930 - DEBUG - start_tls.started ssl_context=<ssl.SSLContext object at 0x7fe045d1ad50> server_hostname='huggingface.co' timeout=3
2026-07-02 02:00:04,969 - DEBUG - start_tls.complete return_value=<httpcore._backends.sync.SyncStream object at 0x7fdf32abda90>
2026-07-02 02:00:04,969 - DEBUG - send_request_headers.started request=<Request [b'GET']>
2026-07-02 02:00:04,969 - DEBUG - send_request_headers.complete
2026-07-02 02:00:04,970 - DEBUG - send_request_body.started request=<Request [b'GET']>
2026-07-02 02:00:04,970 - DEBUG - send_request_body.complete
2026-07-02 02:00:04,970 - DEBUG - receive_response_headers.started request=<Request [b'GET']>
2026-07-02 02:00:05,182 - DEBUG - receive_response_headers.complete return_value=(b'HTTP/1.1', 200, b'OK', [(b'Content-Type', b'application/json; charset=utf-8'), (b'Transfer-Encoding', b'chunked'), (b'Connection', b'keep-alive'), (b'Date', b'Wed, 01 Jul 2026 20:30:05 GMT'), (b'content-encoding', b'gzip'), (b'ETag', b'W/"1385-Y8rr//XuUWwLSEAs3xBVYxJE/Ek"'), (b'X-Powered-By', b'huggingface-moon'), (b'X-Request-Id', b'Root=1-6a4578cd-540d9d112df265be6d4af665;8818d6e9-b33b-4b87-b66f-32c3b671ea38'), (b'RateLimit', b'"api";r=499;t=123'), (b'RateLimit-Policy', b'"fixed window";"api";q=500;w=300'), (b'cross-origin-opener-policy', b'same-origin'), (b'Referrer-Policy', b'strict-origin-when-cross-origin'), (b'Access-Control-Max-Age', b'86400'), (b'Access-Control-Allow-Origin', b'https://huggingface.co'), (b'Vary', b'Origin'), (b'vary', b'Accept-Encoding'), (b'Access-Control-Expose-Headers', b'X-Repo-Commit,X-Request-Id,X-Error-Code,X-Error-Message,X-Total-Count,ETag,Link,Accept-Ranges,Content-Range,X-Linked-Size,X-Linked-ETag,X-Xet-Hash'), (b'X-Cache', b'Miss from cloudfront'), (b'Via', b'1.1 5ecd55f028d3424418cf823c48f98656.cloudfront.net (CloudFront)'), (b'X-Amz-Cf-Pop', b'BOM78-P10'), (b'X-Amz-Cf-Id', b'9Lz3gsOAJWK_fzbtMiaTvKlnV0xdt4c1ctPhm5URoyLyNEcryM038w==')])
2026-07-02 02:00:05,184 - INFO - HTTP Request: GET https://huggingface.co/api/agent-harnesses "HTTP/1.1 200 OK"
2026-07-02 02:00:05,184 - DEBUG - receive_response_body.started request=<Request [b'GET']>
2026-07-02 02:00:05,185 - DEBUG - receive_response_body.complete
2026-07-02 02:00:05,185 - DEBUG - response_closed.started
2026-07-02 02:00:05,185 - DEBUG - response_closed.complete
2026-07-02 02:00:05,191 - DEBUG - send_request_headers.started request=<Request [b'HEAD']>
2026-07-02 02:00:05,191 - DEBUG - send_request_headers.complete
2026-07-02 02:00:05,191 - DEBUG - send_request_body.started request=<Request [b'HEAD']>
2026-07-02 02:00:05,192 - DEBUG - send_request_body.complete
2026-07-02 02:00:05,192 - DEBUG - receive_response_headers.started request=<Request [b'HEAD']>
2026-07-02 02:00:05,411 - DEBUG - receive_response_headers.complete return_value=(b'HTTP/1.1', 307, b'Temporary Redirect', [(b'Content-Type', b'text/plain; charset=utf-8'), (b'Content-Length', b'230'), (b'Connection', b'keep-alive'), (b'Date', b'Wed, 01 Jul 2026 20:30:05 GMT'), (b'Location', b'/api/resolve-cache/models/Qwen/Qwen3-4B/1cfa9a7208912126459214e8b04321603b3df60c/config.json?%2FQwen%2FQwen3-4B%2Fresolve%2Fmain%2Fconfig.json=&etag=%22e49eccdc32f36da9c09cfa0e737084f9e0105e5e%22'), (b'X-Powered-By', b'huggingface-moon'), (b'X-Request-Id', b'Root=1-6a4578cd-636cac8445473634661e21e5;2ffd6615-1e48-4aa2-a619-bf63ee964471'), (b'RateLimit', b'"resolvers";r=2996;t=123'), (b'RateLimit-Policy', b'"fixed window";"resolvers";q=3000;w=300'), (b'cross-origin-opener-policy', b'same-origin'), (b'Referrer-Policy', b'strict-origin-when-cross-origin'), (b'Access-Control-Max-Age', b'86400'), (b'Access-Control-Allow-Origin', b'https://huggingface.co'), (b'Vary', b'Origin, Accept'), (b'Access-Control-Expose-Headers', b'X-Repo-Commit,X-Request-Id,X-Error-Code,X-Error-Message,X-Total-Count,ETag,Link,Accept-Ranges,Content-Range,X-Linked-Size,X-Linked-ETag,X-Xet-Hash'), (b'X-Repo-Commit', b'1cfa9a7208912126459214e8b04321603b3df60c'), (b'Accept-Ranges', b'bytes'), (b'X-HF-Warning', b'unauthenticated; Warning: You are sending unauthenticated requests to the HF Hub. Please set a HF_TOKEN to enable higher rate limits and faster downloads.'), (b'X-Hub-Cache', b'HIT'), (b'Content-Disposition', b'inline; filename*=UTF-8\'\'config.json; filename="config.json";'), (b'Content-Security-Policy', b"default-src 'none'; sandbox"), (b'X-Linked-ETag', b'"e49eccdc32f36da9c09cfa0e737084f9e0105e5e"'), (b'X-Cache', b'Miss from cloudfront'), (b'Via', b'1.1 5ecd55f028d3424418cf823c48f98656.cloudfront.net (CloudFront)'), (b'X-Amz-Cf-Pop', b'BOM78-P10'), (b'X-Amz-Cf-Id', b'z-R3WcNxA2EqSYoxXWicfPaHup7beEM-1Ik-tXcRQB30XFviolOkrw==')])
2026-07-02 02:00:05,412 - INFO - HTTP Request: HEAD https://huggingface.co/Qwen/Qwen3-4B/resolve/main/config.json "HTTP/1.1 307 Temporary Redirect"
2026-07-02 02:00:05,413 - DEBUG - receive_response_body.started request=<Request [b'HEAD']>
2026-07-02 02:00:05,413 - DEBUG - receive_response_body.complete
2026-07-02 02:00:05,413 - DEBUG - response_closed.started
2026-07-02 02:00:05,413 - DEBUG - response_closed.complete
2026-07-02 02:00:05,413 - WARNING - Warning: You are sending unauthenticated requests to the HF Hub. Please set a HF_TOKEN to enable higher rate limits and faster downloads.
2026-07-02 02:00:05,414 - DEBUG - send_request_headers.started request=<Request [b'HEAD']>
2026-07-02 02:00:05,415 - DEBUG - send_request_headers.complete
2026-07-02 02:00:05,415 - DEBUG - send_request_body.started request=<Request [b'HEAD']>
2026-07-02 02:00:05,415 - DEBUG - send_request_body.complete
2026-07-02 02:00:05,415 - DEBUG - receive_response_headers.started request=<Request [b'HEAD']>
2026-07-02 02:00:05,435 - DEBUG - receive_response_headers.complete return_value=(b'HTTP/1.1', 200, b'OK', [(b'Content-Type', b'text/plain; charset=utf-8'), (b'Content-Length', b'726'), (b'Connection', b'keep-alive'), (b'Date', b'Sun, 04 Jan 2026 05:50:40 GMT'), (b'ETag', b'"e49eccdc32f36da9c09cfa0e737084f9e0105e5e"'), (b'X-Powered-By', b'huggingface-moon'), (b'X-Request-Id', b'Root=1-6959ffb0-2435430037809d514016c5be;0bbd557b-81fa-44c2-9cc7-caea6827276d'), (b'RateLimit', b'"resolvers";r=2989;t=217'), (b'RateLimit-Policy', b'"fixed window";"resolvers";q=3000;w=300'), (b'cross-origin-opener-policy', b'same-origin'), (b'Referrer-Policy', b'strict-origin-when-cross-origin'), (b'Access-Control-Max-Age', b'86400'), (b'Access-Control-Allow-Origin', b'https://huggingface.co'), (b'Access-Control-Expose-Headers', b'X-Repo-Commit,X-Request-Id,X-Error-Code,X-Error-Message,X-Total-Count,ETag,Link,Accept-Ranges,Content-Range,X-Linked-Size,X-Linked-ETag,X-Xet-Hash'), (b'X-Repo-Commit', b'1cfa9a7208912126459214e8b04321603b3df60c'), (b'Accept-Ranges', b'bytes'), (b'X-Hub-Cache', b'HIT'), (b'Content-Disposition', b'inline; filename*=UTF-8\'\'config.json; filename="config.json";'), (b'Content-Security-Policy', b"default-src 'none'; sandbox"), (b'Vary', b'Origin'), (b'X-Cache', b'Hit from cloudfront'), (b'Via', b'1.1 5ecd55f028d3424418cf823c48f98656.cloudfront.net (CloudFront)'), (b'X-Amz-Cf-Pop', b'BOM78-P10'), (b'X-Amz-Cf-Id', b'DDhmF3FypEUWZsDls_x2BpADET9QSWbYJs95Us995ZG0MjYmyfMXog=='), (b'Age', b'15431965')])
2026-07-02 02:00:05,436 - INFO - HTTP Request: HEAD https://huggingface.co/api/resolve-cache/models/Qwen/Qwen3-4B/1cfa9a7208912126459214e8b04321603b3df60c/config.json "HTTP/1.1 200 OK"
2026-07-02 02:00:05,436 - DEBUG - receive_response_body.started request=<Request [b'HEAD']>
2026-07-02 02:00:05,436 - DEBUG - receive_response_body.complete
2026-07-02 02:00:05,436 - DEBUG - response_closed.started
2026-07-02 02:00:05,436 - DEBUG - response_closed.complete
2026-07-02 02:00:05,839 - DEBUG - send_request_headers.started request=<Request [b'HEAD']>
2026-07-02 02:00:05,839 - DEBUG - send_request_headers.complete
2026-07-02 02:00:05,839 - DEBUG - send_request_body.started request=<Request [b'HEAD']>
2026-07-02 02:00:05,839 - DEBUG - send_request_body.complete
2026-07-02 02:00:05,839 - DEBUG - receive_response_headers.started request=<Request [b'HEAD']>
2026-07-02 02:00:06,074 - DEBUG - receive_response_headers.complete return_value=(b'HTTP/1.1', 307, b'Temporary Redirect', [(b'Content-Type', b'text/plain; charset=utf-8'), (b'Content-Length', b'250'), (b'Connection', b'keep-alive'), (b'Date', b'Wed, 01 Jul 2026 20:30:05 GMT'), (b'Location', b'/api/resolve-cache/models/Qwen/Qwen3-4B/1cfa9a7208912126459214e8b04321603b3df60c/tokenizer_config.json?%2FQwen%2FQwen3-4B%2Fresolve%2Fmain%2Ftokenizer_config.json=&etag=%22417d038a63fa3de29cfde265caedae14d1a58d92%22'), (b'X-Powered-By', b'huggingface-moon'), (b'X-Request-Id', b'Root=1-6a4578cd-0ea9fe446ed21f2b443c24c0;14add560-4681-47df-9c24-eaf86731ffcc'), (b'RateLimit', b'"resolvers";r=2995;t=123'), (b'RateLimit-Policy', b'"fixed window";"resolvers";q=3000;w=300'), (b'cross-origin-opener-policy', b'same-origin'), (b'Referrer-Policy', b'strict-origin-when-cross-origin'), (b'Access-Control-Max-Age', b'86400'), (b'Access-Control-Allow-Origin', b'https://huggingface.co'), (b'Vary', b'Origin, Accept'), (b'Access-Control-Expose-Headers', b'X-Repo-Commit,X-Request-Id,X-Error-Code,X-Error-Message,X-Total-Count,ETag,Link,Accept-Ranges,Content-Range,X-Linked-Size,X-Linked-ETag,X-Xet-Hash'), (b'X-Repo-Commit', b'1cfa9a7208912126459214e8b04321603b3df60c'), (b'Accept-Ranges', b'bytes'), (b'X-HF-Warning', b'unauthenticated; Warning: You are sending unauthenticated requests to the HF Hub. Please set a HF_TOKEN to enable higher rate limits and faster downloads.'), (b'X-Hub-Cache', b'HIT'), (b'Content-Disposition', b'inline; filename*=UTF-8\'\'tokenizer_config.json; filename="tokenizer_config.json";'), (b'Content-Security-Policy', b"default-src 'none'; sandbox"), (b'X-Linked-ETag', b'"417d038a63fa3de29cfde265caedae14d1a58d92"'), (b'X-Cache', b'Miss from cloudfront'), (b'Via', b'1.1 5ecd55f028d3424418cf823c48f98656.cloudfront.net (CloudFront)'), (b'X-Amz-Cf-Pop', b'BOM78-P10'), (b'X-Amz-Cf-Id', b'Y5TCVeO9pH_qXlSFChCzUTI6MqFs0XUNdxxkTkYUl-P5y-Ewn5YIyQ==')])
2026-07-02 02:00:06,074 - INFO - HTTP Request: HEAD https://huggingface.co/Qwen/Qwen3-4B/resolve/main/tokenizer_config.json "HTTP/1.1 307 Temporary Redirect"
2026-07-02 02:00:06,075 - DEBUG - receive_response_body.started request=<Request [b'HEAD']>
2026-07-02 02:00:06,075 - DEBUG - receive_response_body.complete
2026-07-02 02:00:06,076 - DEBUG - response_closed.started
2026-07-02 02:00:06,076 - DEBUG - response_closed.complete
2026-07-02 02:00:06,077 - DEBUG - send_request_headers.started request=<Request [b'HEAD']>
2026-07-02 02:00:06,077 - DEBUG - send_request_headers.complete
2026-07-02 02:00:06,077 - DEBUG - send_request_body.started request=<Request [b'HEAD']>
2026-07-02 02:00:06,077 - DEBUG - send_request_body.complete
2026-07-02 02:00:06,077 - DEBUG - receive_response_headers.started request=<Request [b'HEAD']>
2026-07-02 02:00:06,097 - DEBUG - receive_response_headers.complete return_value=(b'HTTP/1.1', 200, b'OK', [(b'Content-Type', b'text/plain; charset=utf-8'), (b'Content-Length', b'9732'), (b'Connection', b'keep-alive'), (b'Date', b'Mon, 17 Nov 2025 10:19:33 GMT'), (b'ETag', b'"417d038a63fa3de29cfde265caedae14d1a58d92"'), (b'X-Powered-By', b'huggingface-moon'), (b'X-Request-Id', b'71cb0015-95d0-4b39-a20c-28f12085f11f'), (b'RateLimit', b'"resolvers";r=2962;t=11'), (b'RateLimit-Policy', b'"fixed window";"resolvers";q=3000;w=300'), (b'cross-origin-opener-policy', b'same-origin'), (b'Referrer-Policy', b'strict-origin-when-cross-origin'), (b'Access-Control-Max-Age', b'86400'), (b'Access-Control-Allow-Origin', b'https://huggingface.co'), (b'Access-Control-Expose-Headers', b'X-Repo-Commit,X-Request-Id,X-Error-Code,X-Error-Message,X-Total-Count,ETag,Link,Accept-Ranges,Content-Range,X-Linked-Size,X-Linked-ETag,X-Xet-Hash'), (b'X-Repo-Commit', b'1cfa9a7208912126459214e8b04321603b3df60c'), (b'Accept-Ranges', b'bytes'), (b'Content-Disposition', b'inline; filename*=UTF-8\'\'tokenizer_config.json; filename="tokenizer_config.json";'), (b'Content-Security-Policy', b"default-src 'none'; sandbox"), (b'Vary', b'Origin'), (b'X-Cache', b'Hit from cloudfront'), (b'Via', b'1.1 5ecd55f028d3424418cf823c48f98656.cloudfront.net (CloudFront)'), (b'X-Amz-Cf-Pop', b'BOM78-P10'), (b'X-Amz-Cf-Id', b'c8yWU_BStJKTWxbnuI7oB131YGOimf5H4iQUamiV2y0f_WOHH5Z34Q=='), (b'Age', b'19563033')])
2026-07-02 02:00:06,098 - INFO - HTTP Request: HEAD https://huggingface.co/api/resolve-cache/models/Qwen/Qwen3-4B/1cfa9a7208912126459214e8b04321603b3df60c/tokenizer_config.json "HTTP/1.1 200 OK"
2026-07-02 02:00:06,098 - DEBUG - receive_response_body.started request=<Request [b'HEAD']>
2026-07-02 02:00:06,098 - DEBUG - receive_response_body.complete
2026-07-02 02:00:06,098 - DEBUG - response_closed.started
2026-07-02 02:00:06,099 - DEBUG - response_closed.complete
2026-07-02 02:00:06,280 - DEBUG - send_request_headers.started request=<Request [b'GET']>
2026-07-02 02:00:06,281 - DEBUG - send_request_headers.complete
2026-07-02 02:00:06,281 - DEBUG - send_request_body.started request=<Request [b'GET']>
2026-07-02 02:00:06,281 - DEBUG - send_request_body.complete
2026-07-02 02:00:06,281 - DEBUG - receive_response_headers.started request=<Request [b'GET']>
2026-07-02 02:00:06,510 - DEBUG - receive_response_headers.complete return_value=(b'HTTP/1.1', 404, b'Not Found', [(b'Content-Type', b'application/json; charset=utf-8'), (b'Content-Length', b'64'), (b'Connection', b'keep-alive'), (b'Date', b'Wed, 01 Jul 2026 20:30:06 GMT'), (b'ETag', b'W/"40-09f9IAqP13xarAhQxFS2W8rvRkM"'), (b'X-Powered-By', b'huggingface-moon'), (b'X-Request-Id', b'Root=1-6a4578ce-7c30e05029b7dcb24229e7ec;d9a9292e-9f46-4c89-b9ed-7a708c34cdde'), (b'RateLimit', b'"api";r=498;t=122'), (b'RateLimit-Policy', b'"fixed window";"api";q=500;w=300'), (b'cross-origin-opener-policy', b'same-origin'), (b'Referrer-Policy', b'strict-origin-when-cross-origin'), (b'Access-Control-Max-Age', b'86400'), (b'Access-Control-Allow-Origin', b'https://huggingface.co'), (b'Vary', b'Origin'), (b'Access-Control-Expose-Headers', b'X-Repo-Commit,X-Request-Id,X-Error-Code,X-Error-Message,X-Total-Count,ETag,Link,Accept-Ranges,Content-Range,X-Linked-Size,X-Linked-ETag,X-Xet-Hash'), (b'X-Error-Code', b'EntryNotFound'), (b'X-Error-Message', b'additional_chat_templates does not exist on "main"'), (b'X-Cache', b'Error from cloudfront'), (b'Via', b'1.1 5ecd55f028d3424418cf823c48f98656.cloudfront.net (CloudFront)'), (b'X-Amz-Cf-Pop', b'BOM78-P10'), (b'X-Amz-Cf-Id', b'aAjAzMGNhOuHcrxk1E3dFZp_ma-Z7P63H1HlXeTxUYlCYbk-5bvBRQ==')])
2026-07-02 02:00:06,511 - INFO - HTTP Request: GET https://huggingface.co/api/models/Qwen/Qwen3-4B/tree/main/additional_chat_templates?recursive=false&expand=false "HTTP/1.1 404 Not Found"
2026-07-02 02:00:06,511 - DEBUG - receive_response_body.started request=<Request [b'GET']>
2026-07-02 02:00:06,512 - DEBUG - receive_response_body.complete
2026-07-02 02:00:06,512 - DEBUG - response_closed.started
2026-07-02 02:00:06,512 - DEBUG - response_closed.complete
2026-07-02 02:00:06,515 - DEBUG - send_request_headers.started request=<Request [b'GET']>
2026-07-02 02:00:06,515 - DEBUG - send_request_headers.complete
2026-07-02 02:00:06,515 - DEBUG - send_request_body.started request=<Request [b'GET']>
2026-07-02 02:00:06,515 - DEBUG - send_request_body.complete
2026-07-02 02:00:06,515 - DEBUG - receive_response_headers.started request=<Request [b'GET']>
2026-07-02 02:00:06,754 - DEBUG - receive_response_headers.complete return_value=(b'HTTP/1.1', 200, b'OK', [(b'Content-Type', b'application/json; charset=utf-8'), (b'Transfer-Encoding', b'chunked'), (b'Connection', b'keep-alive'), (b'Date', b'Wed, 01 Jul 2026 20:30:06 GMT'), (b'content-encoding', b'gzip'), (b'ETag', b'W/"87d-UOIuhKj4X9Go/dwhhYHQZrecNeQ"'), (b'X-Powered-By', b'huggingface-moon'), (b'X-Request-Id', b'Root=1-6a4578ce-3c644c217188cc6c3f7b3da8;ada10128-8e13-40a3-a62a-c6d9676ffe75'), (b'RateLimit', b'"api";r=497;t=122'), (b'RateLimit-Policy', b'"fixed window";"api";q=500;w=300'), (b'cross-origin-opener-policy', b'same-origin'), (b'Referrer-Policy', b'strict-origin-when-cross-origin'), (b'Access-Control-Max-Age', b'86400'), (b'Access-Control-Allow-Origin', b'https://huggingface.co'), (b'Vary', b'Origin'), (b'vary', b'Accept-Encoding'), (b'Access-Control-Expose-Headers', b'X-Repo-Commit,X-Request-Id,X-Error-Code,X-Error-Message,X-Total-Count,ETag,Link,Accept-Ranges,Content-Range,X-Linked-Size,X-Linked-ETag,X-Xet-Hash'), (b'X-Cache', b'Miss from cloudfront'), (b'Via', b'1.1 5ecd55f028d3424418cf823c48f98656.cloudfront.net (CloudFront)'), (b'X-Amz-Cf-Pop', b'BOM78-P10'), (b'X-Amz-Cf-Id', b'cKNrZhzeO0ZCNESaWwULb_hfd6SBpK-6qSN9wO00NpBpdj_ma0dl7w==')])
2026-07-02 02:00:06,755 - INFO - HTTP Request: GET https://huggingface.co/api/models/Qwen/Qwen3-4B/tree/main?recursive=true&expand=false "HTTP/1.1 200 OK"
2026-07-02 02:00:06,755 - DEBUG - receive_response_body.started request=<Request [b'GET']>
2026-07-02 02:00:06,755 - DEBUG - receive_response_body.complete
2026-07-02 02:00:06,755 - DEBUG - response_closed.started
2026-07-02 02:00:06,755 - DEBUG - response_closed.complete
2026-07-02 02:00:07,998 - DEBUG - send_request_headers.started request=<Request [b'GET']>
2026-07-02 02:00:07,998 - DEBUG - send_request_headers.complete
2026-07-02 02:00:07,998 - DEBUG - send_request_body.started request=<Request [b'GET']>
2026-07-02 02:00:07,998 - DEBUG - send_request_body.complete
2026-07-02 02:00:07,998 - DEBUG - receive_response_headers.started request=<Request [b'GET']>
2026-07-02 02:00:08,218 - DEBUG - receive_response_headers.complete return_value=(b'HTTP/1.1', 200, b'OK', [(b'Content-Type', b'application/json; charset=utf-8'), (b'Transfer-Encoding', b'chunked'), (b'Connection', b'keep-alive'), (b'Date', b'Wed, 01 Jul 2026 20:30:08 GMT'), (b'content-encoding', b'gzip'), (b'ETag', b'W/"121d-gY46ppJ4gVXv6Yz81OmpNkK0Kb4"'), (b'X-Powered-By', b'huggingface-moon'), (b'X-Request-Id', b'Root=1-6a4578d0-755b367a0b6120b253197253;92fe0ab5-9c83-4edf-ae71-414d20d4b267'), (b'RateLimit', b'"api";r=496;t=120'), (b'RateLimit-Policy', b'"fixed window";"api";q=500;w=300'), (b'cross-origin-opener-policy', b'same-origin'), (b'Referrer-Policy', b'strict-origin-when-cross-origin'), (b'Access-Control-Max-Age', b'86400'), (b'Access-Control-Allow-Origin', b'https://huggingface.co'), (b'Vary', b'Origin'), (b'vary', b'Accept-Encoding'), (b'Access-Control-Expose-Headers', b'X-Repo-Commit,X-Request-Id,X-Error-Code,X-Error-Message,X-Total-Count,ETag,Link,Accept-Ranges,Content-Range,X-Linked-Size,X-Linked-ETag,X-Xet-Hash'), (b'X-Cache', b'Miss from cloudfront'), (b'Via', b'1.1 5ecd55f028d3424418cf823c48f98656.cloudfront.net (CloudFront)'), (b'X-Amz-Cf-Pop', b'BOM78-P10'), (b'X-Amz-Cf-Id', b'1EgOAhsrYAMxZ4xcGAx-j01_g91BnDZOgGK-V-mdEcqfGCkz3SX5CQ==')])
2026-07-02 02:00:08,219 - INFO - HTTP Request: GET https://huggingface.co/api/models/Qwen/Qwen3-4B "HTTP/1.1 200 OK"
2026-07-02 02:00:08,219 - DEBUG - receive_response_body.started request=<Request [b'GET']>
2026-07-02 02:00:08,220 - DEBUG - receive_response_body.complete
2026-07-02 02:00:08,220 - DEBUG - response_closed.started
2026-07-02 02:00:08,220 - DEBUG - response_closed.complete
2026-07-02 02:00:08,223 - INFO - [QwenClient] Loading model (quantisation=none, dtype=auto) …
2026-07-02 02:00:08,225 - DEBUG - send_request_headers.started request=<Request [b'HEAD']>
2026-07-02 02:00:08,226 - DEBUG - send_request_headers.complete
2026-07-02 02:00:08,226 - DEBUG - send_request_body.started request=<Request [b'HEAD']>
2026-07-02 02:00:08,226 - DEBUG - send_request_body.complete
2026-07-02 02:00:08,226 - DEBUG - receive_response_headers.started request=<Request [b'HEAD']>
2026-07-02 02:00:08,459 - DEBUG - receive_response_headers.complete return_value=(b'HTTP/1.1', 307, b'Temporary Redirect', [(b'Content-Type', b'text/plain; charset=utf-8'), (b'Content-Length', b'230'), (b'Connection', b'keep-alive'), (b'Date', b'Wed, 01 Jul 2026 20:30:08 GMT'), (b'Location', b'/api/resolve-cache/models/Qwen/Qwen3-4B/1cfa9a7208912126459214e8b04321603b3df60c/config.json?%2FQwen%2FQwen3-4B%2Fresolve%2Fmain%2Fconfig.json=&etag=%22e49eccdc32f36da9c09cfa0e737084f9e0105e5e%22'), (b'X-Powered-By', b'huggingface-moon'), (b'X-Request-Id', b'Root=1-6a4578d0-31de066a197c865e71a4f2a4;82d85d5c-b6c5-432d-9869-be4044e6abe7'), (b'RateLimit', b'"resolvers";r=2994;t=120'), (b'RateLimit-Policy', b'"fixed window";"resolvers";q=3000;w=300'), (b'cross-origin-opener-policy', b'same-origin'), (b'Referrer-Policy', b'strict-origin-when-cross-origin'), (b'Access-Control-Max-Age', b'86400'), (b'Access-Control-Allow-Origin', b'https://huggingface.co'), (b'Vary', b'Origin, Accept'), (b'Access-Control-Expose-Headers', b'X-Repo-Commit,X-Request-Id,X-Error-Code,X-Error-Message,X-Total-Count,ETag,Link,Accept-Ranges,Content-Range,X-Linked-Size,X-Linked-ETag,X-Xet-Hash'), (b'X-Repo-Commit', b'1cfa9a7208912126459214e8b04321603b3df60c'), (b'Accept-Ranges', b'bytes'), (b'X-HF-Warning', b'unauthenticated; Warning: You are sending unauthenticated requests to the HF Hub. Please set a HF_TOKEN to enable higher rate limits and faster downloads.'), (b'X-Hub-Cache', b'HIT'), (b'Content-Disposition', b'inline; filename*=UTF-8\'\'config.json; filename="config.json";'), (b'Content-Security-Policy', b"default-src 'none'; sandbox"), (b'X-Linked-ETag', b'"e49eccdc32f36da9c09cfa0e737084f9e0105e5e"'), (b'X-Cache', b'Miss from cloudfront'), (b'Via', b'1.1 5ecd55f028d3424418cf823c48f98656.cloudfront.net (CloudFront)'), (b'X-Amz-Cf-Pop', b'BOM78-P10'), (b'X-Amz-Cf-Id', b'e3JeLGXrBHS58yZyHRlFJzYTwYze_cbvs4xN8XR5UDV2C8oonBUB3A==')])
2026-07-02 02:00:08,460 - INFO - HTTP Request: HEAD https://huggingface.co/Qwen/Qwen3-4B/resolve/main/config.json "HTTP/1.1 307 Temporary Redirect"
2026-07-02 02:00:08,461 - DEBUG - receive_response_body.started request=<Request [b'HEAD']>
2026-07-02 02:00:08,461 - DEBUG - receive_response_body.complete
2026-07-02 02:00:08,461 - DEBUG - response_closed.started
2026-07-02 02:00:08,461 - DEBUG - response_closed.complete
2026-07-02 02:00:08,462 - DEBUG - send_request_headers.started request=<Request [b'HEAD']>
2026-07-02 02:00:08,462 - DEBUG - send_request_headers.complete
2026-07-02 02:00:08,462 - DEBUG - send_request_body.started request=<Request [b'HEAD']>
2026-07-02 02:00:08,463 - DEBUG - send_request_body.complete
2026-07-02 02:00:08,463 - DEBUG - receive_response_headers.started request=<Request [b'HEAD']>
2026-07-02 02:00:08,483 - DEBUG - receive_response_headers.complete return_value=(b'HTTP/1.1', 200, b'OK', [(b'Content-Type', b'text/plain; charset=utf-8'), (b'Content-Length', b'726'), (b'Connection', b'keep-alive'), (b'Date', b'Sun, 04 Jan 2026 05:50:40 GMT'), (b'ETag', b'"e49eccdc32f36da9c09cfa0e737084f9e0105e5e"'), (b'X-Powered-By', b'huggingface-moon'), (b'X-Request-Id', b'Root=1-6959ffb0-2435430037809d514016c5be;0bbd557b-81fa-44c2-9cc7-caea6827276d'), (b'RateLimit', b'"resolvers";r=2989;t=217'), (b'RateLimit-Policy', b'"fixed window";"resolvers";q=3000;w=300'), (b'cross-origin-opener-policy', b'same-origin'), (b'Referrer-Policy', b'strict-origin-when-cross-origin'), (b'Access-Control-Max-Age', b'86400'), (b'Access-Control-Allow-Origin', b'https://huggingface.co'), (b'Access-Control-Expose-Headers', b'X-Repo-Commit,X-Request-Id,X-Error-Code,X-Error-Message,X-Total-Count,ETag,Link,Accept-Ranges,Content-Range,X-Linked-Size,X-Linked-ETag,X-Xet-Hash'), (b'X-Repo-Commit', b'1cfa9a7208912126459214e8b04321603b3df60c'), (b'Accept-Ranges', b'bytes'), (b'X-Hub-Cache', b'HIT'), (b'Content-Disposition', b'inline; filename*=UTF-8\'\'config.json; filename="config.json";'), (b'Content-Security-Policy', b"default-src 'none'; sandbox"), (b'Vary', b'Origin'), (b'X-Cache', b'Hit from cloudfront'), (b'Via', b'1.1 5ecd55f028d3424418cf823c48f98656.cloudfront.net (CloudFront)'), (b'X-Amz-Cf-Pop', b'BOM78-P10'), (b'X-Amz-Cf-Id', b'BiRZHaYNfrEiBeqFTGNHorNfRZLKmQIQyEWRgcDejDaa12vH3fRQ5g=='), (b'Age', b'15431968')])
2026-07-02 02:00:08,484 - INFO - HTTP Request: HEAD https://huggingface.co/api/resolve-cache/models/Qwen/Qwen3-4B/1cfa9a7208912126459214e8b04321603b3df60c/config.json "HTTP/1.1 200 OK"
2026-07-02 02:00:08,484 - DEBUG - receive_response_body.started request=<Request [b'HEAD']>
2026-07-02 02:00:08,484 - DEBUG - receive_response_body.complete
2026-07-02 02:00:08,484 - DEBUG - response_closed.started
2026-07-02 02:00:08,484 - DEBUG - response_closed.complete
2026-07-02 02:00:22,223 - DEBUG - Loading FFmpeg6
2026-07-02 02:00:22,400 - DEBUG - Failed to load FFmpeg6 extension.
Traceback (most recent call last):
  File "/home/kbasu/arnavbhatt/fluxmem/venv2/lib/python3.13/site-packages/torio/_extension/utils.py", line 116, in _find_ffmpeg_extension
    ext = _find_versionsed_ffmpeg_extension(ffmpeg_ver)
  File "/home/kbasu/arnavbhatt/fluxmem/venv2/lib/python3.13/site-packages/torio/_extension/utils.py", line 108, in _find_versionsed_ffmpeg_extension
    _load_lib(lib)
    ~~~~~~~~~^^^^^
  File "/home/kbasu/arnavbhatt/fluxmem/venv2/lib/python3.13/site-packages/torio/_extension/utils.py", line 94, in _load_lib
    torch.ops.load_library(path)
    ~~~~~~~~~~~~~~~~~~~~~~^^^^^^
  File "/home/kbasu/arnavbhatt/fluxmem/venv2/lib/python3.13/site-packages/torch/_ops.py", line 1357, in load_library
    ctypes.CDLL(path)
    ~~~~~~~~~~~^^^^^^
  File "/home/kbasu/arnavbhatt/miniconda3/lib/python3.13/ctypes/__init__.py", line 361, in __init__
    self._handle = self._load_library(name, mode, handle, winmode)
                   ~~~~~~~~~~~~~~~~~~^^^^^^^^^^^^^^^^^^^^^^^^^^^^^
  File "/home/kbasu/arnavbhatt/miniconda3/lib/python3.13/ctypes/__init__.py", line 401, in _load_library
    return _dlopen(name, mode)
OSError: libavutil.so.58: cannot open shared object file: No such file or directory
2026-07-02 02:00:22,523 - DEBUG - Loading FFmpeg5
2026-07-02 02:00:22,710 - DEBUG - Failed to load FFmpeg5 extension.
Traceback (most recent call last):
  File "/home/kbasu/arnavbhatt/fluxmem/venv2/lib/python3.13/site-packages/torio/_extension/utils.py", line 116, in _find_ffmpeg_extension
    ext = _find_versionsed_ffmpeg_extension(ffmpeg_ver)
  File "/home/kbasu/arnavbhatt/fluxmem/venv2/lib/python3.13/site-packages/torio/_extension/utils.py", line 108, in _find_versionsed_ffmpeg_extension
    _load_lib(lib)
    ~~~~~~~~~^^^^^
  File "/home/kbasu/arnavbhatt/fluxmem/venv2/lib/python3.13/site-packages/torio/_extension/utils.py", line 94, in _load_lib
    torch.ops.load_library(path)
    ~~~~~~~~~~~~~~~~~~~~~~^^^^^^
  File "/home/kbasu/arnavbhatt/fluxmem/venv2/lib/python3.13/site-packages/torch/_ops.py", line 1357, in load_library
    ctypes.CDLL(path)
    ~~~~~~~~~~~^^^^^^
  File "/home/kbasu/arnavbhatt/miniconda3/lib/python3.13/ctypes/__init__.py", line 361, in __init__
    self._handle = self._load_library(name, mode, handle, winmode)
                   ~~~~~~~~~~~~~~~~~~^^^^^^^^^^^^^^^^^^^^^^^^^^^^^
  File "/home/kbasu/arnavbhatt/miniconda3/lib/python3.13/ctypes/__init__.py", line 401, in _load_library
    return _dlopen(name, mode)
OSError: libavutil.so.57: cannot open shared object file: No such file or directory
2026-07-02 02:00:22,712 - DEBUG - Loading FFmpeg4
2026-07-02 02:00:22,820 - DEBUG - Failed to load FFmpeg4 extension.
Traceback (most recent call last):
  File "/home/kbasu/arnavbhatt/fluxmem/venv2/lib/python3.13/site-packages/torio/_extension/utils.py", line 116, in _find_ffmpeg_extension
    ext = _find_versionsed_ffmpeg_extension(ffmpeg_ver)
  File "/home/kbasu/arnavbhatt/fluxmem/venv2/lib/python3.13/site-packages/torio/_extension/utils.py", line 108, in _find_versionsed_ffmpeg_extension
    _load_lib(lib)
    ~~~~~~~~~^^^^^
  File "/home/kbasu/arnavbhatt/fluxmem/venv2/lib/python3.13/site-packages/torio/_extension/utils.py", line 94, in _load_lib
    torch.ops.load_library(path)
    ~~~~~~~~~~~~~~~~~~~~~~^^^^^^
  File "/home/kbasu/arnavbhatt/fluxmem/venv2/lib/python3.13/site-packages/torch/_ops.py", line 1357, in load_library
    ctypes.CDLL(path)
    ~~~~~~~~~~~^^^^^^
  File "/home/kbasu/arnavbhatt/miniconda3/lib/python3.13/ctypes/__init__.py", line 361, in __init__
    self._handle = self._load_library(name, mode, handle, winmode)
                   ~~~~~~~~~~~~~~~~~~^^^^^^^^^^^^^^^^^^^^^^^^^^^^^
  File "/home/kbasu/arnavbhatt/miniconda3/lib/python3.13/ctypes/__init__.py", line 401, in _load_library
    return _dlopen(name, mode)
OSError: libavutil.so.56: cannot open shared object file: No such file or directory
2026-07-02 02:00:22,821 - DEBUG - Loading FFmpeg
2026-07-02 02:00:22,821 - DEBUG - Failed to load FFmpeg extension.
Traceback (most recent call last):
  File "/home/kbasu/arnavbhatt/fluxmem/venv2/lib/python3.13/site-packages/torio/_extension/utils.py", line 116, in _find_ffmpeg_extension
    ext = _find_versionsed_ffmpeg_extension(ffmpeg_ver)
  File "/home/kbasu/arnavbhatt/fluxmem/venv2/lib/python3.13/site-packages/torio/_extension/utils.py", line 106, in _find_versionsed_ffmpeg_extension
    raise RuntimeError(f"FFmpeg{version} extension is not available.")
RuntimeError: FFmpeg extension is not available.
2026-07-02 02:02:25,268 - DEBUG - close.started
2026-07-02 02:02:25,269 - DEBUG - close.complete
2026-07-02 02:02:25,269 - DEBUG - connect_tcp.started host='huggingface.co' port=443 local_address=None timeout=10 socket_options=None
2026-07-02 02:02:25,288 - DEBUG - connect_tcp.complete return_value=<httpcore._backends.sync.SyncStream object at 0x7fdf1620b750>
2026-07-02 02:02:25,288 - DEBUG - start_tls.started ssl_context=<ssl.SSLContext object at 0x7fe045d1ad50> server_hostname='huggingface.co' timeout=10
2026-07-02 02:02:25,325 - DEBUG - start_tls.complete return_value=<httpcore._backends.sync.SyncStream object at 0x7fdf1626c8a0>
2026-07-02 02:02:25,325 - DEBUG - send_request_headers.started request=<Request [b'HEAD']>
2026-07-02 02:02:25,326 - DEBUG - send_request_headers.complete
2026-07-02 02:02:25,326 - DEBUG - send_request_body.started request=<Request [b'HEAD']>
2026-07-02 02:02:25,327 - DEBUG - send_request_body.complete
2026-07-02 02:02:25,327 - DEBUG - receive_response_headers.started request=<Request [b'HEAD']>
2026-07-02 02:02:25,558 - DEBUG - receive_response_headers.complete return_value=(b'HTTP/1.1', 307, b'Temporary Redirect', [(b'Content-Type', b'text/plain; charset=utf-8'), (b'Content-Length', b'252'), (b'Connection', b'keep-alive'), (b'Date', b'Wed, 01 Jul 2026 20:32:25 GMT'), (b'Location', b'/api/resolve-cache/models/Qwen/Qwen3-4B/1cfa9a7208912126459214e8b04321603b3df60c/generation_config.json?%2FQwen%2FQwen3-4B%2Fresolve%2Fmain%2Fgeneration_config.json=&etag=%2220a8a9156fc8c3f25295ca067f61fdf120d517c5%22'), (b'X-Powered-By', b'huggingface-moon'), (b'X-Request-Id', b'Root=1-6a457959-54ecf2cc4f8ac8d149fadead;1a405891-173f-4ede-a7f9-7b65ead73a5a'), (b'RateLimit', b'"resolvers";r=2999;t=283'), (b'RateLimit-Policy', b'"fixed window";"resolvers";q=3000;w=300'), (b'cross-origin-opener-policy', b'same-origin'), (b'Referrer-Policy', b'strict-origin-when-cross-origin'), (b'Access-Control-Max-Age', b'86400'), (b'Access-Control-Allow-Origin', b'https://huggingface.co'), (b'Vary', b'Origin, Accept'), (b'Access-Control-Expose-Headers', b'X-Repo-Commit,X-Request-Id,X-Error-Code,X-Error-Message,X-Total-Count,ETag,Link,Accept-Ranges,Content-Range,X-Linked-Size,X-Linked-ETag,X-Xet-Hash'), (b'X-Repo-Commit', b'1cfa9a7208912126459214e8b04321603b3df60c'), (b'Accept-Ranges', b'bytes'), (b'X-HF-Warning', b'unauthenticated; Warning: You are sending unauthenticated requests to the HF Hub. Please set a HF_TOKEN to enable higher rate limits and faster downloads.'), (b'X-Hub-Cache', b'MISS'), (b'Content-Disposition', b'inline; filename*=UTF-8\'\'generation_config.json; filename="generation_config.json";'), (b'Content-Security-Policy', b"default-src 'none'; sandbox"), (b'X-Linked-ETag', b'"20a8a9156fc8c3f25295ca067f61fdf120d517c5"'), (b'X-Cache', b'Miss from cloudfront'), (b'Via', b'1.1 f6e1feaef8bcc12ea83a6297254d61e8.cloudfront.net (CloudFront)'), (b'X-Amz-Cf-Pop', b'BOM78-P10'), (b'X-Amz-Cf-Id', b'TDYrhQGbWdggU6Hi6JX8EcHJIj73RH4bI5FiW_gqf_sMmmIZ5Y6mlQ==')])
2026-07-02 02:02:25,559 - INFO - HTTP Request: HEAD https://huggingface.co/Qwen/Qwen3-4B/resolve/main/generation_config.json "HTTP/1.1 307 Temporary Redirect"
2026-07-02 02:02:25,560 - DEBUG - receive_response_body.started request=<Request [b'HEAD']>
2026-07-02 02:02:25,560 - DEBUG - receive_response_body.complete
2026-07-02 02:02:25,561 - DEBUG - response_closed.started
2026-07-02 02:02:25,561 - DEBUG - response_closed.complete
2026-07-02 02:02:25,562 - DEBUG - send_request_headers.started request=<Request [b'HEAD']>
2026-07-02 02:02:25,562 - DEBUG - send_request_headers.complete
2026-07-02 02:02:25,562 - DEBUG - send_request_body.started request=<Request [b'HEAD']>
2026-07-02 02:02:25,562 - DEBUG - send_request_body.complete
2026-07-02 02:02:25,563 - DEBUG - receive_response_headers.started request=<Request [b'HEAD']>
2026-07-02 02:02:25,584 - DEBUG - receive_response_headers.complete return_value=(b'HTTP/1.1', 200, b'OK', [(b'Content-Type', b'text/plain; charset=utf-8'), (b'Content-Length', b'239'), (b'Connection', b'keep-alive'), (b'Date', b'Wed, 06 May 2026 10:15:03 GMT'), (b'ETag', b'"20a8a9156fc8c3f25295ca067f61fdf120d517c5"'), (b'X-Powered-By', b'huggingface-moon'), (b'X-Request-Id', b'Root=1-69fb14a7-660a6ee35a11d86936be37e7'), (b'RateLimit', b'"resolvers";r=2992;t=167'), (b'RateLimit-Policy', b'"fixed window";"resolvers";q=3000;w=300'), (b'cross-origin-opener-policy', b'same-origin'), (b'Referrer-Policy', b'strict-origin-when-cross-origin'), (b'Access-Control-Max-Age', b'86400'), (b'Access-Control-Allow-Origin', b'https://huggingface.co'), (b'Access-Control-Expose-Headers', b'X-Repo-Commit,X-Request-Id,X-Error-Code,X-Error-Message,X-Total-Count,ETag,Link,Accept-Ranges,Content-Range,X-Linked-Size,X-Linked-ETag,X-Xet-Hash'), (b'X-Repo-Commit', b'1cfa9a7208912126459214e8b04321603b3df60c'), (b'Accept-Ranges', b'bytes'), (b'Content-Disposition', b'inline; filename*=UTF-8\'\'generation_config.json; filename="generation_config.json";'), (b'Content-Security-Policy', b"default-src 'none'; sandbox"), (b'Vary', b'Origin'), (b'X-Cache', b'Hit from cloudfront'), (b'Via', b'1.1 f6e1feaef8bcc12ea83a6297254d61e8.cloudfront.net (CloudFront)'), (b'X-Amz-Cf-Pop', b'BOM78-P10'), (b'X-Amz-Cf-Id', b'mVkaGp0d7dm_i3Yx828nTQRn2Do7HYAppMUylcSvyIlucqSCpeh6-Q=='), (b'Age', b'4875442')])
2026-07-02 02:02:25,584 - INFO - HTTP Request: HEAD https://huggingface.co/api/resolve-cache/models/Qwen/Qwen3-4B/1cfa9a7208912126459214e8b04321603b3df60c/generation_config.json "HTTP/1.1 200 OK"
2026-07-02 02:02:25,584 - DEBUG - receive_response_body.started request=<Request [b'HEAD']>
2026-07-02 02:02:25,585 - DEBUG - receive_response_body.complete
2026-07-02 02:02:25,585 - DEBUG - response_closed.started
2026-07-02 02:02:25,585 - DEBUG - response_closed.complete
2026-07-02 02:02:25,728 - DEBUG - send_request_headers.started request=<Request [b'HEAD']>
2026-07-02 02:02:25,729 - DEBUG - send_request_headers.complete
2026-07-02 02:02:25,729 - DEBUG - send_request_body.started request=<Request [b'HEAD']>
2026-07-02 02:02:25,729 - DEBUG - send_request_body.complete
2026-07-02 02:02:25,729 - DEBUG - receive_response_headers.started request=<Request [b'HEAD']>
2026-07-02 02:02:25,948 - DEBUG - receive_response_headers.complete return_value=(b'HTTP/1.1', 404, b'Not Found', [(b'Content-Type', b'text/plain; charset=utf-8'), (b'Content-Length', b'15'), (b'Connection', b'keep-alive'), (b'Date', b'Wed, 01 Jul 2026 20:32:25 GMT'), (b'ETag', b'W/"f-mY2VvLxuxB7KhsoOdQTlMTccuAQ"'), (b'X-Powered-By', b'huggingface-moon'), (b'X-Request-Id', b'Root=1-6a457959-1bb0b16c08e5fa285660c7e3;482a6524-c69e-4ac6-b4a5-00449044cee9'), (b'RateLimit', b'"resolvers";r=2998;t=283'), (b'RateLimit-Policy', b'"fixed window";"resolvers";q=3000;w=300'), (b'cross-origin-opener-policy', b'same-origin'), (b'Referrer-Policy', b'strict-origin-when-cross-origin'), (b'Access-Control-Max-Age', b'86400'), (b'Access-Control-Allow-Origin', b'https://huggingface.co'), (b'Vary', b'Origin'), (b'Access-Control-Expose-Headers', b'X-Repo-Commit,X-Request-Id,X-Error-Code,X-Error-Message,X-Total-Count,ETag,Link,Accept-Ranges,Content-Range,X-Linked-Size,X-Linked-ETag,X-Xet-Hash'), (b'X-Repo-Commit', b'1cfa9a7208912126459214e8b04321603b3df60c'), (b'Accept-Ranges', b'bytes'), (b'X-HF-Warning', b'unauthenticated; Warning: You are sending unauthenticated requests to the HF Hub. Please set a HF_TOKEN to enable higher rate limits and faster downloads.'), (b'X-Hub-Cache', b'MISS'), (b'X-Error-Code', b'EntryNotFound'), (b'X-Error-Message', b'Entry not found'), (b'X-Cache', b'Error from cloudfront'), (b'Via', b'1.1 f6e1feaef8bcc12ea83a6297254d61e8.cloudfront.net (CloudFront)'), (b'X-Amz-Cf-Pop', b'BOM78-P10'), (b'X-Amz-Cf-Id', b'JM3Ew7QPzv-qZRsMaUUeWq8Y3J4wbqDI1K7FSrKRix5Er0P7E-5gEw==')])
2026-07-02 02:02:25,949 - INFO - HTTP Request: HEAD https://huggingface.co/Qwen/Qwen3-4B/resolve/main/custom_generate/generate.py "HTTP/1.1 404 Not Found"
2026-07-02 02:02:25,949 - DEBUG - receive_response_body.started request=<Request [b'HEAD']>
2026-07-02 02:02:25,949 - DEBUG - receive_response_body.complete
2026-07-02 02:02:25,950 - DEBUG - response_closed.started
2026-07-02 02:02:25,950 - DEBUG - response_closed.complete
2026-07-02 02:02:25,959 - INFO - [QwenClient] Model ready.
2026-07-02 02:02:25,959 - INFO - [QwenClient] 'default' loaded (Qwen/Qwen3-4B on cuda).
2026-07-02 02:02:25,962 - DEBUG - send_request_headers.started request=<Request [b'HEAD']>
2026-07-02 02:02:25,963 - DEBUG - send_request_headers.complete
2026-07-02 02:02:25,963 - DEBUG - send_request_body.started request=<Request [b'HEAD']>
2026-07-02 02:02:25,963 - DEBUG - send_request_body.complete
2026-07-02 02:02:25,963 - DEBUG - receive_response_headers.started request=<Request [b'HEAD']>
2026-07-02 02:02:26,191 - DEBUG - receive_response_headers.complete return_value=(b'HTTP/1.1', 307, b'Temporary Redirect', [(b'Content-Type', b'text/plain; charset=utf-8'), (b'Content-Length', b'265'), (b'Connection', b'keep-alive'), (b'Date', b'Wed, 01 Jul 2026 20:32:26 GMT'), (b'Location', b'/api/resolve-cache/datasets/nayohan/multi_session_chat/78b67491c43823fc169cab827ab3f82805e0235b/README.md?%2Fdatasets%2Fnayohan%2Fmulti_session_chat%2Fresolve%2Fmain%2FREADME.md=&etag=%22f80da89a35a17378a05d3edfb0381f9980a5c12d%22'), (b'X-Powered-By', b'huggingface-moon'), (b'X-Request-Id', b'Root=1-6a45795a-455dbb1c5631b4b34b8dfa1d;c3e2c3a5-4853-4760-bb36-a950c15829a8'), (b'RateLimit', b'"resolvers";r=2997;t=282'), (b'RateLimit-Policy', b'"fixed window";"resolvers";q=3000;w=300'), (b'cross-origin-opener-policy', b'same-origin'), (b'Referrer-Policy', b'strict-origin-when-cross-origin'), (b'Access-Control-Max-Age', b'86400'), (b'Access-Control-Allow-Origin', b'https://huggingface.co'), (b'Vary', b'Origin, Accept'), (b'Access-Control-Expose-Headers', b'X-Repo-Commit,X-Request-Id,X-Error-Code,X-Error-Message,X-Total-Count,ETag,Link,Accept-Ranges,Content-Range,X-Linked-Size,X-Linked-ETag,X-Xet-Hash'), (b'X-Repo-Commit', b'78b67491c43823fc169cab827ab3f82805e0235b'), (b'Accept-Ranges', b'bytes'), (b'X-HF-Warning', b'unauthenticated; Warning: You are sending unauthenticated requests to the HF Hub. Please set a HF_TOKEN to enable higher rate limits and faster downloads.'), (b'X-Hub-Cache', b'MISS'), (b'Content-Disposition', b'inline; filename*=UTF-8\'\'README.md; filename="README.md";'), (b'Content-Security-Policy', b"default-src 'none'; sandbox"), (b'X-Linked-ETag', b'"f80da89a35a17378a05d3edfb0381f9980a5c12d"'), (b'X-Cache', b'Miss from cloudfront'), (b'Via', b'1.1 f6e1feaef8bcc12ea83a6297254d61e8.cloudfront.net (CloudFront)'), (b'X-Amz-Cf-Pop', b'BOM78-P10'), (b'X-Amz-Cf-Id', b'La9iVFSBebNbbJlWVRuix1Zi10Ag7oZ16Wc-QAdF6_liA47-O9ZdQA==')])
2026-07-02 02:02:26,192 - INFO - HTTP Request: HEAD https://huggingface.co/datasets/nayohan/multi_session_chat/resolve/main/README.md "HTTP/1.1 307 Temporary Redirect"
2026-07-02 02:02:26,193 - DEBUG - receive_response_body.started request=<Request [b'HEAD']>
2026-07-02 02:02:26,193 - DEBUG - receive_response_body.complete
2026-07-02 02:02:26,193 - DEBUG - response_closed.started
2026-07-02 02:02:26,193 - DEBUG - response_closed.complete
2026-07-02 02:02:26,194 - DEBUG - send_request_headers.started request=<Request [b'HEAD']>
2026-07-02 02:02:26,194 - DEBUG - send_request_headers.complete
2026-07-02 02:02:26,194 - DEBUG - send_request_body.started request=<Request [b'HEAD']>
2026-07-02 02:02:26,195 - DEBUG - send_request_body.complete
2026-07-02 02:02:26,195 - DEBUG - receive_response_headers.started request=<Request [b'HEAD']>
2026-07-02 02:02:26,217 - DEBUG - receive_response_headers.complete return_value=(b'HTTP/1.1', 200, b'OK', [(b'Content-Type', b'text/plain; charset=utf-8'), (b'Content-Length', b'897'), (b'Connection', b'keep-alive'), (b'Date', b'Fri, 29 May 2026 12:48:35 GMT'), (b'ETag', b'"f80da89a35a17378a05d3edfb0381f9980a5c12d"'), (b'X-Powered-By', b'huggingface-moon'), (b'X-Request-Id', b'Root=1-6a198b23-5d2401be350eb0e26f82d1f0;07a58301-54ba-4873-bdb2-1c10b65d4a1f'), (b'RateLimit', b'"resolvers";r=2998;t=109'), (b'RateLimit-Policy', b'"fixed window";"resolvers";q=3000;w=300'), (b'cross-origin-opener-policy', b'same-origin'), (b'Referrer-Policy', b'strict-origin-when-cross-origin'), (b'Access-Control-Max-Age', b'86400'), (b'Access-Control-Allow-Origin', b'https://huggingface.co'), (b'Access-Control-Expose-Headers', b'X-Repo-Commit,X-Request-Id,X-Error-Code,X-Error-Message,X-Total-Count,ETag,Link,Accept-Ranges,Content-Range,X-Linked-Size,X-Linked-ETag,X-Xet-Hash'), (b'X-Repo-Commit', b'78b67491c43823fc169cab827ab3f82805e0235b'), (b'Accept-Ranges', b'bytes'), (b'X-Hub-Cache', b'MISS'), (b'Content-Disposition', b'inline; filename*=UTF-8\'\'README.md; filename="README.md";'), (b'Content-Security-Policy', b"default-src 'none'; sandbox"), (b'Vary', b'Origin'), (b'X-Cache', b'Hit from cloudfront'), (b'Via', b'1.1 f6e1feaef8bcc12ea83a6297254d61e8.cloudfront.net (CloudFront)'), (b'X-Amz-Cf-Pop', b'BOM78-P10'), (b'X-Amz-Cf-Id', b'Et1wurE0XwBz6ahYzN3gPpz0upkdtjaySEtNUYzVtWLrifGWkhG25Q=='), (b'Age', b'2879031')])
2026-07-02 02:02:26,218 - INFO - HTTP Request: HEAD https://huggingface.co/api/resolve-cache/datasets/nayohan/multi_session_chat/78b67491c43823fc169cab827ab3f82805e0235b/README.md "HTTP/1.1 200 OK"
2026-07-02 02:02:26,218 - DEBUG - receive_response_body.started request=<Request [b'HEAD']>
2026-07-02 02:02:26,218 - DEBUG - receive_response_body.complete
2026-07-02 02:02:26,218 - DEBUG - response_closed.started
2026-07-02 02:02:26,218 - DEBUG - response_closed.complete
2026-07-02 02:02:26,386 - DEBUG - send_request_headers.started request=<Request [b'HEAD']>
2026-07-02 02:02:26,387 - DEBUG - send_request_headers.complete
2026-07-02 02:02:26,387 - DEBUG - send_request_body.started request=<Request [b'HEAD']>
2026-07-02 02:02:26,387 - DEBUG - send_request_body.complete
2026-07-02 02:02:26,387 - DEBUG - receive_response_headers.started request=<Request [b'HEAD']>
2026-07-02 02:02:26,630 - DEBUG - receive_response_headers.complete return_value=(b'HTTP/1.1', 404, b'Not Found', [(b'Content-Type', b'text/plain; charset=utf-8'), (b'Content-Length', b'15'), (b'Connection', b'keep-alive'), (b'Date', b'Wed, 01 Jul 2026 20:32:26 GMT'), (b'ETag', b'W/"f-mY2VvLxuxB7KhsoOdQTlMTccuAQ"'), (b'X-Powered-By', b'huggingface-moon'), (b'X-Request-Id', b'Root=1-6a45795a-253cfd9d282b16b75e7ee884;aa21643a-99d8-49b3-a3e4-bda2d309b0a4'), (b'RateLimit', b'"resolvers";r=2996;t=282'), (b'RateLimit-Policy', b'"fixed window";"resolvers";q=3000;w=300'), (b'cross-origin-opener-policy', b'same-origin'), (b'Referrer-Policy', b'strict-origin-when-cross-origin'), (b'Access-Control-Max-Age', b'86400'), (b'Access-Control-Allow-Origin', b'https://huggingface.co'), (b'Vary', b'Origin'), (b'Access-Control-Expose-Headers', b'X-Repo-Commit,X-Request-Id,X-Error-Code,X-Error-Message,X-Total-Count,ETag,Link,Accept-Ranges,Content-Range,X-Linked-Size,X-Linked-ETag,X-Xet-Hash'), (b'X-Repo-Commit', b'78b67491c43823fc169cab827ab3f82805e0235b'), (b'Accept-Ranges', b'bytes'), (b'X-HF-Warning', b'unauthenticated; Warning: You are sending unauthenticated requests to the HF Hub. Please set a HF_TOKEN to enable higher rate limits and faster downloads.'), (b'X-Hub-Cache', b'MISS'), (b'X-Error-Code', b'EntryNotFound'), (b'X-Error-Message', b'Entry not found'), (b'X-Cache', b'Error from cloudfront'), (b'Via', b'1.1 f6e1feaef8bcc12ea83a6297254d61e8.cloudfront.net (CloudFront)'), (b'X-Amz-Cf-Pop', b'BOM78-P10'), (b'X-Amz-Cf-Id', b't7qzcHX7fhkxaP8R_Psyw_f0UpaB4Sw4hOhSUqcNSjFLEmzms-cNJg==')])
2026-07-02 02:02:26,631 - INFO - HTTP Request: HEAD https://huggingface.co/datasets/nayohan/multi_session_chat/resolve/78b67491c43823fc169cab827ab3f82805e0235b/multi_session_chat.py "HTTP/1.1 404 Not Found"
2026-07-02 02:02:26,631 - DEBUG - receive_response_body.started request=<Request [b'HEAD']>
2026-07-02 02:02:26,631 - DEBUG - receive_response_body.complete
2026-07-02 02:02:26,631 - DEBUG - response_closed.started
2026-07-02 02:02:26,631 - DEBUG - response_closed.complete
2026-07-02 02:02:26,656 - DEBUG - connect_tcp.started host='s3.amazonaws.com' port=443 local_address=None timeout=3 socket_options=None
2026-07-02 02:02:27,005 - DEBUG - connect_tcp.complete return_value=<httpcore._backends.sync.SyncStream object at 0x7fdf1626c640>
2026-07-02 02:02:27,005 - DEBUG - start_tls.started ssl_context=<ssl.SSLContext object at 0x7fe045d1ad50> server_hostname='s3.amazonaws.com' timeout=3
2026-07-02 02:02:27,269 - DEBUG - start_tls.complete return_value=<httpcore._backends.sync.SyncStream object at 0x7fdf32a91a30>
2026-07-02 02:02:27,269 - DEBUG - send_request_headers.started request=<Request [b'HEAD']>
2026-07-02 02:02:27,269 - DEBUG - send_request_headers.complete
2026-07-02 02:02:27,270 - DEBUG - send_request_body.started request=<Request [b'HEAD']>
2026-07-02 02:02:27,270 - DEBUG - send_request_body.complete
2026-07-02 02:02:27,270 - DEBUG - receive_response_headers.started request=<Request [b'HEAD']>
2026-07-02 02:02:27,545 - DEBUG - receive_response_headers.complete return_value=(b'HTTP/1.1', 404, b'Not Found', [(b'x-amz-request-id', b'PC29TWMGTBRZTXJE'), (b'x-amz-id-2', b'ccKWfadxhWhcMrx5tHmZhJAnHr+x+mLT1LNFWfpNSbP1j2J5bLO3blSJEE4AwBRrs7jXRtpNVL0='), (b'Content-Type', b'application/xml'), (b'Transfer-Encoding', b'chunked'), (b'Date', b'Wed, 01 Jul 2026 20:32:27 GMT'), (b'Server', b'AmazonS3')])
2026-07-02 02:02:27,545 - INFO - HTTP Request: HEAD https://s3.amazonaws.com/datasets.huggingface.co/datasets/datasets/nayohan/multi_session_chat/nayohan/multi_session_chat.py "HTTP/1.1 404 Not Found"
2026-07-02 02:02:27,545 - DEBUG - receive_response_body.started request=<Request [b'HEAD']>
2026-07-02 02:02:27,546 - DEBUG - receive_response_body.complete
2026-07-02 02:02:27,546 - DEBUG - response_closed.started
2026-07-02 02:02:27,546 - DEBUG - response_closed.complete
2026-07-02 02:02:27,615 - DEBUG - send_request_headers.started request=<Request [b'GET']>
2026-07-02 02:02:27,615 - DEBUG - send_request_headers.complete
2026-07-02 02:02:27,615 - DEBUG - send_request_body.started request=<Request [b'GET']>
2026-07-02 02:02:27,615 - DEBUG - send_request_body.complete
2026-07-02 02:02:27,616 - DEBUG - receive_response_headers.started request=<Request [b'GET']>
2026-07-02 02:02:27,844 - DEBUG - receive_response_headers.complete return_value=(b'HTTP/1.1', 200, b'OK', [(b'Content-Type', b'application/json; charset=utf-8'), (b'Transfer-Encoding', b'chunked'), (b'Connection', b'keep-alive'), (b'Date', b'Wed, 01 Jul 2026 20:32:27 GMT'), (b'content-encoding', b'gzip'), (b'ETag', b'W/"644-HURx2t0Z8QP8DCJlfzjMkX1nTxY"'), (b'X-Powered-By', b'huggingface-moon'), (b'X-Request-Id', b'Root=1-6a45795b-20814b72574fd75d6346c6d0;66cd48fa-2e65-4544-a64a-ae63ceccf6c1'), (b'RateLimit', b'"api";r=499;t=281'), (b'RateLimit-Policy', b'"fixed window";"api";q=500;w=300'), (b'cross-origin-opener-policy', b'same-origin'), (b'Referrer-Policy', b'strict-origin-when-cross-origin'), (b'Access-Control-Max-Age', b'86400'), (b'Access-Control-Allow-Origin', b'https://huggingface.co'), (b'Vary', b'Origin'), (b'vary', b'Accept-Encoding'), (b'Access-Control-Expose-Headers', b'X-Repo-Commit,X-Request-Id,X-Error-Code,X-Error-Message,X-Total-Count,ETag,Link,Accept-Ranges,Content-Range,X-Linked-Size,X-Linked-ETag,X-Xet-Hash'), (b'X-Cache', b'Miss from cloudfront'), (b'Via', b'1.1 f6e1feaef8bcc12ea83a6297254d61e8.cloudfront.net (CloudFront)'), (b'X-Amz-Cf-Pop', b'BOM78-P10'), (b'X-Amz-Cf-Id', b'bQ3vQdOT5ERC3g_VmvtB1XWRKsaD6qZFi2DPq-7gAv7U7lWsg8iX5Q==')])
2026-07-02 02:02:27,845 - INFO - HTTP Request: GET https://huggingface.co/api/datasets/nayohan/multi_session_chat/revision/78b67491c43823fc169cab827ab3f82805e0235b "HTTP/1.1 200 OK"
2026-07-02 02:02:27,845 - DEBUG - receive_response_body.started request=<Request [b'GET']>
2026-07-02 02:02:27,845 - DEBUG - receive_response_body.complete
2026-07-02 02:02:27,845 - DEBUG - response_closed.started
2026-07-02 02:02:27,846 - DEBUG - response_closed.complete
2026-07-02 02:02:27,849 - DEBUG - send_request_headers.started request=<Request [b'HEAD']>
2026-07-02 02:02:27,849 - DEBUG - send_request_headers.complete
2026-07-02 02:02:27,849 - DEBUG - send_request_body.started request=<Request [b'HEAD']>
2026-07-02 02:02:27,849 - DEBUG - send_request_body.complete
2026-07-02 02:02:27,850 - DEBUG - receive_response_headers.started request=<Request [b'HEAD']>
2026-07-02 02:02:28,211 - DEBUG - receive_response_headers.complete return_value=(b'HTTP/1.1', 404, b'Not Found', [(b'Content-Type', b'text/plain; charset=utf-8'), (b'Content-Length', b'15'), (b'Connection', b'keep-alive'), (b'Date', b'Wed, 01 Jul 2026 20:32:28 GMT'), (b'ETag', b'W/"f-mY2VvLxuxB7KhsoOdQTlMTccuAQ"'), (b'X-Powered-By', b'huggingface-moon'), (b'X-Request-Id', b'Root=1-6a45795b-50749a8a508b490d195b97b7;592aca84-469c-4105-8ad8-f5416709f20d'), (b'RateLimit', b'"resolvers";r=2995;t=281'), (b'RateLimit-Policy', b'"fixed window";"resolvers";q=3000;w=300'), (b'cross-origin-opener-policy', b'same-origin'), (b'Referrer-Policy', b'strict-origin-when-cross-origin'), (b'Access-Control-Max-Age', b'86400'), (b'Access-Control-Allow-Origin', b'https://huggingface.co'), (b'Vary', b'Origin'), (b'Access-Control-Expose-Headers', b'X-Repo-Commit,X-Request-Id,X-Error-Code,X-Error-Message,X-Total-Count,ETag,Link,Accept-Ranges,Content-Range,X-Linked-Size,X-Linked-ETag,X-Xet-Hash'), (b'X-Repo-Commit', b'78b67491c43823fc169cab827ab3f82805e0235b'), (b'Accept-Ranges', b'bytes'), (b'X-HF-Warning', b'unauthenticated; Warning: You are sending unauthenticated requests to the HF Hub. Please set a HF_TOKEN to enable higher rate limits and faster downloads.'), (b'X-Hub-Cache', b'MISS'), (b'X-Error-Code', b'EntryNotFound'), (b'X-Error-Message', b'Entry not found'), (b'X-Cache', b'Error from cloudfront'), (b'Via', b'1.1 f6e1feaef8bcc12ea83a6297254d61e8.cloudfront.net (CloudFront)'), (b'X-Amz-Cf-Pop', b'BOM78-P10'), (b'X-Amz-Cf-Id', b'r2f0j0hydc_mBarQJ0YLlSR1IdOhq0aH3Y__f4T0yz9wwpFordShcg==')])
2026-07-02 02:02:28,212 - INFO - HTTP Request: HEAD https://huggingface.co/datasets/nayohan/multi_session_chat/resolve/78b67491c43823fc169cab827ab3f82805e0235b/.huggingface.yaml "HTTP/1.1 404 Not Found"
2026-07-02 02:02:28,212 - DEBUG - receive_response_body.started request=<Request [b'HEAD']>
2026-07-02 02:02:28,212 - DEBUG - receive_response_body.complete
2026-07-02 02:02:28,212 - DEBUG - response_closed.started
2026-07-02 02:02:28,213 - DEBUG - response_closed.complete
2026-07-02 02:02:28,240 - DEBUG - connect_tcp.started host='datasets-server.huggingface.co' port=443 local_address=None timeout=100.0 socket_options=None
2026-07-02 02:02:28,343 - DEBUG - connect_tcp.complete return_value=<httpcore._backends.sync.SyncStream object at 0x7fdf14438af0>
2026-07-02 02:02:28,343 - DEBUG - start_tls.started ssl_context=<ssl.SSLContext object at 0x7fe045d1ad50> server_hostname='datasets-server.huggingface.co' timeout=100.0
2026-07-02 02:02:28,372 - DEBUG - start_tls.complete return_value=<httpcore._backends.sync.SyncStream object at 0x7fdf14439260>
2026-07-02 02:02:28,372 - DEBUG - send_request_headers.started request=<Request [b'GET']>
2026-07-02 02:02:28,373 - DEBUG - send_request_headers.complete
2026-07-02 02:02:28,373 - DEBUG - send_request_body.started request=<Request [b'GET']>
2026-07-02 02:02:28,373 - DEBUG - send_request_body.complete
2026-07-02 02:02:28,373 - DEBUG - receive_response_headers.started request=<Request [b'GET']>
2026-07-02 02:02:28,618 - DEBUG - receive_response_headers.complete return_value=(b'HTTP/1.1', 200, b'OK', [(b'Content-Type', b'application/json'), (b'Transfer-Encoding', b'chunked'), (b'Connection', b'keep-alive'), (b'Date', b'Wed, 01 Jul 2026 20:32:28 GMT'), (b'vary', b'Accept-Encoding'), (b'content-encoding', b'gzip'), (b'server', b'uvicorn'), (b'cache-control', b'max-age=120'), (b'x-revision', b'78b67491c43823fc169cab827ab3f82805e0235b'), (b'X-Cache', b'Miss from cloudfront'), (b'Via', b'1.1 7d97a5cf47241c4d2dc51bea5c6e4056.cloudfront.net (CloudFront)'), (b'X-Amz-Cf-Pop', b'BOM78-P2'), (b'X-Amz-Cf-Id', b'GC9w542Y56kfOobn34tVanB-sf4O29UXVxPRJ2EBc10Dx8DDHo4VPw==')])
2026-07-02 02:02:28,619 - INFO - HTTP Request: GET https://datasets-server.huggingface.co/info?dataset=nayohan/multi_session_chat "HTTP/1.1 200 OK"
2026-07-02 02:02:28,619 - DEBUG - receive_response_body.started request=<Request [b'GET']>
2026-07-02 02:02:28,620 - DEBUG - receive_response_body.complete
2026-07-02 02:02:28,620 - DEBUG - response_closed.started
2026-07-02 02:02:28,620 - DEBUG - response_closed.complete
2026-07-02 02:02:28,624 - DEBUG - send_request_headers.started request=<Request [b'GET']>
2026-07-02 02:02:28,624 - DEBUG - send_request_headers.complete
2026-07-02 02:02:28,624 - DEBUG - send_request_body.started request=<Request [b'GET']>
2026-07-02 02:02:28,624 - DEBUG - send_request_body.complete
2026-07-02 02:02:28,624 - DEBUG - receive_response_headers.started request=<Request [b'GET']>
2026-07-02 02:02:28,907 - DEBUG - receive_response_headers.complete return_value=(b'HTTP/1.1', 200, b'OK', [(b'Content-Type', b'application/json; charset=utf-8'), (b'Transfer-Encoding', b'chunked'), (b'Connection', b'keep-alive'), (b'Date', b'Wed, 01 Jul 2026 20:32:28 GMT'), (b'content-encoding', b'gzip'), (b'ETag', b'W/"3e8-BpyYFlC0IeSAo0stOCyS4dhIP58"'), (b'X-Powered-By', b'huggingface-moon'), (b'X-Request-Id', b'Root=1-6a45795c-398b45862a687e915eeb8ea4;8c767c7b-f555-4d35-a96b-3d43647a5b7e'), (b'RateLimit', b'"api";r=498;t=280'), (b'RateLimit-Policy', b'"fixed window";"api";q=500;w=300'), (b'cross-origin-opener-policy', b'same-origin'), (b'Referrer-Policy', b'strict-origin-when-cross-origin'), (b'Access-Control-Max-Age', b'86400'), (b'Access-Control-Allow-Origin', b'https://huggingface.co'), (b'Vary', b'Origin'), (b'vary', b'Accept-Encoding'), (b'Access-Control-Expose-Headers', b'X-Repo-Commit,X-Request-Id,X-Error-Code,X-Error-Message,X-Total-Count,ETag,Link,Accept-Ranges,Content-Range,X-Linked-Size,X-Linked-ETag,X-Xet-Hash'), (b'X-Cache', b'Miss from cloudfront'), (b'Via', b'1.1 f6e1feaef8bcc12ea83a6297254d61e8.cloudfront.net (CloudFront)'), (b'X-Amz-Cf-Pop', b'BOM78-P10'), (b'X-Amz-Cf-Id', b'NP4dPGCRPYXLqOs9tmzO_911JNn0JQNTerDCl3fk07lTjmUKnUI_ew==')])
2026-07-02 02:02:28,908 - INFO - HTTP Request: GET https://huggingface.co/api/datasets/nayohan/multi_session_chat/tree/78b67491c43823fc169cab827ab3f82805e0235b/data?recursive=true&expand=false "HTTP/1.1 200 OK"
2026-07-02 02:02:28,908 - DEBUG - receive_response_body.started request=<Request [b'GET']>
2026-07-02 02:02:28,908 - DEBUG - receive_response_body.complete
2026-07-02 02:02:28,908 - DEBUG - response_closed.started
2026-07-02 02:02:28,909 - DEBUG - response_closed.complete
2026-07-02 02:02:28,911 - DEBUG - send_request_headers.started request=<Request [b'GET']>
2026-07-02 02:02:28,911 - DEBUG - send_request_headers.complete
2026-07-02 02:02:28,911 - DEBUG - send_request_body.started request=<Request [b'GET']>
2026-07-02 02:02:28,911 - DEBUG - send_request_body.complete
2026-07-02 02:02:28,911 - DEBUG - receive_response_headers.started request=<Request [b'GET']>
2026-07-02 02:02:29,158 - DEBUG - receive_response_headers.complete return_value=(b'HTTP/1.1', 200, b'OK', [(b'Content-Type', b'application/json; charset=utf-8'), (b'Content-Length', b'290'), (b'Connection', b'keep-alive'), (b'Date', b'Wed, 01 Jul 2026 20:32:29 GMT'), (b'ETag', b'W/"122-XUccIFjhClfpjnDv7IF4pkmj5rA"'), (b'X-Powered-By', b'huggingface-moon'), (b'X-Request-Id', b'Root=1-6a45795c-344b31ef031e492b154cd7ce;712a1651-28b5-4cc8-8cb9-39a932fef0e1'), (b'RateLimit', b'"api";r=497;t=280'), (b'RateLimit-Policy', b'"fixed window";"api";q=500;w=300'), (b'cross-origin-opener-policy', b'same-origin'), (b'Referrer-Policy', b'strict-origin-when-cross-origin'), (b'Access-Control-Max-Age', b'86400'), (b'Access-Control-Allow-Origin', b'https://huggingface.co'), (b'Vary', b'Origin'), (b'Access-Control-Expose-Headers', b'X-Repo-Commit,X-Request-Id,X-Error-Code,X-Error-Message,X-Total-Count,ETag,Link,Accept-Ranges,Content-Range,X-Linked-Size,X-Linked-ETag,X-Xet-Hash'), (b'X-Cache', b'Miss from cloudfront'), (b'Via', b'1.1 f6e1feaef8bcc12ea83a6297254d61e8.cloudfront.net (CloudFront)'), (b'X-Amz-Cf-Pop', b'BOM78-P10'), (b'X-Amz-Cf-Id', b'qe8UgKg61zRUHWtySHq_EsHZPd4pKpk3jQ9_18s0uGcGHlAQRMlr2w==')])
2026-07-02 02:02:29,159 - INFO - HTTP Request: GET https://huggingface.co/api/datasets/nayohan/multi_session_chat/tree/78b67491c43823fc169cab827ab3f82805e0235b?recursive=false&expand=false "HTTP/1.1 200 OK"
2026-07-02 02:02:29,159 - DEBUG - receive_response_body.started request=<Request [b'GET']>
2026-07-02 02:02:29,159 - DEBUG - receive_response_body.complete
2026-07-02 02:02:29,159 - DEBUG - response_closed.started
2026-07-02 02:02:29,159 - DEBUG - response_closed.complete
2026-07-02 02:02:29,170 - DEBUG - send_request_headers.started request=<Request [b'HEAD']>
2026-07-02 02:02:29,171 - DEBUG - send_request_headers.complete
2026-07-02 02:02:29,171 - DEBUG - send_request_body.started request=<Request [b'HEAD']>
2026-07-02 02:02:29,171 - DEBUG - send_request_body.complete
2026-07-02 02:02:29,171 - DEBUG - receive_response_headers.started request=<Request [b'HEAD']>
2026-07-02 02:02:29,405 - DEBUG - receive_response_headers.complete return_value=(b'HTTP/1.1', 404, b'Not Found', [(b'Content-Type', b'text/plain; charset=utf-8'), (b'Content-Length', b'15'), (b'Connection', b'keep-alive'), (b'Date', b'Wed, 01 Jul 2026 20:32:29 GMT'), (b'ETag', b'W/"f-mY2VvLxuxB7KhsoOdQTlMTccuAQ"'), (b'X-Powered-By', b'huggingface-moon'), (b'X-Request-Id', b'Root=1-6a45795d-2badadb63385f9ae0b96a72c;072f0e4d-efe6-448f-a252-c360e19d3f03'), (b'RateLimit', b'"resolvers";r=2994;t=279'), (b'RateLimit-Policy', b'"fixed window";"resolvers";q=3000;w=300'), (b'cross-origin-opener-policy', b'same-origin'), (b'Referrer-Policy', b'strict-origin-when-cross-origin'), (b'Access-Control-Max-Age', b'86400'), (b'Access-Control-Allow-Origin', b'https://huggingface.co'), (b'Vary', b'Origin'), (b'Access-Control-Expose-Headers', b'X-Repo-Commit,X-Request-Id,X-Error-Code,X-Error-Message,X-Total-Count,ETag,Link,Accept-Ranges,Content-Range,X-Linked-Size,X-Linked-ETag,X-Xet-Hash'), (b'X-Repo-Commit', b'78b67491c43823fc169cab827ab3f82805e0235b'), (b'Accept-Ranges', b'bytes'), (b'X-HF-Warning', b'unauthenticated; Warning: You are sending unauthenticated requests to the HF Hub. Please set a HF_TOKEN to enable higher rate limits and faster downloads.'), (b'X-Hub-Cache', b'MISS'), (b'X-Error-Code', b'EntryNotFound'), (b'X-Error-Message', b'Entry not found'), (b'X-Cache', b'Error from cloudfront'), (b'Via', b'1.1 f6e1feaef8bcc12ea83a6297254d61e8.cloudfront.net (CloudFront)'), (b'X-Amz-Cf-Pop', b'BOM78-P10'), (b'X-Amz-Cf-Id', b'o9I9oT02a_jtNenKrzqjGBxcEqBFcwc_PHU9zNiUL0J5xqKLx1RmKw==')])
2026-07-02 02:02:29,406 - INFO - HTTP Request: HEAD https://huggingface.co/datasets/nayohan/multi_session_chat/resolve/78b67491c43823fc169cab827ab3f82805e0235b/dataset_infos.json "HTTP/1.1 404 Not Found"
2026-07-02 02:02:29,406 - DEBUG - receive_response_body.started request=<Request [b'HEAD']>
2026-07-02 02:02:29,406 - DEBUG - receive_response_body.complete
2026-07-02 02:02:29,406 - DEBUG - response_closed.started
2026-07-02 02:02:29,406 - DEBUG - response_closed.complete
2026-07-02 02:02:29,582 - DEBUG - Attempting to acquire lock 140596603306064 on /home/kbasu/arnavbhatt/.cache/huggingface/datasets/_home_kbasu_arnavbhatt_.cache_huggingface_datasets_nayohan___multi_session_chat_default_0.0.0_78b67491c43823fc169cab827ab3f82805e0235b.lock
2026-07-02 02:02:29,584 - DEBUG - Lock 140596603306064 acquired on /home/kbasu/arnavbhatt/.cache/huggingface/datasets/_home_kbasu_arnavbhatt_.cache_huggingface_datasets_nayohan___multi_session_chat_default_0.0.0_78b67491c43823fc169cab827ab3f82805e0235b.lock
2026-07-02 02:02:29,698 - DEBUG - open file: /home/kbasu/arnavbhatt/.cache/huggingface/datasets/nayohan___multi_session_chat/default/0.0.0/78b67491c43823fc169cab827ab3f82805e0235b/dataset_info.json
2026-07-02 02:02:29,711 - DEBUG - Attempting to release lock 140596603306064 on /home/kbasu/arnavbhatt/.cache/huggingface/datasets/_home_kbasu_arnavbhatt_.cache_huggingface_datasets_nayohan___multi_session_chat_default_0.0.0_78b67491c43823fc169cab827ab3f82805e0235b.lock
2026-07-02 02:02:29,713 - DEBUG - Lock 140596603306064 released on /home/kbasu/arnavbhatt/.cache/huggingface/datasets/_home_kbasu_arnavbhatt_.cache_huggingface_datasets_nayohan___multi_session_chat_default_0.0.0_78b67491c43823fc169cab827ab3f82805e0235b.lock
2026-07-02 02:02:29,721 - DEBUG - Attempting to acquire lock 140596126221008 on /home/kbasu/arnavbhatt/.cache/huggingface/datasets/nayohan___multi_session_chat/default/0.0.0/78b67491c43823fc169cab827ab3f82805e0235b_builder.lock
2026-07-02 02:02:29,723 - DEBUG - Lock 140596126221008 acquired on /home/kbasu/arnavbhatt/.cache/huggingface/datasets/nayohan___multi_session_chat/default/0.0.0/78b67491c43823fc169cab827ab3f82805e0235b_builder.lock
2026-07-02 02:02:29,723 - DEBUG - open file: /home/kbasu/arnavbhatt/.cache/huggingface/datasets/nayohan___multi_session_chat/default/0.0.0/78b67491c43823fc169cab827ab3f82805e0235b/dataset_info.json
2026-07-02 02:02:29,724 - DEBUG - Attempting to release lock 140596126221008 on /home/kbasu/arnavbhatt/.cache/huggingface/datasets/nayohan___multi_session_chat/default/0.0.0/78b67491c43823fc169cab827ab3f82805e0235b_builder.lock
2026-07-02 02:02:29,726 - DEBUG - Lock 140596126221008 released on /home/kbasu/arnavbhatt/.cache/huggingface/datasets/nayohan___multi_session_chat/default/0.0.0/78b67491c43823fc169cab827ab3f82805e0235b_builder.lock
2026-07-02 02:25:41,208 - WARNING - RETRYING #0 Dialogue 939, Session: 0. MSG: Unterminated string starting at: line 49 column 71 (char 6213)
 LLM Response: {
  "topics": ["family", "disabled", "brothers", "only child", "winter", "doctor", "holistic", "vitamin c", "snow", "like snow", "bread", "unhealthy", "eat bread", "lettuce", "wedding", "child age"],
  "entities": [
    {"id": "e1", "name": "Speaker 1", "type": "PERSON", "timestamp": "NONE", "properties": ["disabled", "does not date"]},
    {"id": "e2", "name": "Speaker 2", "type": "PERSON", "timestamp": "NONE", "properties": ["has two brothers", "no sisters"]},
    {"id": "e3", "name": "Speaker 1", "type": "PERSON", "timestamp": "NONE", "properties": ["only child", "loves winter"]},
    {"id": "e4", "name": "Speaker 2", "type": "PERSON", "timestamp": "NONE", "properties": ["treats self holistically", "takes vitamin c"]},
    {"id": "e5", "name": "Speaker 1", "type": "PERSON", "timestamp": "NONE", "properties": ["loves snow"]},
    {"id": "e6", "name": "Speaker 2", "type": "PERSON", "timestamp": "NONE", "properties": ["does not eat bread", "uses lettuce wraps"]},
    {"id": "e7", "name": "Speaker 1", "type": "PERSON", "timestamp": "NONE", "properties": ["does not eat bread", "uses lettuce wraps"]},
    {"id": "e8", "name": "Speaker 2", "type": "PERSON", "timestamp": "NONE", "properties": ["loves lettuce"]},
    {"id": "e9", "name": "Speaker 1", "type": "PERSON", "timestamp": "NONE", "properties": ["married for 39 years"]},
    {"id": "e10", "name": "Speaker 2", "type": "PERSON", "timestamp": "NONE", "properties": ["has one child", "child is 30 years old"]},
    {"id": "e11", "name": "Speaker 1", "type": "PERSON", "timestamp": "NONE", "properties": ["child is single", "likes women who are bedridden"]},
    {"id": "e12", "name": "Speaker 2", "type": "PERSON", "timestamp": "NONE", "properties": ["wants to have a wedding"]},
    {"id": "e13", "name": "Speaker 1", "type": "PERSON", "timestamp": "NONE", "properties": ["child is 30 years old"]},
    {"id": "e14", "name": "Speaker 2", "type": "PERSON", "timestamp": "NONE", "properties": ["child is single", "likes women who are bedridden"]},
    {"id": "e15", "name": "Speaker 1", "type": "PERSON", "timestamp": "NONE", "properties": ["child is 30 years old"]},
    {"id": "e16", "name": "Speaker 2", "type": "PERSON", "timestamp": "NONE", "properties": ["child is single", "likes women who are bedridden"]},
    {"id": "e17", "name": "Speaker 1", "type": "PERSON", "timestamp": "NONE", "properties": ["child is 30 years old"]},
    {"id": "e18", "name": "Speaker 2", "type": "PERSON", "timestamp": "NONE", "properties": ["child is single", "likes women who are bedridden"]},
    {"id": "e19", "name": "Speaker 1", "type": "PERSON", "timestamp": "NONE", "properties": ["child is 30 years old"]},
    {"id": "e20", "name": "Speaker 2", "type": "PERSON", "timestamp": "NONE", "properties": ["child is single", "likes women who are bedridden"]},
    {"id": "e21", "name": "Speaker 1", "type": "PERSON", "timestamp": "NONE", "properties": ["child is 30 years old"]},
    {"id": "e22", "name": "Speaker 2", "type": "PERSON", "timestamp": "NONE", "properties": ["child is single", "likes women who are bedridden"]},
    {"id": "e23", "name": "Speaker 1", "type": "PERSON", "timestamp": "NONE", "properties": ["child is 30 years old"]},
    {"id": "e24", "name": "Speaker 2", "type": "PERSON", "timestamp": "NONE", "properties": ["child is single", "likes women who are bedridden"]},
    {"id": "e25", "name": "Speaker 1", "type": "PERSON", "timestamp": "NONE", "properties": ["child is 30 years old"]},
    {"id": "e26", "name": "Speaker 2", "type": "PERSON", "timestamp": "NONE", "properties": ["child is single", "likes women who are bedridden"]},
    {"id": "e27", "name": "Speaker 1", "type": "PERSON", "timestamp": "NONE", "properties": ["child is 30 years old"]},
    {"id": "e28", "name": "Speaker 2", "type": "PERSON", "timestamp": "NONE", "properties": ["child is single", "likes women who are bedridden"]},
    {"id": "e29", "name": "Speaker 1", "type": "PERSON", "timestamp": "NONE", "properties": ["child is 30 years old"]},
    {"id": "e30", "name": "Speaker 2", "type": "PERSON", "timestamp": "NONE", "properties": ["child is single", "likes women who are bedridden"]},
    {"id": "e31", "name": "Speaker 1", "type": "PERSON", "timestamp": "NONE", "properties": ["child is 30 years old"]},
    {"id": "e32", "name": "Speaker 2", "type": "PERSON", "timestamp": "NONE", "properties": ["child is single", "likes women who are bedridden"]},
    {"id": "e33", "name": "Speaker 1", "type": "PERSON", "timestamp": "NONE", "properties": ["child is 30 years old"]},
    {"id": "e34", "name": "Speaker 2", "type": "PERSON", "timestamp": "NONE", "properties": ["child is single", "likes women who are bedridden"]},
    {"id": "e35", "name": "Speaker 1", "type": "PERSON", "timestamp": "NONE", "properties": ["child is 30 years old"]},
    {"id": "e36", "name": "Speaker 2", "type": "PERSON", "timestamp": "NONE", "properties": ["child is single", "likes women who are bedridden"]},
    {"id": "e37", "name": "Speaker 1", "type": "PERSON", "timestamp": "NONE", "properties": ["child is 30 years old"]},
    {"id": "e38", "name": "Speaker 2", "type": "PERSON", "timestamp": "NONE", "properties": ["child is single", "likes women who are bedridden"]},
    {"id": "e39", "name": "Speaker 1", "type": "PERSON", "timestamp": "NONE", "properties": ["child is 30 years old"]},
    {"id": "e40", "name": "Speaker 2", "type": "PERSON", "timestamp": "NONE", "properties": ["child is single", "likes women who are bedridden"]},
    {"id": "e41", "name": "Speaker 1", "type": "PERSON", "timestamp": "NONE", "properties": ["child is 30 years old"]},
    {"id": "e42", "name": "Speaker 2", "type": "PERSON", "timestamp": "NONE", "properties": ["child is single", "likes women who are bedridden"]},
    {"id": "e43", "name": "Speaker 1", "type": "PERSON", "timestamp": "NONE", "properties": ["child is 30 years old"]},
    {"id": "e44", "name": "Speaker 2", "type": "PERSON", "timestamp": "NONE", "properties": ["child is single", "likes women who are bedridden"]},
    {"id": "e45", "name": "Speaker 1", "type": "PERSON", "timestamp": "NONE", "properties": ["child is 30 years old"]},
    {"id": "e46", "name": "Speaker 2", "type": "PERSON", "timestamp": "NONE

2026-07-02 02:42:53,027 - WARNING - RETRYING #0 Dialogue 983, Session: 0. MSG: Expecting ',' delimiter: line 55 column 98 (char 6075)
 LLM Response: {
  "topics": ["who likes rum and cokes", "served in army", "restroom russian", "what are you while in", "you are american", "you work building things", "you might have heard", "you build", "you build closets", "you might recognize", "you read", "you have prius", "you are old or lonely", "enough with jokes", "you are into romance books", "you are too funny for army"],
  "entities": [
    {"id": "e1", "name": "Speaker 1", "type": "PERSON", "timestamp": "NONE", "properties": ["likes rum and cokes"]},
    {"id": "e2", "name": "Speaker 2", "type": "PERSON", "timestamp": "NONE", "properties": ["served in army", "american", "works building things", "reads romance books", "too funny for army"]},
    {"id": "e3", "name": "Army", "type": "ORGANIZATION", "timestamp": "NONE", "properties": ["served in"]},
    {"id": "e4", "name": "Restroom Russian", "type": "ACTIVITY", "timestamp": "NONE", "properties": ["restroom"]},
    {"id": "e5", "name": "Days of Our Lives", "type": "SHOW", "timestamp": "NONE", "properties": ["recognized"]},
    {"id": "e6", "name": "Prius", "type": "OBJECT", "timestamp": "NONE", "properties": ["has in driveway"]},
    {"id": "e7", "name": "Knock Knock Jokes Book", "type": "OBJECT", "timestamp": "NONE", "properties": ["has"]},
    {"id": "e8", "name": "Freckles", "type": "CONCEPT", "timestamp": "NONE", "properties": ["admired", "had once"]},
    {"id": "e9", "name": "Drunk Chicken", "type": "FOOD", "timestamp": "NONE", "properties": ["liked"]},
    {"id": "e10", "name": "Big Cities", "type": "LOCATION", "timestamp": "NONE", "properties": ["likes"]},
    {"id": "e11", "name": "Romance Books", "type": "ACTIVITY", "timestamp": "NONE", "properties": ["likes"]},
    {"id": "e12", "name": "Jokes", "type": "ACTIVITY", "timestamp": "NONE", "properties": ["made"]},
    {"id": "e13", "name": "Audience", "type": "CONCEPT", "timestamp": "NONE", "properties": ["joined"]},
    {"id": "e14", "name": "Rum and Cokes", "type": "ACTIVITY", "timestamp": "NONE", "properties": ["drank"]},
    {"id": "e15", "name": "Show", "type": "EVENT", "timestamp": "NONE", "properties": ["recognized"]},
    {"id": "e16", "name": "Army", "type": "ORGANIZATION", "timestamp": "NONE", "properties": ["too funny for"]},
    {"id": "e17", "name": "Freckle", "type": "OBJECT", "timestamp": "NONE", "properties": ["lost"]},
    {"id": "e18", "name": "Funny", "type": "CONCEPT", "timestamp": "NONE", "properties": ["not found me funny"]},
    {"id": "e19", "name": "City", "type": "LOCATION", "timestamp": "NONE", "properties": ["big cities don't find you funny"]},
    {"id": "e20", "name": "Meeting", "type": "EVENT", "timestamp": "NONE", "properties": ["will not meet"]},
    {"id": "e21", "name": "Joke", "type": "ACTIVITY", "timestamp": "NONE", "properties": ["made"]},
    {"id": "e22", "name": "Drinking", "type": "ACTIVITY", "timestamp": "NONE", "properties": ["drank"]},
    {"id": "e23", "name": "Building", "type": "ACTIVITY", "timestamp": "NONE", "properties": ["builds"]},
    {"id": "e24", "name": "Closet", "type": "OBJECT", "timestamp": "NONE", "properties": ["builds"]},
    {"id": "e25", "name": "Reading", "type": "ACTIVITY", "timestamp": "NONE", "properties": ["reads"]},
    {"id": "e26", "name": "Old", "type": "CONCEPT", "timestamp": "NONE", "properties": ["old or lonely"]},
    {"id": "e27", "name": "Lonely", "type": "CONCEPT", "timestamp": "NONE", "properties": ["old or lonely"]},
    {"id": "e28", "name": "Knock Knock Jokes", "type": "ACTIVITY", "timestamp": "NONE", "properties": ["jokes"]},
    {"id": "e29", "name": "Drinking", "type": "ACTIVITY", "timestamp": "NONE", "properties": ["drank"]},
    {"id": "e30", "name": "Rum and Cokes", "type": "ACTIVITY", "timestamp": "NONE", "properties": ["drank"]},
    {"id": "e31", "name": "Army", "type": "ORGANIZATION", "timestamp": "NONE", "properties": ["served in"]},
    {"id": "e32", "name": "Freckles", "type": "CONCEPT", "timestamp": "NONE", "properties": ["admired"]},
    {"id": "e33", "name": "Freckle", "type": "OBJECT", "timestamp": "NONE", "properties": ["had once"]},
    {"id": "e34", "name": "Drunk Chicken", "type": "FOOD", "timestamp": "NONE", "properties": ["liked"]},
    {"id": "e35", "name": "Lost", "type": "CONCEPT", "timestamp": "NONE", "properties": ["lost"]},
    {"id": "e36", "name": "Big Cities", "type": "LOCATION", "timestamp": "NONE", "properties": ["likes"]},
    {"id": "e37", "name": "Funny", "type": "CONCEPT", "timestamp": "NONE", "properties": ["not found me funny"]},
    {"id": "e38", "name": "Audience", "type": "CONCEPT", "timestamp": "NONE", "properties": ["joined"]},
    {"id": "e39", "name": "Meeting", "type": "EVENT", "timestamp": "NONE", "properties": ["will not meet"]},
    {"id": "e40", "name": "Joke", "type": "ACTIVITY", "timestamp": "NONE", "properties": ["made"]},
    {"id": "e41", "name": "Drinking", "type": "ACTIVITY", "timestamp": "NONE", "properties": ["drank"]},
    {"id": "e42", "name": "Rum and Cokes", "type": "ACTIVITY", "timestamp": "NONE", "properties": ["drank"]},
    {"id": "e43", "name": "Army", "type": "ORGANIZATION", "timestamp": "NONE", "properties": ["served in"]},
    {"id": "e44", "name": "Freckles", "type": "CONCEPT", "timestamp": "NONE", "properties": ["admired"]},
    {"id": "e45", "name": "Freckle", "type": "OBJECT", "timestamp": "NONE", "properties": ["had once"]},
    {"id": "e46", "name": "Drunk Chicken", "type": "FOOD", "timestamp": "NONE", "properties": ["liked"]},
    {"id": "e47", "name": "Lost", "type": "CONCEPT", "timestamp": "NONE", "properties": ["lost"]},
    {"id": "e48", "name": "Big Cities", "type": "LOCATION", "timestamp": "NONE", "properties": ["likes"]},
    {"id": "e49", "name": "Funny", "type": "CONCEPT", "timestamp": "NONE", "properties": ["not found me funny"]},
    {"id": "e50", "name": "Audience", "type": "CONCEPT", "timestamp": "NONE", "properties": ["joined"]},
    {"id": "e51", "name": "Meeting", "type": "EVENT", "timestamp": "NONE", "properties": ["will not meet"]},
    {"id": "e52", "name": "Joke", "type": "ACTIVITY", "timestamp": "NONE", "properties": ["made"]

2026-07-02 02:49:44,404 - WARNING - RETRYING #6 Dialogue 1001, Session: 0. MSG: Expecting value: line 341 column 7 (char 6647)
 LLM Response: {
  "topics": ["greeting", "response", "eating", "hobbies", "love", "art school", "art school", "medium", "painting", "painting", "mural", "blonde", "bald", "chatting"],
  "entities": [
    {
      "id": "e1",
      "name": "Speaker 1",
      "type": "PERSON",
      "timestamp": "NONE",
      "properties": ["role", "appearance"]
    },
    {
      "id": "e2",
      "name": "Speaker 2",
      "type": "PERSON",
      "timestamp": "NONE",
      "properties": ["role", "appearance"]
    },
    {
      "id": "e3",
      "name": "Thierry Henry",
      "type": "CONCEPT",
      "timestamp": "NONE",
      "properties": []
    },
    {
      "id": "e4",
      "name": "Art School",
      "type": "ORGANIZATION",
      "timestamp": "NONE",
      "properties": []
    },
    {
      "id": "e5",
      "name": "Stanford",
      "type": "LOCATION",
      "timestamp": "NONE",
      "properties": []
    },
    {
      "id": "e6",
      "name": "Pizza",
      "type": "OBJECT",
      "timestamp": "NONE",
      "properties": []
    },
    {
      "id": "e7",
      "name": "Veggie Pizza",
      "type": "OBJECT",
      "timestamp": "NONE",
      "properties": []
    },
    {
      "id": "e8",
      "name": "Acrylics",
      "type": "OBJECT",
      "timestamp": "NONE",
      "properties": []
    },
    {
      "id": "e9",
      "name": "Painting",
      "type": "ACTIVITY",
      "timestamp": "NONE",
      "properties": []
    },
    {
      "id": "e10",
      "name": "Murals",
      "type": "ACTIVITY",
      "timestamp": "NONE",
      "properties": []
    },
    {
      "id": "e11",
      "name": "Wife",
      "type": "PERSON",
      "timestamp": "NONE",
      "properties": []
    },
    {
      "id": "e12",
      "name": "Son",
      "type": "PERSON",
      "timestamp": "NONE",
      "properties": []
    }
  ],
  "relations": [
    {
      "source": "e1",
      "target": "e2",
      "relation": "speaks to",
      "timestamp": "NONE"
    },
    {
      "source": "e2",
      "target": "e1",
      "relation": "speaks to",
      "timestamp": "NONE"
    },
    {
      "source": "e2",
      "target": "e3",
      "relation": "loves",
      "timestamp": "NONE"
    },
    {
      "source": "e2",
      "target": "e4",
      "relation": "is in",
      "timestamp": "NONE"
    },
    {
      "source": "e1",
      "target": "e5",
      "relation": "is in",
      "timestamp": "NONE"
    },
    {
      "source": "e2",
      "target": "e6",
      "relation": "is eating",
      "timestamp": "NONE"
    },
    {
      "source": "e1",
      "target": "e7",
      "relation": "loves",
      "timestamp": "NONE"
    },
    {
      "source": "e1",
      "target": "e9",
      "relation": "has hobby",
      "timestamp": "NONE"
    },
    {
      "source": "e2",
      "target": "e3",
      "relation": "is",
      "timestamp": "NONE"
    },
    {
      "source": "e1",
      "target": "e2",
      "relation": "asks about",
      "timestamp": "NONE"
    },
    {
      "source": "e2",
      "target": "e1",
      "relation": "responds to",
      "timestamp": "NONE"
    },
    {
      "source": "e1",
      "target": "e2",
      "relation": "asks about",
      "timestamp": "NONE"
    },
    {
      "source": "e2",
      "target": "e1",
      "relation": "responds to",
      "timestamp": "NONE"
    },
    {
      "source": "e1",
      "target": "e2",
      "relation": "asks about",
      "timestamp": "NONE"
    },
    {
      "source": "e2",
      "target": "e1",
      "relation": "responds to",
      "timestamp": "NONE"
    },
    {
      "source": "e1",
      "target": "e2",
      "relation": "asks about",
      "timestamp": "NONE"
    },
    {
      "source": "e2",
      "target": "e1",
      "relation": "responds to",
      "timestamp": "NONE"
    },
    {
      "source": "e1",
      "target": "e2",
      "relation": "asks about",
      "timestamp": "NONE"
    },
    {
      "source": "e2",
      "target": "e1",
      "relation": "responds to",
      "timestamp": "NONE"
    },
    {
      "source": "e1",
      "target": "e2",
      "relation": "asks about",
      "timestamp": "NONE"
    },
    {
      "source": "e2",
      "target": "e1",
      "relation": "responds to",
      "timestamp": "NONE"
    },
    {
      "source": "e1",
      "target": "e2",
      "relation": "asks about",
      "timestamp": "NONE"
    },
    {
      "source": "e2",
      "target": "e1",
      "relation": "responds to",
      "timestamp": "NONE"
    },
    {
      "source": "e1",
      "target": "e2",
      "relation": "asks about",
      "timestamp": "NONE"
    },
    {
      "source": "e2",
      "target": "e1",
      "relation": "responds to",
      "timestamp": "NONE"
    },
    {
      "source": "e1",
      "target": "e2",
      "relation": "asks about",
      "timestamp": "NONE"
    },
    {
      "source": "e2",
      "target": "e1",
      "relation": "responds to",
      "timestamp": "NONE"
    },
    {
      "source": "e1",
      "target": "e2",
      "relation": "asks about",
      "timestamp": "NONE"
    },
    {
      "source": "e2",
      "target": "e1",
      "relation": "responds to",
      "timestamp": "NONE"
    },
    {
      "source": "e1",
      "target": "e2",
      "relation": "asks about",
      "timestamp": "NONE"
    },
    {
      "source": "e2",
      "target": "e1",
      "relation": "responds to",
      "timestamp": "NONE"
    },
    {
      "source": "e1",
      "target": "e2",
      "relation": "asks about",
      "timestamp": "NONE"
    },
    {
      "source": "e2",
      "target": "e1",
      "relation": "responds to",
      "timestamp": "NONE"
    },
    {
      "source": "e1",
      "target": "e2",
      "relation": "asks about",
      "timestamp": "NONE"
    },
    {
      "source": "e2",
      "target": "e1",
      "relation": "responds to",
      "timestamp": "NONE"
    },
    {
      "source": "e1",
      "target": "e2",
      "relation": "asks about",
      "timestamp": "NONE"
    },
    {
      "source": "e2",
      "target": "e1",
      "relation": "responds to",
      "timestamp": "NONE"
    },
    {
      "source": "e1",
      "target": "e2",
      "relation": "asks about",
      "timestamp": "NONE"
    },
    {
      "source": "e2",
      "target": "e1",
      "relation": "responds to",
      "timestamp": "NONE"
    },
    {
      "source": "e1",
      "target": "e2",
      "relation": "asks about",
      "timestamp": "NONE"
    },
    {
      "source": "e2",
      "target": "e1",
      "relation": "responds to",
      "timestamp": "NONE"
    },
    {
      "source": "e1",
      "target": "e2",
      "relation": "asks about",
      "timestamp": "NONE"
    },

2026-07-02 02:53:54,195 - WARNING - RETRYING #3 Dialogue 1010, Session: 3. MSG: Expecting ',' delimiter: line 4 column 99 (char 472)
 LLM Response: {
  "topics": ["planning weekend activity", "agreeing to activity", "choosing burger place", "discussing burger preferences", "discussing Wahlburgers", "mentioning basketball tournament", "discussing stress", "responding to stress", "discussing law school", "suggesting biography project", "asking about writing experience", "discussing biography project"],
  "entities": [
    {"id": "e1", "name": "Speaker 1", "type": "PERSON", "timestamp": "NONE", "properties": ["role": "participant"]},
    {"id": "e2", "name": "Speaker 2", "type": "PERSON", "timestamp": "NONE", "properties": ["role": "participant"]},
    {"id": "e3", "name": "Wahlburgers", "type": "LOCATION", "timestamp": "NONE", "properties": ["type": "burger place"]},
    {"id": "e4", "name": "Shake Shack", "type": "LOCATION", "timestamp": "NONE", "properties": ["type": "burger place"]},
    {"id": "e5", "name": "Mark Wahlburg", "type": "PERSON", "timestamp": "NONE", "properties": ["type": "celebrity"]},
    {"id": "e6", "name": "Tom Brady", "type": "PERSON", "timestamp": "NONE", "properties": ["type": "athlete"]},
    {"id": "e7", "name": "Law school", "type": "ACTIVITY", "timestamp": "NONE", "properties": ["type": "educational institution"]},
    {"id": "e8", "name": "Biography project", "type": "CONCEPT", "timestamp": "NONE", "properties": ["type": "writing project"]}
  ],
  "relations": [
    {"source": "e1", "target": "e2", "relation": "discussing", "timestamp": "NONE"},
    {"source": "e2", "target": "e3", "relation": "considering", "timestamp": "NONE"},
    {"source": "e2", "target": "e4", "relation": "preferring", "timestamp": "NONE"},
    {"source": "e2", "target": "e5", "relation": "admiring", "timestamp": "NONE"},
    {"source": "e2", "target": "e6", "relation": "discussing", "timestamp": "NONE"},
    {"source": "e1", "target": "e7", "relation": "discussing", "timestamp": "NONE"},
    {"source": "e2", "target": "e8", "relation": "discussing", "timestamp": "NONE"},
    {"source": "e2", "target": "e1", "relation": "suggesting", "timestamp": "NONE"}
  ],
  "is_qna_pattern": true,
  "is_decision_tree": false,
  "is_entity_centric": true
}

2026-07-02 02:54:41,349 - ERROR - #3 Dialogue 1010, Session: 3 data extraction failed. MSG: Expecting ',' delimiter: line 4 column 99 (char 478)
 LLM Response: {
  "topics": ["planning weekend activity", "agreeing to activity", "choosing burger place", "discussing burger preferences", "discussing Wahlburgers", "mentioning basketball tournament", "discussing stress", "discussing recent activities", "mentioning Tom Brady", "discussing biography idea", "asking about writing experience", "discussing biography potential"],
  "entities": [
    {"id": "e1", "name": "Speaker 1", "type": "PERSON", "timestamp": "NONE", "properties": ["role": "participant"]},
    {"id": "e2", "name": "Speaker 2", "type": "PERSON", "timestamp": "NONE", "properties": ["role": "participant"]},
    {"id": "e3", "name": "Wahlburgers", "type": "LOCATION", "timestamp": "NONE", "properties": ["type": "burger place"]},
    {"id": "e4", "name": "Shake Shack", "type": "LOCATION", "timestamp": "NONE", "properties": ["type": "burger place"]},
    {"id": "e5", "name": "Mark Wahlburg", "type": "PERSON", "timestamp": "NONE", "properties": ["type": "celebrity"]},
    {"id": "e6", "name": "Tom Brady", "type": "PERSON", "timestamp": "NONE", "properties": ["type": "athlete"]},
    {"id": "e7", "name": "Law school", "type": "ACTIVITY", "timestamp": "NONE", "properties": ["type": "educational institution"]},
    {"id": "e8", "name": "Biography", "type": "CONCEPT", "timestamp": "NONE", "properties": ["type": "written work"]},
    {"id": "e9", "name": "Football", "type": "ACTIVITY", "timestamp": "NONE", "properties": ["type": "sport"]},
    {"id": "e10", "name": "Basketball tournament", "type": "EVENT", "timestamp": "NONE", "properties": ["type": "competition"]},
    {"id": "e11", "name": "Reading", "type": "ACTIVITY", "timestamp": "NONE", "properties": ["type": "hobby"]},
    {"id": "e12", "name": "Writing", "type": "ACTIVITY", "timestamp": "NONE", "properties": ["type": "creative process"]},
    {"id": "e13", "name": "Stress", "type": "CONCEPT", "timestamp": "NONE", "properties": ["type": "emotional state"]},
    {"id": "e14", "name": "Competitive", "type": "CONCEPT", "timestamp": "NONE", "properties": ["type": "behavioral trait"]},
    {"id": "e15", "name": "Free time", "type": "CONCEPT", "timestamp": "NONE", "properties": ["type": "availability"]},
    {"id": "e16", "name": "Help", "type": "CONCEPT", "timestamp": "NONE", "properties": ["type": "support"]},
    {"id": "e17", "name": "Research", "type": "ACTIVITY", "timestamp": "NONE", "properties": ["type": "study"]},
    {"id": "e18", "name": "Biography idea", "type": "CONCEPT", "timestamp": "NONE", "properties": ["type": "project"]},
    {"id": "e19", "name": "Biography potential", "type": "CONCEPT", "timestamp": "NONE", "properties": ["type": "possibility"]}
  ],
  "relations": [
    {"source": "e1", "target": "e2", "relation": "planning activity with", "timestamp": "NONE"},
    {"source": "e1", "target": "e3", "relation": "considering visiting", "timestamp": "NONE"},
    {"source": "e2", "target": "e3", "relation": "considering visiting", "timestamp": "NONE"},
    {"source": "e2", "target": "e4", "relation": "preferring", "timestamp": "NONE"},
    {"source": "e2", "target": "e5", "relation": "having admiration for", "timestamp": "NONE"},
    {"source": "e2", "target": "e6", "relation": "discussing biography of", "timestamp": "NONE"},
    {"source": "e1", "target": "e7", "relation": "discussing stress from", "timestamp": "NONE"},
    {"source": "e2", "target": "e7", "relation": "discussing stress from", "timestamp": "NONE"},
    {"source": "e2", "target": "e8", "relation": "discussing idea of", "timestamp": "NONE"},
    {"source": "e1", "target": "e9", "relation": "discussing sport of", "timestamp": "NONE"},
    {"source": "e2", "target": "e10", "relation": "discussing event of", "timestamp": "NONE"},
    {"source": "e1", "target": "e11", "relation": "discussing activity of", "timestamp": "NONE"},
    {"source": "e2", "target": "e12", "relation": "discussing activity of", "timestamp": "NONE"},
    {"source": "e2", "target": "e13", "relation": "discussing concept of", "timestamp": "NONE"},
    {"source": "e2", "target": "e14", "relation": "discussing trait of", "timestamp": "NONE"},
    {"source": "e2", "target": "e15", "relation": "discussing concept of", "timestamp": "NONE"},
    {"source": "e2", "target": "e16", "relation": "discussing need for", "timestamp": "NONE"},
    {"source": "e2", "target": "e17", "relation": "discussing activity of", "timestamp": "NONE"},
    {"source": "e2", "target": "e18", "relation": "discussing project of", "timestamp": "NONE"},
    {"source": "e2", "target": "e19", "relation": "discussing possibility of", "timestamp": "NONE"}
  ],
  "is_qna_pattern": true,
  "is_decision_tree": false,
  "is_entity_centric": true
}

2026-07-02 03:23:53,669 - WARNING - RETRYING #1 Dialogue 1085, Session: 3. MSG: Unterminated string starting at: line 65 column 22 (char 6238)
 LLM Response: {
  "topics": ["Alice plays Temptations", "Alice's reaction to new music", "Alice leaves room", "Old bands in concert", "Watch concert videos", "Alice and speaker have common interests", "Speaker gets cat", "Oliver barks at Beatles", "Dogs in shower", "Oliver and other animals", "Scratching post for Alice", "Concert with girlfriend"],
  "entities": [
    {"id": "e1", "name": "Alice", "type": "PERSON", "timestamp": "NONE", "properties": ["likes music", "has cat"]},
    {"id": "e2", "name": "Oliver", "type": "ANIMAL", "timestamp": "NONE", "properties": ["dog", "barks", "gets along with dogs"]},
    {"id": "e3", "name": "Pal", "type": "ANIMAL", "timestamp": "NONE", "properties": ["dog", "knocks over things"]},
    {"id": "e4", "name": "The Temptations", "type": "ACTIVITY", "timestamp": "NONE", "properties": ["music group", "liked by Alice"]},
    {"id": "e5", "name": "Kate", "type": "PERSON", "timestamp": "NONE", "properties": ["girlfriend", "likes concerts"]},
    {"id": "e6", "name": "Country artist", "type": "EVENT", "timestamp": "NONE", "properties": ["music type", "hated by speaker"]},
    {"id": "e7", "name": "Scratching post", "type": "OBJECT", "timestamp": "NONE", "properties": ["used by Alice", "needs to be made"]},
    {"id": "e8", "name": "Dad", "type": "PERSON", "timestamp": "NONE", "properties": ["builds treehouses", "helps with cat tree"]},
    {"id": "e9", "name": "Concert", "type": "EVENT", "timestamp": "NONE", "properties": ["live music", "attended by speaker"]},
    {"id": "e10", "name": "YouTube", "type": "PLATFORM", "timestamp": "NONE", "properties": ["watch old concerts"]},
    {"id": "e11", "name": "Music", "type": "CONCEPT", "timestamp": "NONE", "properties": ["important to Alice", "important to speaker"]},
    {"id": "e12", "name": "Cat tree", "type": "OBJECT", "timestamp": "NONE", "properties": ["made by dad", "for Alice"]},
    {"id": "e13", "name": "Live music", "type": "CONCEPT", "timestamp": "NONE", "properties": ["loved by speaker", "hated by Kate"]},
    {"id": "e14", "name": "Concert with girlfriend", "type": "EVENT", "timestamp": "NONE", "properties": ["attended by speaker", "with Kate"]},
    {"id": "e15", "name": "Country music", "type": "ACTIVITY", "timestamp": "NONE", "properties": ["hated by speaker", "loved by Kate"]},
    {"id": "e16", "name": "Music group", "type": "CONCEPT", "timestamp": "NONE", "properties": ["The Temptations", "liked by Alice"]},
    {"id": "e17", "name": "Furniture", "type": "OBJECT", "timestamp": "NONE", "properties": ["scratched by Alice"]},
    {"id": "e18", "name": "Treehouse", "type": "OBJECT", "timestamp": "NONE", "properties": ["built by dad", "related to cat tree"]},
    {"id": "e19", "name": "Cat", "type": "ANIMAL", "timestamp": "NONE", "properties": ["owned by speaker", "scratches furniture"]},
    {"id": "e20", "name": "Music video", "type": "ACTIVITY", "timestamp": "NONE", "properties": ["watched by speaker", "on YouTube"]},
    {"id": "e21", "name": "Shower", "type": "LOCATION", "timestamp": "NONE", "properties": ["where Oliver might knock things over"]},
    {"id": "e22", "name": "Dog", "type": "ANIMAL", "timestamp": "NONE", "properties": ["gets along with Oliver", "knocks over things"]}
  ],
  "relations": [
    {"source": "e1", "target": "e4", "relation": "likes", "timestamp": "NONE"},
    {"source": "e1", "target": "e19", "relation": "has", "timestamp": "NONE"},
    {"source": "e19", "target": "e2", "relation": "barks at", "timestamp": "NONE"},
    {"source": "e2", "target": "e3", "relation": "gets along with", "timestamp": "NONE"},
    {"source": "e2", "target": "e21", "relation": "knocks over things in", "timestamp": "NONE"},
    {"source": "e3", "target": "e21", "relation": "knocks over things in", "timestamp": "NONE"},
    {"source": "e2", "target": "e1", "relation": "barks at", "timestamp": "NONE"},
    {"source": "e1", "target": "e7", "relation": "scratches", "timestamp": "NONE"},
    {"source": "e7", "target": "e8", "relation": "made by", "timestamp": "NONE"},
    {"source": "e8", "target": "e1", "relation": "helps with", "timestamp": "NONE"},
    {"source": "e1", "target": "e19", "relation": "has", "timestamp": "NONE"},
    {"source": "e19", "target": "e2", "relation": "barks at", "timestamp": "NONE"},
    {"source": "e1", "target": "e16", "relation": "likes", "timestamp": "NONE"},
    {"source": "e1", "target": "e1", "relation": "has", "timestamp": "NONE"},
    {"source": "e1", "target": "e1", "relation": "has", "timestamp": "NONE"},
    {"source": "e1", "target": "e1", "relation": "has", "timestamp": "NONE"},
    {"source": "e1", "target": "e1", "relation": "has", "timestamp": "NONE"},
    {"source": "e1", "target": "e1", "relation": "has", "timestamp": "NONE"},
    {"source": "e1", "target": "e1", "relation": "has", "timestamp": "NONE"},
    {"source": "e1", "target": "e1", "relation": "has", "timestamp": "NONE"},
    {"source": "e1", "target": "e1", "relation": "has", "timestamp": "NONE"},
    {"source": "e1", "target": "e1", "relation": "has", "timestamp": "NONE"},
    {"source": "e1", "target": "e1", "relation": "has", "timestamp": "NONE"},
    {"source": "e1", "target": "e1", "relation": "has", "timestamp": "NONE"},
    {"source": "e1", "target": "e1", "relation": "has", "timestamp": "NONE"},
    {"source": "e1", "target": "e1", "relation": "has", "timestamp": "NONE"},
    {"source": "e1", "target": "e1", "relation": "has", "timestamp": "NONE"},
    {"source": "e1", "target": "e1", "relation": "has", "timestamp": "NONE"},
    {"source": "e1", "target": "e1", "relation": "has", "timestamp": "NONE"},
    {"source": "e1", "target": "e1", "relation": "has", "timestamp": "NONE"},
    {"source": "e1", "target": "e1", "relation": "has", "timestamp": "NONE"},
    {"source": "e1", "target": "e1", "relation": "has", "timestamp": "NONE"},
    {"source": "e1", "target": "e1", "relation": "has", "timestamp": "NONE"},
    {"source": "e1", "target": "e1", "relation": "has", "timestamp": "NONE"},
    {"source": "e1", "target": "e1", "relation": "has", "timestamp": "NONE"},
    {"source": "e1", "target": "e1", "relation": "has", "timestamp": "NONE"},
    {"source": "e1", "target": "e1", "relation": "has", "timestamp": "NONE"},
    {"source": "e1", "

2026-07-02 03:35:31,258 - WARNING - RETRYING #8 Dialogue 1118, Session: 0. MSG: Unterminated string starting at: line 287 column 17 (char 6717)
 LLM Response: {
  "topics": ["greeting", "beach location", "school location", "dance teaching", "dancing interest", "hobbies at school", "book preference", "cook book preference", "color preference", "other activities", "dancing", "rehearsal idea", "rehearsal success", "rehearsal location", "location update"],
  "entities": [
    {
      "id": "e1",
      "name": "Speaker 1",
      "type": "PERSON",
      "timestamp": "turn 0",
      "properties": ["location: wrecked beach", "interest: beach"]
    },
    {
      "id": "e2",
      "name": "Speaker 2",
      "type": "PERSON",
      "timestamp": "turn 0",
      "properties": ["location: new hampshire", "interest: beach"]
    },
    {
      "id": "e3",
      "name": "Speaker 1",
      "type": "PERSON",
      "timestamp": "turn 2",
      "properties": ["location: florida", "activity: school"]
    },
    {
      "id": "e4",
      "name": "Speaker 2",
      "type": "PERSON",
      "timestamp": "turn 3",
      "properties": ["occupation: dance teacher", "interest: dancing"]
    },
    {
      "id": "e5",
      "name": "Speaker 1",
      "type": "PERSON",
      "timestamp": "turn 4",
      "properties": ["interest: dancing", "activity: school", "activity: jobs"]
    },
    {
      "id": "e6",
      "name": "Speaker 2",
      "type": "PERSON",
      "timestamp": "turn 5",
      "properties": ["activity: school", "interest: history books"]
    },
    {
      "id": "e7",
      "name": "Speaker 1",
      "type": "PERSON",
      "timestamp": "turn 6",
      "properties": ["interest: books"]
    },
    {
      "id": "e8",
      "name": "Speaker 2",
      "type": "PERSON",
      "timestamp": "turn 7",
      "properties": ["interest: cook books", "favorite: mexican food cook books"]
    },
    {
      "id": "e9",
      "name": "Speaker 1",
      "type": "PERSON",
      "timestamp": "turn 8",
      "properties": ["interest: color", "favorite: orange", "interest: blue"]
    },
    {
      "id": "e10",
      "name": "Speaker 2",
      "type": "PERSON",
      "timestamp": "turn 9",
      "properties": ["interest: color", "favorite: blue"]
    },
    {
      "id": "e11",
      "name": "Speaker 1",
      "type": "PERSON",
      "timestamp": "turn 10",
      "properties": ["interest: activities", "activity: dancing"]
    },
    {
      "id": "e12",
      "name": "Speaker 2",
      "type": "PERSON",
      "timestamp": "turn 11",
      "properties": ["activity: singing"]
    },
    {
      "id": "e13",
      "name": "Speaker 1",
      "type": "PERSON",
      "timestamp": "turn 12",
      "properties": ["interest: idea", "activity: americas got talent"]
    },
    {
      "id": "e14",
      "name": "Speaker 2",
      "type": "PERSON",
      "timestamp": "turn 13",
      "properties": ["interest: success", "activity: americas got talent"]
    },
    {
      "id": "e15",
      "name": "Speaker 1",
      "type": "PERSON",
      "timestamp": "turn 14",
      "properties": ["interest: money", "activity: rehearse"]
    },
    {
      "id": "e16",
      "name": "Speaker 2",
      "type": "PERSON",
      "timestamp": "turn 15",
      "properties": ["location: new hampshire"]
    }
  ],
  "relations": [
    {
      "source": "e1",
      "target": "e2",
      "relation": "speaking to",
      "timestamp": "turn 0"
    },
    {
      "source": "e2",
      "target": "e1",
      "relation": "speaking to",
      "timestamp": "turn 0"
    },
    {
      "source": "e2",
      "target": "e1",
      "relation": "location: new hampshire",
      "timestamp": "turn 0"
    },
    {
      "source": "e1",
      "target": "e2",
      "relation": "location: wrecked beach",
      "timestamp": "turn 0"
    },
    {
      "source": "e2",
      "target": "e1",
      "relation": "location: new hampshire",
      "timestamp": "turn 1"
    },
    {
      "source": "e3",
      "target": "e1",
      "relation": "location: florida",
      "timestamp": "turn 2"
    },
    {
      "source": "e4",
      "target": "e2",
      "relation": "occupation: dance teacher",
      "timestamp": "turn 3"
    },
    {
      "source": "e4",
      "target": "e2",
      "relation": "interest: dancing",
      "timestamp": "turn 3"
    },
    {
      "source": "e5",
      "target": "e1",
      "relation": "interest: dancing",
      "timestamp": "turn 4"
    },
    {
      "source": "e5",
      "target": "e1",
      "relation": "activity: school",
      "timestamp": "turn 4"
    },
    {
      "source": "e5",
      "target": "e1",
      "relation": "activity: jobs",
      "timestamp": "turn 4"
    },
    {
      "source": "e6",
      "target": "e2",
      "relation": "activity: school",
      "timestamp": "turn 5"
    },
    {
      "source": "e6",
      "target": "e2",
      "relation": "interest: history books",
      "timestamp": "turn 5"
    },
    {
      "source": "e7",
      "target": "e1",
      "relation": "interest: books",
      "timestamp": "turn 6"
    },
    {
      "source": "e8",
      "target": "e2",
      "relation": "interest: cook books",
      "timestamp": "turn 7"
    },
    {
      "source": "e8",
      "target": "e2",
      "relation": "favorite: mexican food cook books",
      "timestamp": "turn 7"
    },
    {
      "source": "e9",
      "target": "e1",
      "relation": "interest: color",
      "timestamp": "turn 8"
    },
    {
      "source": "e9",
      "target": "e1",
      "relation": "favorite: orange",
      "timestamp": "turn 8"
    },
    {
      "source": "e9",
      "target": "e1",
      "relation": "interest: blue",
      "timestamp": "turn 8"
    },
    {
      "source": "e10",
      "target": "e2",
      "relation": "interest: color",
      "timestamp": "turn 9"
    },
    {
      "source": "e10",
      "target": "e2",
      "relation": "favorite: blue",
      "timestamp": "turn 9"
    },
    {
      "source": "e11",
      "target": "e1",
      "relation": "interest: activities",
      "timestamp": "turn 10"
    },
    {
      "source": "e11",
      "target": "e1",
      "relation": "activity: dancing",
      "timestamp": "turn 10"
    },
    {
      "source": "e12",
      "target": "e2",
      "relation": "activity: singing",
      "timestamp": "turn 11"
    },
    {
      "source": "e13",
      "target": "e1",
      "relation": "interest: idea",
      "timestamp": "turn 12"
    },
    {
      "source": "e13",
      "target": "e1",
      "relation": "activity: americas got talent",
      "timestamp": "turn 12"
    },
    {
      "source": "e14",
      "target": "e2",
      "relation": "interest: success",
      "timestamp": "turn 13"
    },
    {
      "source": "e14",
      "target": "e2",
      "relation": "activity: americas got talent",
      "timestamp": "turn 13"
    },
    {
      "source": "e15

2026-07-02 03:59:30,357 - WARNING - RETRYING #1 Dialogue 1173, Session: 1. MSG: Expecting value: line 323 column 16 (char 6579)
 LLM Response: {
  "topics": ["hotel visit", "hotel ratings", "hotel rating correction", "europe location", "hotel location", "travel experience", "travel frequency", "travel frequency", "travel invitation", "travel cost", "travel invitation", "travel planning"],
  "entities": [
    {
      "id": "e1",
      "name": "Speaker 1",
      "type": "PERSON",
      "timestamp": "turn 0",
      "properties": ["location", "hotel"]
    },
    {
      "id": "e2",
      "name": "Speaker 2",
      "type": "PERSON",
      "timestamp": "turn 0",
      "properties": ["location", "hotel"]
    },
    {
      "id": "e3",
      "name": "Europe",
      "type": "LOCATION",
      "timestamp": "turn 0",
      "properties": ["region"]
    },
    {
      "id": "e4",
      "name": "Paris",
      "type": "LOCATION",
      "timestamp": "turn 4",
      "properties": ["city"]
    },
    {
      "id": "e5",
      "name": "Hotel",
      "type": "OBJECT",
      "timestamp": "turn 0",
      "properties": ["rating", "location"]
    },
    {
      "id": "e6",
      "name": "Family trip",
      "type": "EVENT",
      "timestamp": "turn 5",
      "properties": ["type", "purpose"]
    },
    {
      "id": "e7",
      "name": "Travel",
      "type": "ACTIVITY",
      "timestamp": "turn 5",
      "properties": ["purpose", "frequency"]
    },
    {
      "id": "e8",
      "name": "Travel mate",
      "type": "CONCEPT",
      "timestamp": "turn 8",
      "properties": ["purpose", "type"]
    },
    {
      "id": "e9",
      "name": "World travel",
      "type": "ACTIVITY",
      "timestamp": "turn 10",
      "properties": ["purpose", "type"]
    }
  ],
  "relations": [
    {
      "source": "e1",
      "target": "e3",
      "relation": "visiting",
      "timestamp": "turn 0"
    },
    {
      "source": "e1",
      "target": "e5",
      "relation": "staying at",
      "timestamp": "turn 0"
    },
    {
      "source": "e2",
      "target": "e3",
      "relation": "visiting",
      "timestamp": "turn 0"
    },
    {
      "source": "e2",
      "target": "e5",
      "relation": "staying at",
      "timestamp": "turn 0"
    },
    {
      "source": "e2",
      "target": "e4",
      "relation": "located in",
      "timestamp": "turn 4"
    },
    {
      "source": "e2",
      "target": "e3",
      "relation": "traveling to",
      "timestamp": "turn 4"
    },
    {
      "source": "e2",
      "target": "e6",
      "relation": "experienced",
      "timestamp": "turn 5"
    },
    {
      "source": "e2",
      "target": "e7",
      "relation": "participating in",
      "timestamp": "turn 5"
    },
    {
      "source": "e2",
      "target": "e4",
      "relation": "visited",
      "timestamp": "turn 5"
    },
    {
      "source": "e2",
      "target": "e4",
      "relation": "visited",
      "timestamp": "turn 5"
    },
    {
      "source": "e2",
      "target": "e3",
      "relation": "traveling to",
      "timestamp": "turn 5"
    },
    {
      "source": "e2",
      "target": "e4",
      "relation": "visited",
      "timestamp": "turn 5"
    },
    {
      "source": "e2",
      "target": "e3",
      "relation": "traveling to",
      "timestamp": "turn 5"
    },
    {
      "source": "e2",
      "target": "e4",
      "relation": "visited",
      "timestamp": "turn 5"
    },
    {
      "source": "e2",
      "target": "e3",
      "relation": "traveling to",
      "timestamp": "turn 5"
    },
    {
      "source": "e2",
      "target": "e4",
      "relation": "visited",
      "timestamp": "turn 5"
    },
    {
      "source": "e2",
      "target": "e3",
      "relation": "traveling to",
      "timestamp": "turn 5"
    },
    {
      "source": "e2",
      "target": "e4",
      "relation": "visited",
      "timestamp": "turn 5"
    },
    {
      "source": "e2",
      "target": "e3",
      "relation": "traveling to",
      "timestamp": "turn 5"
    },
    {
      "source": "e2",
      "target": "e4",
      "relation": "visited",
      "timestamp": "turn 5"
    },
    {
      "source": "e2",
      "target": "e3",
      "relation": "traveling to",
      "timestamp": "turn 5"
    },
    {
      "source": "e2",
      "target": "e4",
      "relation": "visited",
      "timestamp": "turn 5"
    },
    {
      "source": "e2",
      "target": "e3",
      "relation": "traveling to",
      "timestamp": "turn 5"
    },
    {
      "source": "e2",
      "target": "e4",
      "relation": "visited",
      "timestamp": "turn 5"
    },
    {
      "source": "e2",
      "target": "e3",
      "relation": "traveling to",
      "timestamp": "turn 5"
    },
    {
      "source": "e2",
      "target": "e4",
      "relation": "visited",
      "timestamp": "turn 5"
    },
    {
      "source": "e2",
      "target": "e3",
      "relation": "traveling to",
      "timestamp": "turn 5"
    },
    {
      "source": "e2",
      "target": "e4",
      "relation": "visited",
      "timestamp": "turn 5"
    },
    {
      "source": "e2",
      "target": "e3",
      "relation": "traveling to",
      "timestamp": "turn 5"
    },
    {
      "source": "e2",
      "target": "e4",
      "relation": "visited",
      "timestamp": "turn 5"
    },
    {
      "source": "e2",
      "target": "e3",
      "relation": "traveling to",
      "timestamp": "turn 5"
    },
    {
      "source": "e2",
      "target": "e4",
      "relation": "visited",
      "timestamp": "turn 5"
    },
    {
      "source": "e2",
      "target": "e3",
      "relation": "traveling to",
      "timestamp": "turn 5"
    },
    {
      "source": "e2",
      "target": "e4",
      "relation": "visited",
      "timestamp": "turn 5"
    },
    {
      "source": "e2",
      "target": "e3",
      "relation": "traveling to",
      "timestamp": "turn 5"
    },
    {
      "source": "e2",
      "target": "e4",
      "relation": "visited",
      "timestamp": "turn 5"
    },
    {
      "source": "e2",
      "target": "e3",
      "relation": "traveling to",
      "timestamp": "turn 5"
    },
    {
      "source": "e2",
      "target": "e4",
      "relation": "visited",
      "timestamp": "turn 5"
    },
    {
      "source": "e2",
      "target": "e3",
      "relation": "traveling to",
      "timestamp": "turn 5"
    },
    {
      "source": "e2",
      "target": "e4",
      "relation": "visited",
      "timestamp": "turn 5"
    },
    {
      "source": "e2",
      "target": "e3",
      "relation": "traveling to",
      "timestamp": "turn 5"
    },
    {
      "source": "e2",
      "target": "e4",
      "relation": "visited",
      "timestamp": "turn 5"
    },
    {
      "source": "e2",
      "target":

2026-07-02 04:00:35,421 - ERROR - #1 Dialogue 1173, Session: 1 data extraction failed. MSG: Expecting property name enclosed in double quotes: line 330 column 22 (char 6592)
 LLM Response: {
  "topics": ["hotel visit", "hotel rating", "hotel rating correction", "europe location", "hotel location", "travel experience", "travel frequency", "travel frequency", "travel invitation", "travel invitation", "travel invitation", "travel planning"],
  "entities": [
    {
      "id": "e1",
      "name": "Speaker 1",
      "type": "PERSON",
      "timestamp": "turn 0",
      "properties": ["location", "hotel"]
    },
    {
      "id": "e2",
      "name": "Speaker 2",
      "type": "PERSON",
      "timestamp": "turn 0",
      "properties": ["location", "hotel"]
    },
    {
      "id": "e3",
      "name": "Europe",
      "type": "LOCATION",
      "timestamp": "turn 0",
      "properties": []
    },
    {
      "id": "e4",
      "name": "Paris",
      "type": "LOCATION",
      "timestamp": "turn 4",
      "properties": []
    },
    {
      "id": "e5",
      "name": "Hotel",
      "type": "OBJECT",
      "timestamp": "turn 0",
      "properties": ["rating", "location"]
    },
    {
      "id": "e6",
      "name": "Family trip",
      "type": "EVENT",
      "timestamp": "turn 5",
      "properties": ["type", "location"]
    },
    {
      "id": "e7",
      "name": "Travel",
      "type": "ACTIVITY",
      "timestamp": "turn 5",
      "properties": []
    },
    {
      "id": "e8",
      "name": "Traveling mate",
      "type": "CONCEPT",
      "timestamp": "turn 8",
      "properties": []
    },
    {
      "id": "e9",
      "name": "World travel",
      "type": "ACTIVITY",
      "timestamp": "turn 10",
      "properties": []
    },
    {
      "id": "e10",
      "name": "Travel planning",
      "type": "ACTIVITY",
      "timestamp": "turn 11",
      "properties": []
    }
  ],
  "relations": [
    {
      "source": "e1",
      "target": "e3",
      "relation": "visiting",
      "timestamp": "turn 0"
    },
    {
      "source": "e1",
      "target": "e5",
      "relation": "staying at",
      "timestamp": "turn 0"
    },
    {
      "source": "e2",
      "target": "e3",
      "relation": "visiting",
      "timestamp": "turn 0"
    },
    {
      "source": "e2",
      "target": "e5",
      "relation": "staying at",
      "timestamp": "turn 0"
    },
    {
      "source": "e2",
      "target": "e4",
      "relation": "location of",
      "timestamp": "turn 4"
    },
    {
      "source": "e2",
      "target": "e3",
      "relation": "traveling to",
      "timestamp": "turn 4"
    },
    {
      "source": "e2",
      "target": "e6",
      "relation": "traveling with",
      "timestamp": "turn 5"
    },
    {
      "source": "e2",
      "target": "e7",
      "relation": "engaging in",
      "timestamp": "turn 5"
    },
    {
      "source": "e2",
      "target": "e4",
      "relation": "visited",
      "timestamp": "turn 5"
    },
    {
      "source": "e2",
      "target": "e4",
      "relation": "visited",
      "timestamp": "turn 5"
    },
    {
      "source": "e2",
      "target": "e3",
      "relation": "traveling to",
      "timestamp": "turn 5"
    },
    {
      "source": "e2",
      "target": "e4",
      "relation": "visited",
      "timestamp": "turn 5"
    },
    {
      "source": "e2",
      "target": "e4",
      "relation": "visited",
      "timestamp": "turn 5"
    },
    {
      "source": "e2",
      "target": "e4",
      "relation": "visited",
      "timestamp": "turn 5"
    },
    {
      "source": "e2",
      "target": "e4",
      "relation": "visited",
      "timestamp": "turn 5"
    },
    {
      "source": "e2",
      "target": "e4",
      "relation": "visited",
      "timestamp": "turn 5"
    },
    {
      "source": "e2",
      "target": "e4",
      "relation": "visited",
      "timestamp": "turn 5"
    },
    {
      "source": "e2",
      "target": "e4",
      "relation": "visited",
      "timestamp": "turn 5"
    },
    {
      "source": "e2",
      "target": "e4",
      "relation": "visited",
      "timestamp": "turn 5"
    },
    {
      "source": "e2",
      "target": "e4",
      "relation": "visited",
      "timestamp": "turn 5"
    },
    {
      "source": "e2",
      "target": "e4",
      "relation": "visited",
      "timestamp": "turn 5"
    },
    {
      "source": "e2",
      "target": "e4",
      "relation": "visited",
      "timestamp": "turn 5"
    },
    {
      "source": "e2",
      "target": "e4",
      "relation": "visited",
      "timestamp": "turn 5"
    },
    {
      "source": "e2",
      "target": "e4",
      "relation": "visited",
      "timestamp": "turn 5"
    },
    {
      "source": "e2",
      "target": "e4",
      "relation": "visited",
      "timestamp": "turn 5"
    },
    {
      "source": "e2",
      "target": "e4",
      "relation": "visited",
      "timestamp": "turn 5"
    },
    {
      "source": "e2",
      "target": "e4",
      "relation": "visited",
      "timestamp": "turn 5"
    },
    {
      "source": "e2",
      "target": "e4",
      "relation": "visited",
      "timestamp": "turn 5"
    },
    {
      "source": "e2",
      "target": "e4",
      "relation": "visited",
      "timestamp": "turn 5"
    },
    {
      "source": "e2",
      "target": "e4",
      "relation": "visited",
      "timestamp": "turn 5"
    },
    {
      "source": "e2",
      "target": "e4",
      "relation": "visited",
      "timestamp": "turn 5"
    },
    {
      "source": "e2",
      "target": "e4",
      "relation": "visited",
      "timestamp": "turn 5"
    },
    {
      "source": "e2",
      "target": "e4",
      "relation": "visited",
      "timestamp": "turn 5"
    },
    {
      "source": "e2",
      "target": "e4",
      "relation": "visited",
      "timestamp": "turn 5"
    },
    {
      "source": "e2",
      "target": "e4",
      "relation": "visited",
      "timestamp": "turn 5"
    },
    {
      "source": "e2",
      "target": "e4",
      "relation": "visited",
      "timestamp": "turn 5"
    },
    {
      "source": "e2",
      "target": "e4",
      "relation": "visited",
      "timestamp": "turn 5"
    },
    {
      "source": "e2",
      "target": "e4",
      "relation": "visited",
      "timestamp": "turn 5"
    },
    {
      "source": "e2",
      "target": "e4",
      "relation": "visited",
      "timestamp": "turn 5"
    },
    {
      "source": "e2",
      "target": "e4",
      "relation": "visited",
      "timestamp": "turn 5"
    },
    {
      "source": "e2",
      "target": "e4",
      "relation": "visited",
      "timestamp": "turn 5"
    },
    {
      "source": "e2",
      "target": "e4",
      "relation": "visited",
      "timestamp": "turn 5"
    },
    {
      "source": "e2",
      "target": "e4",

2026-07-02 04:13:24,694 - WARNING - RETRYING #9 Dialogue 1203, Session: 1. MSG: Unterminated string starting at: line 68 column 23 (char 5896)
 LLM Response: {
  "topics": ["festival enjoyable", "met nice ladies", "secret meeting women", "meet girlfriends", "live large city", "motorbike city", "eat steaks", "get Harley Davidson", "heart problems steak", "romantic encounters", "sisters share", "name horse Rosebud"],
  "entities": [
    {"id": "e1", "name": "festival", "type": "EVENT", "timestamp": "NONE", "properties": ["enjoyable"]},
    {"id": "e2", "name": "ladies", "type": "CONCEPT", "timestamp": "NONE", "properties": ["nice"]},
    {"id": "e3", "name": "secret", "type": "CONCEPT", "timestamp": "NONE", "properties": ["meeting women"]},
    {"id": "e4", "name": "girlfriends", "type": "CONCEPT", "timestamp": "NONE", "properties": ["seven"]},
    {"id": "e5", "name": "city", "type": "LOCATION", "timestamp": "NONE", "properties": ["large"]},
    {"id": "e6", "name": "motorbike", "type": "OBJECT", "timestamp": "NONE", "properties": ["city"]},
    {"id": "e7", "name": "steaks", "type": "OBJECT", "timestamp": "NONE", "properties": ["Argentinian fillet"]},
    {"id": "e8", "name": "Harley Davidson", "type": "OBJECT", "timestamp": "NONE", "properties": ["motorbike"]},
    {"id": "e9", "name": "heart problems", "type": "CONCEPT", "timestamp": "NONE", "properties": ["steak"]},
    {"id": "e10", "name": "romantic encounters", "type": "CONCEPT", "timestamp": "NONE", "properties": ["cardio workout"]},
    {"id": "e11", "name": "sisters", "type": "CONCEPT", "timestamp": "NONE", "properties": ["share"]},
    {"id": "e12", "name": "Rosebud", "type": "OBJECT", "timestamp": "NONE", "properties": ["stallion", "named"]},
    {"id": "e13", "name": "candles", "type": "OBJECT", "timestamp": "NONE", "properties": ["sell"]},
    {"id": "e14", "name": "grandfather", "type": "PERSON", "timestamp": "NONE", "properties": ["lived 107", "oldest in Argentina"]}
  ],
  "relations": [
    {"source": "e1", "target": "e14", "relation": "related to", "timestamp": "NONE"},
    {"source": "e12", "target": "e14", "relation": "named by", "timestamp": "NONE"},
    {"source": "e13", "target": "e14", "relation": "sells", "timestamp": "NONE"},
    {"source": "e14", "target": "e1", "relation": "related to", "timestamp": "NONE"},
    {"source": "e12", "target": "e10", "relation": "used in", "timestamp": "NONE"},
    {"source": "e10", "target": "e11", "relation": "involves", "timestamp": "NONE"},
    {"source": "e11", "target": "e10", "relation": "part of", "timestamp": "NONE"},
    {"source": "e10", "target": "e12", "relation": "used in", "timestamp": "NONE"},
    {"source": "e12", "target": "e10", "relation": "used in", "timestamp": "NONE"},
    {"source": "e10", "target": "e1", "relation": "involves", "timestamp": "NONE"},
    {"source": "e10", "target": "e11", "relation": "involves", "timestamp": "NONE"},
    {"source": "e11", "target": "e10", "relation": "part of", "timestamp": "NONE"},
    {"source": "e10", "target": "e12", "relation": "used in", "timestamp": "NONE"},
    {"source": "e12", "target": "e10", "relation": "used in", "timestamp": "NONE"},
    {"source": "e10", "target": "e1", "relation": "involves", "timestamp": "NONE"},
    {"source": "e10", "target": "e11", "relation": "involves", "timestamp": "NONE"},
    {"source": "e11", "target": "e10", "relation": "part of", "timestamp": "NONE"},
    {"source": "e10", "target": "e12", "relation": "used in", "timestamp": "NONE"},
    {"source": "e12", "target": "e10", "relation": "used in", "timestamp": "NONE"},
    {"source": "e10", "target": "e1", "relation": "involves", "timestamp": "NONE"},
    {"source": "e10", "target": "e11", "relation": "involves", "timestamp": "NONE"},
    {"source": "e11", "target": "e10", "relation": "part of", "timestamp": "NONE"},
    {"source": "e10", "target": "e12", "relation": "used in", "timestamp": "NONE"},
    {"source": "e12", "target": "e10", "relation": "used in", "timestamp": "NONE"},
    {"source": "e10", "target": "e1", "relation": "involves", "timestamp": "NONE"},
    {"source": "e10", "target": "e11", "relation": "involves", "timestamp": "NONE"},
    {"source": "e11", "target": "e10", "relation": "part of", "timestamp": "NONE"},
    {"source": "e10", "target": "e12", "relation": "used in", "timestamp": "NONE"},
    {"source": "e12", "target": "e10", "relation": "used in", "timestamp": "NONE"},
    {"source": "e10", "target": "e1", "relation": "involves", "timestamp": "NONE"},
    {"source": "e10", "target": "e11", "relation": "involves", "timestamp": "NONE"},
    {"source": "e11", "target": "e10", "relation": "part of", "timestamp": "NONE"},
    {"source": "e10", "target": "e12", "relation": "used in", "timestamp": "NONE"},
    {"source": "e12", "target": "e10", "relation": "used in", "timestamp": "NONE"},
    {"source": "e10", "target": "e1", "relation": "involves", "timestamp": "NONE"},
    {"source": "e10", "target": "e11", "relation": "involves", "timestamp": "NONE"},
    {"source": "e11", "target": "e10", "relation": "part of", "timestamp": "NONE"},
    {"source": "e10", "target": "e12", "relation": "used in", "timestamp": "NONE"},
    {"source": "e12", "target": "e10", "relation": "used in", "timestamp": "NONE"},
    {"source": "e10", "target": "e1", "relation": "involves", "timestamp": "NONE"},
    {"source": "e10", "target": "e11", "relation": "involves", "timestamp": "NONE"},
    {"source": "e11", "target": "e10", "relation": "part of", "timestamp": "NONE"},
    {"source": "e10", "target": "e12", "relation": "used in", "timestamp": "NONE"},
    {"source": "e12", "target": "e10", "relation": "used in", "timestamp": "NONE"},
    {"source": "e10", "target": "e1", "relation": "involves", "timestamp": "NONE"},
    {"source": "e10", "target": "e11", "relation": "involves", "timestamp": "NONE"},
    {"source": "e11", "target": "e10", "relation": "part of", "timestamp": "NONE"},
    {"source": "e10", "target": "e12", "relation": "used in", "timestamp": "NONE"},
    {"source": "e12", "target

2026-07-02 04:14:29,500 - ERROR - #9 Dialogue 1203, Session: 1 data extraction failed. MSG: Unterminated string starting at: line 59 column 19 (char 5978)
 LLM Response: {
  "topics": ["festival enjoyable", "met nice ladies", "secret meeting women", "meet girlfriends", "live large city", "ride horses", "motorbike city", "eat steaks", "get Harley Davidson", "heart problems steak", "romantic encounters", "name horse Rosebud"],
  "entities": [
    {"id": "e1", "name": "festival", "type": "EVENT", "timestamp": "NONE", "properties": ["enjoyable"]},
    {"id": "e2", "name": "ladies", "type": "CONCEPT", "timestamp": "NONE", "properties": ["nice"]},
    {"id": "e3", "name": "secret", "type": "CONCEPT", "timestamp": "NONE", "properties": ["meeting women"]},
    {"id": "e4", "name": "girlfriends", "type": "CONCEPT", "timestamp": "NONE", "properties": ["seven"]},
    {"id": "e5", "name": "city", "type": "LOCATION", "timestamp": "NONE", "properties": ["large"]},
    {"id": "e6", "name": "horses", "type": "OBJECT", "timestamp": "NONE", "properties": ["ride"]},
    {"id": "e7", "name": "motorbike", "type": "OBJECT", "timestamp": "NONE", "properties": ["city"]},
    {"id": "e8", "name": "steaks", "type": "OBJECT", "timestamp": "NONE", "properties": ["Argentinian finest"]},
    {"id": "e9", "name": "Harley Davidson", "type": "OBJECT", "timestamp": "NONE", "properties": ["bike"]},
    {"id": "e10", "name": "heart problems", "type": "CONCEPT", "timestamp": "NONE", "properties": ["steak"]},
    {"id": "e11", "name": "romantic encounters", "type": "CONCEPT", "timestamp": "NONE", "properties": ["cardio workout"]},
    {"id": "e12", "name": "horse", "type": "OBJECT", "timestamp": "NONE", "properties": ["Rosebud"]},
    {"id": "e13", "name": "Rosebud", "type": "OBJECT", "timestamp": "NONE", "properties": ["stallion"]},
    {"id": "e14", "name": "grandfather", "type": "PERSON", "timestamp": "NONE", "properties": ["107 years old"]},
    {"id": "e15", "name": "candles", "type": "OBJECT", "timestamp": "NONE", "properties": ["12"]},
    {"id": "e16", "name": "sisters", "type": "CONCEPT", "timestamp": "NONE", "properties": ["2"]},
    {"id": "e17", "name": "lady", "type": "PERSON", "timestamp": "NONE", "properties": ["named Rosebud"]},
    {"id": "e18", "name": "woman", "type": "CONCEPT", "timestamp": "NONE", "properties": ["love"]},
    {"id": "e19", "name": "mountain", "type": "LOCATION", "timestamp": "NONE", "properties": ["galloping"]},
    {"id": "e20", "name": "friend", "type": "PERSON", "timestamp": "NONE", "properties": ["many lovers"]},
    {"id": "e21", "name": "man", "type": "PERSON", "timestamp": "NONE", "properties": ["horse"]},
    {"id": "e22", "name": "biker", "type": "PERSON", "timestamp": "NONE", "properties": ["greasy"]},
    {"id": "e23", "name": "person", "type": "PERSON", "timestamp": "NONE", "properties": ["single"]},
    {"id": "e24", "name": "candle", "type": "OBJECT", "timestamp": "NONE", "properties": ["1 for every woman"]},
    {"id": "e25", "name": "daughter", "type": "PERSON", "timestamp": "NONE", "properties": ["named Rosebud"]},
    {"id": "e26", "name": "name", "type": "CONCEPT", "timestamp": "NONE", "properties": ["Rosebud"]},
    {"id": "e27", "name": "horse", "type": "OBJECT", "timestamp": "NONE", "properties": ["small"]},
    {"id": "e28", "name": "location", "type": "LOCATION", "timestamp": "NONE", "properties": ["mountain side"]},
    {"id": "e29", "name": "man", "type": "PERSON", "timestamp": "NONE", "properties": ["many lovers"]},
    {"id": "e30", "name": "woman", "type": "PERSON", "timestamp": "NONE", "properties": ["sister"]},
    {"id": "e31", "name": "man", "type": "PERSON", "timestamp": "NONE", "properties": ["stallion"]},
    {"id": "e32", "name": "man", "type": "PERSON", "timestamp": "NONE", "properties": ["horse"]},
    {"id": "e33", "name": "man", "type": "PERSON", "timestamp": "NONE", "properties": ["stallion"]},
    {"id": "e34", "name": "man", "type": "PERSON", "timestamp": "NONE", "properties": ["stallion"]},
    {"id": "e35", "name": "man", "type": "PERSON", "timestamp": "NONE", "properties": ["stallion"]},
    {"id": "e36", "name": "man", "type": "PERSON", "timestamp": "NONE", "properties": ["stallion"]},
    {"id": "e37", "name": "man", "type": "PERSON", "timestamp": "NONE", "properties": ["stallion"]},
    {"id": "e38", "name": "man", "type": "PERSON", "timestamp": "NONE", "properties": ["stallion"]},
    {"id": "e39", "name": "man", "type": "PERSON", "timestamp": "NONE", "properties": ["stallion"]},
    {"id": "e40", "name": "man", "type": "PERSON", "timestamp": "NONE", "properties": ["stallion"]},
    {"id": "e41", "name": "man", "type": "PERSON", "timestamp": "NONE", "properties": ["stallion"]},
    {"id": "e42", "name": "man", "type": "PERSON", "timestamp": "NONE", "properties": ["stallion"]},
    {"id": "e43", "name": "man", "type": "PERSON", "timestamp": "NONE", "properties": ["stallion"]},
    {"id": "e44", "name": "man", "type": "PERSON", "timestamp": "NONE", "properties": ["stallion"]},
    {"id": "e45", "name": "man", "type": "PERSON", "timestamp": "NONE", "properties": ["stallion"]},
    {"id": "e46", "name": "man", "type": "PERSON", "timestamp": "NONE", "properties": ["stallion"]},
    {"id": "e47", "name": "man", "type": "PERSON", "timestamp": "NONE", "properties": ["stallion"]},
    {"id": "e48", "name": "man", "type": "PERSON", "timestamp": "NONE", "properties": ["stallion"]},
    {"id": "e49", "name": "man", "type": "PERSON", "timestamp": "NONE", "properties": ["stallion"]},
    {"id": "e50", "name": "man", "type": "PERSON", "timestamp": "NONE", "properties": ["stallion"]},
    {"id": "e51", "name": "man", "type": "PERSON", "timestamp": "NONE", "properties": ["stallion"]},
    {"id": "e52", "name": "man", "type": "PERSON", "timestamp": "NONE", "properties": ["stallion"]},
    {"id": "e53", "name": "man", "type": "PERSON", "timestamp": "NONE", "properties": ["stallion"]},
    {"id": "e54", "name": "man", "type": "PERSON", "timestamp": "NONE", "properties": ["stallion"]},
    {"id": "e55", "name": "man", "type": "PERSON", "timestamp": "NONE", "properties": ["stallion"]},
    {"id": "e56", "

2026-07-02 04:41:35,053 - WARNING - RETRYING #15 Dialogue 1277, Session: 0. MSG: Expecting ',' delimiter: line 9 column 28 (char 398)
 LLM Response: {
  "topics": ["greeting", "selling things", "what selling", "items sold", "skate suggestion", "skate fear", "skate encouragement", "moving reason", "moving location", "uk interest", "uk reason", "uk comparison", "emperor comment", "emperor question"],
  "entities": [
    {
      "id": "e1",
      "name": "Speaker 1",
      "type": "PERSON",
      "timestamp": "NONE",
      "properties": ["role": "speaker"]
    },
    {
      "id": "e2",
      "name": "Speaker 2",
      "type": "PERSON",
      "timestamp": "NONE",
      "properties": ["role": "speaker"]
    },
    {
      "id": "e3",
      "name": "San Diego",
      "type": "LOCATION",
      "timestamp": "NONE",
      "properties": ["location": "city"]
    },
    {
      "id": "e4",
      "name": "UK",
      "type": "LOCATION",
      "timestamp": "NONE",
      "properties": ["location": "country"]
    },
    {
      "id": "e5",
      "name": "Emperor",
      "type": "CONCEPT",
      "timestamp": "NONE",
      "properties": ["concept": "political figure"]
    }
  ],
  "relations": [
    {
      "source": "e1",
      "target": "e2",
      "relation": "speaking to",
      "timestamp": "NONE"
    },
    {
      "source": "e2",
      "target": "e3",
      "relation": "moving to",
      "timestamp": "NONE"
    },
    {
      "source": "e2",
      "target": "e4",
      "relation": "interested in",
      "timestamp": "NONE"
    },
    {
      "source": "e2",
      "target": "e5",
      "relation": "mentioning",
      "timestamp": "NONE"
    }
  ],
  "is_qna_pattern": true,
  "is_decision_tree": false,
  "is_entity_centric": true
}

2026-07-02 04:41:50,323 - ERROR - #15 Dialogue 1277, Session: 0 data extraction failed. MSG: Expecting ',' delimiter: line 4 column 99 (char 367)
 LLM Response: {
  "topics": ["greeting", "selling things", "what selling", "items sold", "skate suggestion", "skate fear", "skate encouragement", "moving reason", "moving location", "uk interest", "uk reason", "uk comparison", "emperor comment", "emperor question"],
  "entities": [
    {"id": "e1", "name": "Speaker 1", "type": "PERSON", "timestamp": "NONE", "properties": ["role": "speaker"]},
    {"id": "e2", "name": "Speaker 2", "type": "PERSON", "timestamp": "NONE", "properties": ["role": "speaker"]},
    {"id": "e3", "name": "San Diego", "type": "LOCATION", "timestamp": "NONE", "properties": ["location": "moving to"]},
    {"id": "e4", "name": "UK", "type": "LOCATION", "timestamp": "NONE", "properties": ["location": "interest in"]},
    {"id": "e5", "name": "Emperor", "type": "CONCEPT", "timestamp": "NONE", "properties": ["concept": "emperor"]},
    {"id": "e6", "name": "Skate", "type": "ACTIVITY", "timestamp": "NONE", "properties": ["activity": "skating"]}
  ],
  "relations": [
    {"source": "e1", "target": "e2", "relation": "speaking to", "timestamp": "NONE"},
    {"source": "e2", "target": "e3", "relation": "moving to", "timestamp": "NONE"},
    {"source": "e2", "target": "e4", "relation": "interested in", "timestamp": "NONE"},
    {"source": "e2", "target": "e5", "relation": "mentioning", "timestamp": "NONE"},
    {"source": "e2", "target": "e6", "relation": "suggesting", "timestamp": "NONE"}
  ],
  "is_qna_pattern": true,
  "is_decision_tree": false,
  "is_entity_centric": true
}

2026-07-02 05:20:42,710 - WARNING - RETRYING #9 Dialogue 709, Session: 4. MSG: Expecting property name enclosed in double quotes: line 72 column 21 (char 6024)
 LLM Response: {
  "topics": ["bunkmate drummer", "contact info", "nice person", "video games", "gaming", "online account", "month time", "school work", "procrastination", "accountability", "college study", "career choice"],
  "entities": [
    {"id": "e1", "name": "Speaker 1", "type": "PERSON", "timestamp": "NONE", "properties": ["role", "interest"]},
    {"id": "e2", "name": "Speaker 2", "type": "PERSON", "timestamp": "NONE", "properties": ["role", "interest"]},
    {"id": "e3", "name": "Bunkmate", "type": "PERSON", "timestamp": "NONE", "properties": ["role", "interest"]},
    {"id": "e4", "name": "Speaker 1's Dad", "type": "PERSON", "timestamp": "NONE", "properties": ["role"]},
    {"id": "e5", "name": "Speaker 1's Mom", "type": "PERSON", "timestamp": "NONE", "properties": ["role"]},
    {"id": "e6", "name": "Electrician", "type": "CONCEPT", "timestamp": "NONE", "properties": ["role", "job"]},
    {"id": "e7", "name": "Biology", "type": "CONCEPT", "timestamp": "NONE", "properties": ["field", "interest"]},
    {"id": "e8", "name": "CoD", "type": "ACTIVITY", "timestamp": "NONE", "properties": ["game", "interest"]},
    {"id": "e9", "name": "Online Team", "type": "ACTIVITY", "timestamp": "NONE", "properties": ["activity", "interest"]},
    {"id": "e10", "name": "School Work", "type": "ACTIVITY", "timestamp": "NONE", "properties": ["activity", "interest"]},
    {"id": "e11", "name": "Procrastination", "type": "CONCEPT", "timestamp": "NONE", "properties": ["behavior", "interest"]},
    {"id": "e12", "name": "Accountability", "type": "CONCEPT", "timestamp": "NONE", "properties": ["behavior", "interest"]}
  ],
  "relations": [
    {"source": "e1", "target": "e3", "relation": "bunkmate of", "timestamp": "NONE"},
    {"source": "e1", "target": "e4", "relation": "father of", "timestamp": "NONE"},
    {"source": "e2", "target": "e5", "relation": "mother of", "timestamp": "NONE"},
    {"source": "e1", "target": "e2", "relation": "friend of", "timestamp": "NONE"},
    {"source": "e1", "target": "e3", "relation": "drummer", "timestamp": "NONE"},
    {"source": "e1", "target": "e3", "relation": "contact info", "timestamp": "NONE"},
    {"source": "e1", "target": "e2", "relation": "gamer", "timestamp": "NONE"},
    {"source": "e2", "target": "e3", "relation": "video game player", "timestamp": "NONE"},
    {"source": "e2", "target": "e3", "relation": "gamer", "timestamp": "NONE"},
    {"source": "e2", "target": "e3", "relation": "online account", "timestamp": "NONE"},
    {"source": "e2", "target": "e3", "relation": "gamer", "timestamp": "NONE"},
    {"source": "e2", "target": "e3", "relation": "gamer", "timestamp": "NONE"},
    {"source": "e2", "target": "e3", "relation": "gamer", "timestamp": "NONE"},
    {"source": "e2", "target": "e3", "relation": "gamer", "timestamp": "NONE"},
    {"source": "e2", "target": "e3", "relation": "gamer", "timestamp": "NONE"},
    {"source": "e2", "target": "e3", "relation": "gamer", "timestamp": "NONE"},
    {"source": "e2", "target": "e3", "relation": "gamer", "timestamp": "NONE"},
    {"source": "e2", "target": "e3", "relation": "gamer", "timestamp": "NONE"},
    {"source": "e2", "target": "e3", "relation": "gamer", "timestamp": "NONE"},
    {"source": "e2", "target": "e3", "relation": "gamer", "timestamp": "NONE"},
    {"source": "e2", "target": "e3", "relation": "gamer", "timestamp": "NONE"},
    {"source": "e2", "target": "e3", "relation": "gamer", "timestamp": "NONE"},
    {"source": "e2", "target": "e3", "relation": "gamer", "timestamp": "NONE"},
    {"source": "e2", "target": "e3", "relation": "gamer", "timestamp": "NONE"},
    {"source": "e2", "target": "e3", "relation": "gamer", "timestamp": "NONE"},
    {"source": "e2", "target": "e3", "relation": "gamer", "timestamp": "NONE"},
    {"source": "e2", "target": "e3", "relation": "gamer", "timestamp": "NONE"},
    {"source": "e2", "target": "e3", "relation": "gamer", "timestamp": "NONE"},
    {"source": "e2", "target": "e3", "relation": "gamer", "timestamp": "NONE"},
    {"source": "e2", "target": "e3", "relation": "gamer", "timestamp": "NONE"},
    {"source": "e2", "target": "e3", "relation": "gamer", "timestamp": "NONE"},
    {"source": "e2", "target": "e3", "relation": "gamer", "timestamp": "NONE"},
    {"source": "e2", "target": "e3", "relation": "gamer", "timestamp": "NONE"},
    {"source": "e2", "target": "e3", "relation": "gamer", "timestamp": "NONE"},
    {"source": "e2", "target": "e3", "relation": "gamer", "timestamp": "NONE"},
    {"source": "e2", "target": "e3", "relation": "gamer", "timestamp": "NONE"},
    {"source": "e2", "target": "e3", "relation": "gamer", "timestamp": "NONE"},
    {"source": "e2", "target": "e3", "relation": "gamer", "timestamp": "NONE"},
    {"source": "e2", "target": "e3", "relation": "gamer", "timestamp": "NONE"},
    {"source": "e2", "target": "e3", "relation": "gamer", "timestamp": "NONE"},
    {"source": "e2", "target": "e3", "relation": "gamer", "timestamp": "NONE"},
    {"source": "e2", "target": "e3", "relation": "gamer", "timestamp": "NONE"},
    {"source": "e2", "target": "e3", "relation": "gamer", "timestamp": "NONE"},
    {"source": "e2", "target": "e3", "relation": "gamer", "timestamp": "NONE"},
    {"source": "e2", "target": "e3", "relation": "gamer", "timestamp": "NONE"},
    {"source": "e2", "target": "e3", "relation": "gamer", "timestamp": "NONE"},
    {"source": "e2", "target": "e3", "relation": "gamer", "timestamp": "NONE"},
    {"source": "e2", "target": "e3", "relation": "gamer", "timestamp": "NONE"},
    {"source": "e2", "target": "e3", "relation": "gamer", "timestamp": "NONE"},
    {"source": "e2", "target": "e3", "relation": "gamer", "timestamp": "NONE"},
    {"source": "e2", "target": "e3", "relation": "gamer", "timestamp": "NONE"},
    {"source": "e2", "target": "e3", "relation": "gamer", "timestamp": "NONE"},
    {"source": "e2", "target": "e3", "relation": "gamer", "timestamp": "NONE"},
    {"source": "e2", "target": "e3", "relation": "gamer", "timestamp": "NONE"},
    {"source": "e2",

2026-07-02 05:48:51,542 - WARNING - RETRYING #5 Dialogue 768, Session: 1. MSG: Expecting value: line 50 column 136 (char 6615)
 LLM Response: {
  "topics": ["weekend plans", "concert at nursing home", "kids' performance", "your plans", "nursing home residents", "incident and cello", "children's quartet", "meaning of quartet", "movie Amadeus", "concert experience", "children's group name", "group name explanation"],
  "entities": [
    {"id": "e1", "name": "Speaker 1", "type": "PERSON", "timestamp": "NONE", "properties": ["role", "interest in music"]},
    {"id": "e2", "name": "Speaker 2", "type": "PERSON", "timestamp": "NONE", "properties": ["role", "interest in music"]},
    {"id": "e3", "name": "Kids", "type": "GROUP", "timestamp": "NONE", "properties": ["member of string quartet", "perform at nursing home"]},
    {"id": "e4", "name": "Nursing home", "type": "LOCATION", "timestamp": "NONE", "properties": ["receives concert", "loves small moments"]},
    {"id": "e5", "name": "Mozart", "type": "CONCEPT", "timestamp": "NONE", "properties": ["music genre", "performance by kids"]},
    {"id": "e6", "name": "String quartet", "type": "GROUP", "timestamp": "NONE", "properties": ["official job", "perform at events"]},
    {"id": "e7", "name": "Amadeus", "type": "MOVIE", "timestamp": "NONE", "properties": ["movie title", "not watched"]},
    {"id": "e8", "name": "Mr. Holland's Opus", "type": "MOVIE", "timestamp": "NONE", "properties": ["movie title", "watched"]},
    {"id": "e9", "name": "New York Philharmonic", "type": "ORGANIZATION", "timestamp": "NONE", "properties": ["concert organization", "amazing performance"]},
    {"id": "e10", "name": "Fourte", "type": "GROUP", "timestamp": "NONE", "properties": ["children's group name", "original name"]},
    {"id": "e11", "name": "Cello", "type": "OBJECT", "timestamp": "NONE", "properties": ["instrument", "bought after incident"]},
    {"id": "e12", "name": "Incident", "type": "EVENT", "timestamp": "NONE", "properties": ["caused protective behavior"]},
    {"id": "e13", "name": "Hiking", "type": "ACTIVITY", "timestamp": "NONE", "properties": ["activity", "considered by speaker 2"]},
    {"id": "e14", "name": "Music", "type": "CONCEPT", "timestamp": "NONE", "properties": ["therapeutic", "loved by residents"]},
    {"id": "e15", "name": "Concert", "type": "EVENT", "timestamp": "NONE", "properties": ["performance", "at nursing home"]},
    {"id": "e16", "name": "String quartet", "type": "GROUP", "timestamp": "NONE", "properties": ["official job", "perform at events"]},
    {"id": "e17", "name": "Park", "type": "LOCATION", "timestamp": "NONE", "properties": ["hiking location", "considered by speaker 2"]},
    {"id": "e18", "name": "Music lover", "type": "CONCEPT", "timestamp": "NONE", "properties": ["interest in music", "avid"]},
    {"id": "e19", "name": "String quartet", "type": "GROUP", "timestamp": "NONE", "properties": ["official job", "perform at events"]},
    {"id": "e20", "name": "String quartet", "type": "GROUP", "timestamp": "NONE", "properties": ["official job", "perform at events"]},
    {"id": "e21", "name": "String quartet", "type": "GROUP", "timestamp": "NONE", "properties": ["official job", "perform at events"]},
    {"id": "e22", "name": "String quartet", "type": "GROUP", "timestamp": "NONE", "properties": ["official job", "perform at events"]},
    {"id": "e23", "name": "String quartet", "type": "GROUP", "timestamp": "NONE", "properties": ["official job", "perform at events"]},
    {"id": "e24", "name": "String quartet", "type": "GROUP", "timestamp": "NONE", "properties": ["official job", "perform at events"]},
    {"id": "e25", "name": "String quartet", "type": "GROUP", "timestamp": "NONE", "properties": ["official job", "perform at events"]},
    {"id": "e26", "name": "String quartet", "type": "GROUP", "timestamp": "NONE", "properties": ["official job", "perform at events"]},
    {"id": "e27", "name": "String quartet", "type": "GROUP", "timestamp": "NONE", "properties": ["official job", "perform at events"]},
    {"id": "e28", "name": "String quartet", "type": "GROUP", "timestamp": "NONE", "properties": ["official job", "perform at events"]},
    {"id": "e29", "name": "String quartet", "type": "GROUP", "timestamp": "NONE", "properties": ["official job", "perform at events"]},
    {"id": "e30", "name": "String quartet", "type": "GROUP", "timestamp": "NONE", "properties": ["official job", "perform at events"]},
    {"id": "e31", "name": "String quartet", "type": "GROUP", "timestamp": "NONE", "properties": ["official job", "perform at events"]},
    {"id": "e32", "name": "String quartet", "type": "GROUP", "timestamp": "NONE", "properties": ["official job", "perform at events"]},
    {"id": "e33", "name": "String quartet", "type": "GROUP", "timestamp": "NONE", "properties": ["official job", "perform at events"]},
    {"id": "e34", "name": "String quartet", "type": "GROUP", "timestamp": "NONE", "properties": ["official job", "perform at events"]},
    {"id": "e35", "name": "String quartet", "type": "GROUP", "timestamp": "NONE", "properties": ["official job", "perform at events"]},
    {"id": "e36", "name": "String quartet", "type": "GROUP", "timestamp": "NONE", "properties": ["official job", "perform at events"]},
    {"id": "e37", "name": "String quartet", "type": "GROUP", "timestamp": "NONE", "properties": ["official job", "perform at events"]},
    {"id": "e38", "name": "String quartet", "type": "GROUP", "timestamp": "NONE", "properties": ["official job", "perform at events"]},
    {"id": "e39", "name": "String quartet", "type": "GROUP", "timestamp": "NONE", "properties": ["official job", "perform at events"]},
    {"id": "e40", "name": "String quartet", "type": "GROUP", "timestamp": "NONE", "properties": ["official job", "perform at events"]},
    {"id": "e41", "name": "String quartet", "type": "GROUP", "timestamp": "NONE", "properties": ["official job", "perform at events"]},
    {"id": "e42", "name": "String quartet", "type": "GROUP", "timestamp": "NONE", "properties": ["official job", "perform at events"]},
    {"id": "e43", "name": "String quartet", "type": "GROUP", "timestamp": "NONE", "properties": ["official job", "perform at events"]},
    {"id": "e44", "name": "String quartet", "type": "GROUP", "timestamp": "NONE", "properties": ["official job", "perform at events"]},
    {"id": "e45", "name": "String quartet", "type": "GROUP", "timestamp": "NONE", "properties": ["official job", "perform at events"]},
    {"id": "e46", "name": "String quartet", "type": "GROUP", "timestamp": "NONE", "properties": ["official job", "perform at events"]},
    {"id": "e47", "name": "String quartet", "type": "GROUP", "timestamp": "NONE", "properties": ["official job", "perform at events"]},

2026-07-02 06:01:32,041 - WARNING - RETRYING #10 Dialogue 793, Session: 1. MSG: Expecting ',' delimiter: line 9 column 28 (char 417)
 LLM Response: {
  "topics": ["vegan meal recommendations", "vegetable pizza recipe", "preparing vegetables", "oven temperature", "oven temperature conversion", "pizza toppings", "olive salt", "peri-peri sauce", "peri-peri availability", "pizza recipe", "pizza recipe", "pizza recipe"],
  "entities": [
    {
      "id": "e1",
      "name": "Speaker 1",
      "type": "PERSON",
      "timestamp": "NONE",
      "properties": ["role": "advisor"]
    },
    {
      "id": "e2",
      "name": "Speaker 2",
      "type": "PERSON",
      "timestamp": "NONE",
      "properties": ["role": "user"]
    },
    {
      "id": "e3",
      "name": "Vegetable pizza",
      "type": "ACTIVITY",
      "timestamp": "NONE",
      "properties": ["ingredients": "broccoli, peppers, onions, olives, peri-peri sauce, basil"]
    },
    {
      "id": "e4",
      "name": "Oven",
      "type": "OBJECT",
      "timestamp": "NONE",
      "properties": ["temperature": "400°F", "unit": "Fahrenheit"]
    },
    {
      "id": "e5",
      "name": "Amazon",
      "type": "ORGANIZATION",
      "timestamp": "NONE",
      "properties": ["function": "online store"]
    },
    {
      "id": "e6",
      "name": "Germany",
      "type": "LOCATION",
      "timestamp": "NONE",
      "properties": ["country": "Germany"]
    },
    {
      "id": "e7",
      "name": "USA",
      "type": "LOCATION",
      "timestamp": "NONE",
      "properties": ["country": "USA"]
    }
  ],
  "relations": [
    {
      "source": "e1",
      "target": "e3",
      "relation": "prepares",
      "timestamp": "NONE"
    },
    {
      "source": "e1",
      "target": "e4",
      "relation": "uses",
      "timestamp": "NONE"
    },
    {
      "source": "e1",
      "target": "e5",
      "relation": "sells",
      "timestamp": "NONE"
    },
    {
      "source": "e1",
      "target": "e6",
      "relation": "originates from",
      "timestamp": "NONE"
    },
    {
      "source": "e1",
      "target": "e7",
      "relation": "currently resides in",
      "timestamp": "NONE"
    },
    {
      "source": "e2",
      "target": "e3",
      "relation": "eats",
      "timestamp": "NONE"
    },
    {
      "source": "e2",
      "target": "e4",
      "relation": "uses",
      "timestamp": "NONE"
    },
    {
      "source": "e2",
      "target": "e5",
      "relation": "buys from",
      "timestamp": "NONE"
    }
  ],
  "is_qna_pattern": true,
  "is_decision_tree": false,
  "is_entity_centric": true
}

2026-07-02 06:01:52,430 - ERROR - #10 Dialogue 793, Session: 1 data extraction failed. MSG: Expecting ',' delimiter: line 4 column 99 (char 350)
 LLM Response: {
  "topics": ["vegan meal", "vegetable pizza", "prepare vegetables", "oven temperature", "oven temperature", "oven units", "oven units", "olives on pizza", "olive salt", "peri-peri sauce", "peri-peri sauce", "peri-peri availability"],
  "entities": [
    {"id": "e1", "name": "Speaker 1", "type": "PERSON", "timestamp": "NONE", "properties": ["role": "advisor"]},
    {"id": "e2", "name": "Speaker 2", "type": "PERSON", "timestamp": "NONE", "properties": ["role": "user"]},
    {"id": "e3", "name": "Vegetable pizza", "type": "ACTIVITY", "timestamp": "NONE", "properties": ["ingredients": "broccoli, peppers, onions"]},
    {"id": "e4", "name": "Oven", "type": "OBJECT", "timestamp": "NONE", "properties": ["temperature": "400°F", "unit": "Fahrenheit"]},
    {"id": "e5", "name": "Peri-peri sauce", "type": "OBJECT", "timestamp": "NONE", "properties": ["availability": "Amazon"]},
    {"id": "e6", "name": "Basil", "type": "OBJECT", "timestamp": "NONE", "properties": []},
    {"id": "e7", "name": "Olives", "type": "OBJECT", "timestamp": "NONE", "properties": ["salt content": "high"]},
    {"id": "e8", "name": "Germany", "type": "LOCATION", "timestamp": "NONE", "properties": []},
    {"id": "e9", "name": "USA", "type": "LOCATION", "timestamp": "NONE", "properties": []}
  ],
  "relations": [
    {"source": "e1", "target": "e3", "relation": "serves", "timestamp": "NONE"},
    {"source": "e1", "target": "e4", "relation": "uses", "timestamp": "NONE"},
    {"source": "e1", "target": "e5", "relation": "sells", "timestamp": "NONE"},
    {"source": "e1", "target": "e6", "relation": "uses", "timestamp": "NONE"},
    {"source": "e1", "target": "e7", "relation": "uses", "timestamp": "NONE"},
    {"source": "e1", "target": "e8", "relation": "originates from", "timestamp": "NONE"},
    {"source": "e1", "target": "e9", "relation": "resides in", "timestamp": "NONE"}
  ],
  "is_qna_pattern": true,
  "is_decision_tree": false,
  "is_entity_centric": true
}

2026-07-02 06:07:30,627 - WARNING - RETRYING #3 Dialogue 801, Session: 2. MSG: Expecting ',' delimiter: line 36 column 29 (char 693)
 LLM Response: {
  "topics": [
    "walk dogs together",
    "dog behavior",
    "dog personality",
    "dog behavior",
    "dog compatibility",
    "dog and cat relationship",
    "dog breed",
    "dog rescue",
    "dog training",
    "dog activities",
    "dog activities",
    "dog activities"
  ],
  "entities": [
    {
      "id": "e1",
      "name": "Speaker 1",
      "type": "PERSON",
      "timestamp": "NONE",
      "properties": []
    },
    {
      "id": "e2",
      "name": "Speaker 2",
      "type": "PERSON",
      "timestamp": "NONE",
      "properties": []
    },
    {
      "id": "e3",
      "name": "Dixie",
      "type": "ANIMAL",
      "timestamp": "NONE",
      "properties": ["breed": "fox terrier", "behavior": "hyper", "behavior": "scare other dogs"]
    },
    {
      "id": "e4",
      "name": "Gizmo",
      "type": "ANIMAL",
      "timestamp": "NONE",
      "properties": ["behavior": "hide from Dixie"]
    },
    {
      "id": "e5",
      "name": "Speaker 1's dog",
      "type": "ANIMAL",
      "timestamp": "NONE",
      "properties": ["breed": "terrier", "behavior": "chill", "behavior": "protective", "behavior": "smart"]
    },
    {
      "id": "e6",
      "name": "Speaker 1's cat",
      "type": "ANIMAL",
      "timestamp": "NONE",
      "properties": []
    },
    {
      "id": "e7",
      "name": "Speaker 2's dog",
      "type": "ANIMAL",
      "timestamp": "NONE",
      "properties": ["breed": "jack russel", "behavior": "flips treats", "behavior": "barks at names", "behavior": "folds blankets"]
    }
  ],
  "relations": [
    {
      "source": "e1",
      "target": "e3",
      "relation": "owns",
      "timestamp": "NONE"
    },
    {
      "source": "e2",
      "target": "e3",
      "relation": "owns",
      "timestamp": "NONE"
    },
    {
      "source": "e2",
      "target": "e4",
      "relation": "owns",
      "timestamp": "NONE"
    },
    {
      "source": "e1",
      "target": "e6",
      "relation": "owns",
      "timestamp": "NONE"
    },
    {
      "source": "e2",
      "target": "e7",
      "relation": "owns",
      "timestamp": "NONE"
    },
    {
      "source": "e3",
      "target": "e4",
      "relation": "scare",
      "timestamp": "NONE"
    },
    {
      "source": "e4",
      "target": "e3",
      "relation": "hide from",
      "timestamp": "NONE"
    },
    {
      "source": "e5",
      "target": "e7",
      "relation": "similar to",
      "timestamp": "NONE"
    }
  ],
  "is_qna_pattern": true,
  "is_decision_tree": false,
  "is_entity_centric": true
}

2026-07-02 06:08:23,476 - ERROR - #3 Dialogue 801, Session: 2 data extraction failed. MSG: Expecting ',' delimiter: line 4 column 99 (char 347)
 LLM Response: {
  "topics": ["ask about walking dogs", "dog behavior", "dog personality", "dog compatibility", "cat and dog relationship", "dog breed", "dog rescue", "dog training", "dog tricks", "dog activities", "dog behavior", "dog behavior"],
  "entities": [
    {"id": "e1", "name": "Speaker 1", "type": "PERSON", "timestamp": "NONE", "properties": ["role": "owner"]},
    {"id": "e2", "name": "Speaker 2", "type": "PERSON", "timestamp": "NONE", "properties": ["role": "owner"]},
    {"id": "e3", "name": "Dixie", "type": "ANIMAL", "timestamp": "NONE", "properties": ["type": "dog", "breed": "fox terrier", "behavior": "hyper", "behavior": "scare other dogs"]},
    {"id": "e4", "name": "Gizmo", "type": "ANIMAL", "timestamp": "NONE", "properties": ["type": "cat", "behavior": "hide from Dixie"]},
    {"id": "e5", "name": "Speaker 1's dog", "type": "ANIMAL", "timestamp": "NONE", "properties": ["type": "dog", "behavior": "chill", "behavior": "protective", "breed": "terrier"]},
    {"id": "e6", "name": "Speaker 1's cat", "type": "ANIMAL", "timestamp": "NONE", "properties": ["type": "cat", "behavior": "nervous around dogs"]},
    {"id": "e7", "name": "Speaker 2's dog", "type": "ANIMAL", "timestamp": "NONE", "properties": ["type": "dog", "breed": "jack russel", "behavior": "trickster", "behavior": "flip treats", "behavior": "bark at names"]},
    {"id": "e8", "name": "blanket folding", "type": "ACTIVITY", "timestamp": "NONE", "properties": ["activity": "fold blankets"]},
    {"id": "e9", "name": "training programs", "type": "ACTIVITY", "timestamp": "NONE", "properties": ["activity": "training"]},
    {"id": "e10", "name": "rescue", "type": "EVENT", "timestamp": "NONE", "properties": ["event": "rescued Dixie"]},
    {"id": "e11", "name": "terriers", "type": "CONCEPT", "timestamp": "NONE", "properties": ["concept": "breed", "behavior": "hunters", "behavior": "spirited"]},
    {"id": "e12", "name": "fox terrier", "type": "CONCEPT", "timestamp": "NONE", "properties": ["concept": "breed", "behavior": "hyper"]},
    {"id": "e13", "name": "jack russel", "type": "CONCEPT", "timestamp": "NONE", "properties": ["concept": "breed", "behavior": "trickster"]},
    {"id": "e14", "name": "dixie", "type": "CONCEPT", "timestamp": "NONE", "properties": ["concept": "dog", "behavior": "hyper", "behavior": "scare other dogs"]},
    {"id": "e15", "name": "gizmo", "type": "CONCEPT", "timestamp": "NONE", "properties": ["concept": "cat", "behavior": "hide from Dixie"]},
    {"id": "e16", "name": "speaker 1", "type": "CONCEPT", "timestamp": "NONE", "properties": ["concept": "person", "role": "owner"]},
    {"id": "e17", "name": "speaker 2", "type": "CONCEPT", "timestamp": "NONE", "properties": ["concept": "person", "role": "owner"]}
  ],
  "relations": [
    {"source": "e1", "target": "e3", "relation": "owns", "timestamp": "NONE"},
    {"source": "e2", "target": "e3", "relation": "owns", "timestamp": "NONE"},
    {"source": "e1", "target": "e4", "relation": "owns", "timestamp": "NONE"},
    {"source": "e2", "target": "e6", "relation": "owns", "timestamp": "NONE"},
    {"source": "e1", "target": "e14", "relation": "owns", "timestamp": "NONE"},
    {"source": "e2", "target": "e13", "relation": "owns", "timestamp": "NONE"},
    {"source": "e1", "target": "e16", "relation": "owns", "timestamp": "NONE"},
    {"source": "e2", "target": "e17", "relation": "owns", "timestamp": "NONE"},
    {"source": "e1", "target": "e10", "relation": "rescued", "timestamp": "NONE"},
    {"source": "e2", "target": "e11", "relation": "breed", "timestamp": "NONE"},
    {"source": "e1", "target": "e14", "relation": "breed", "timestamp": "NONE"},
    {"source": "e2", "target": "e13", "relation": "breed", "timestamp": "NONE"},
    {"source": "e1", "target": "e16", "relation": "rescued", "timestamp": "NONE"},
    {"source": "e2", "target": "e17", "relation": "rescued", "timestamp": "NONE"},
    {"source": "e1", "target": "e14", "relation": "behavior", "timestamp": "NONE"},
    {"source": "e2", "target": "e6", "relation": "behavior", "timestamp": "NONE"},
    {"source": "e1", "target": "e16", "relation": "behavior", "timestamp": "NONE"},
    {"source": "e2", "target": "e17", "relation": "behavior", "timestamp": "NONE"},
    {"source": "e1", "target": "e14", "relation": "behavior", "timestamp": "NONE"},
    {"source": "e2", "target": "e6", "relation": "behavior", "timestamp": "NONE"},
    {"source": "e1", "target": "e16", "relation": "behavior", "timestamp": "NONE"},
    {"source": "e2", "target": "e17", "relation": "behavior", "timestamp": "NONE"},
    {"source": "e1", "target": "e14", "relation": "behavior", "timestamp": "NONE"},
    {"source": "e2", "target": "e6", "relation": "behavior", "timestamp": "NONE"},
    {"source": "e1", "target": "e16", "relation": "behavior", "timestamp": "NONE"},
    {"source": "e2", "target": "e17", "relation": "behavior", "timestamp": "NONE"}
  ],
  "is_qna_pattern": true,
  "is_decision_tree": false,
  "is_entity_centric": true
}

2026-07-02 06:08:23,481 - WARNING - RETRYING #13 Dialogue 805, Session: 4. MSG: Expecting ',' delimiter: line 36 column 32 (char 1133)
 LLM Response: {
  "topics": [
    "driving motorbike",
    "motorbike interests",
    "riding bike to work",
    "Motorbike Festival Alabama",
    "experience at Motorbike Festival",
    "food at restaurant",
    "food preferences",
    "cooking skills",
    "baking interests",
    "outdoor activities",
    "camping experiences",
    "ghosts and camping"
  ],
  "entities": [
    {
      "id": "e1",
      "name": "Speaker 1",
      "type": "PERSON",
      "timestamp": "NONE",
      "properties": ["motorbike rider", "soccer stadium visitor", "Motorbike Festival attendee", "barbecue lover", "Mexican food lover", "cooking enthusiast", "baking enthusiast", "camping enthusiast", "ghost story lover"]
    },
    {
      "id": "e2",
      "name": "Speaker 2",
      "type": "PERSON",
      "timestamp": "NONE",
      "properties": ["motorbike rider", "restaurant waiter", "barbecue lover", "Mexican food lover", "cooking enthusiast", "baking enthusiast", "camping enthusiast", "ghost story lover"]
    },
    {
      "id": "e3",
      "name": "Motorbike Festival",
      "type": "EVENT",
      "timestamp": "NONE",
      "properties": ["location": "Alabama"]
    },
    {
      "id": "e4",
      "name": "Restaurant",
      "type": "ORGANIZATION",
      "timestamp": "NONE",
      "properties": ["food": "Mexican"]
    },
    {
      "id": "e5",
      "name": "Camping",
      "type": "ACTIVITY",
      "timestamp": "NONE",
      "properties": ["family camping", "ghost stories"]
    },
    {
      "id": "e6",
      "name": "Ghost stories",
      "type": "ACTIVITY",
      "timestamp": "NONE",
      "properties": ["interest"]
    },
    {
      "id": "e7",
      "name": "Baking",
      "type": "ACTIVITY",
      "timestamp": "NONE",
      "properties": ["interest", "recipe teaching"]
    },
    {
      "id": "e8",
      "name": "Cooking",
      "type": "ACTIVITY",
      "timestamp": "NONE",
      "properties": ["interest", "recipe teaching"]
    },
    {
      "id": "e9",
      "name": "Motorbike",
      "type": "OBJECT",
      "timestamp": "NONE",
      "properties": ["riding", "interest"]
    },
    {
      "id": "e10",
      "name": "Soccer stadium",
      "type": "LOCATION",
      "timestamp": "NONE",
      "properties": ["visited"]
    }
  ],
  "relations": [
    {
      "source": "e1",
      "target": "e9",
      "relation": "rides",
      "timestamp": "NONE"
    },
    {
      "source": "e1",
      "target": "e10",
      "relation": "visited",
      "timestamp": "NONE"
    },
    {
      "source": "e1",
      "target": "e3",
      "relation": "attended",
      "timestamp": "NONE"
    },
    {
      "source": "e1",
      "target": "e4",
      "relation": "eats",
      "timestamp": "NONE"
    },
    {
      "source": "e2",
      "target": "e4",
      "relation": "works at",
      "timestamp": "NONE"
    },
    {
      "source": "e2",
      "target": "e4",
      "relation": "eats",
      "timestamp": "NONE"
    },
    {
      "source": "e1",
      "target": "e5",
      "relation": "enjoys",
      "timestamp": "NONE"
    },
    {
      "source": "e2",
      "target": "e5",
      "relation": "enjoys",
      "timestamp": "NONE"
    },
    {
      "source": "e1",
      "target": "e6",
      "relation": "enjoys",
      "timestamp": "NONE"
    },
    {
      "source": "e2",
      "target": "e6",
      "relation": "enjoys",
      "timestamp": "NONE"
    },
    {
      "source": "e1",
      "target": "e7",
      "relation": "enjoys",
      "timestamp": "NONE"
    },
    {
      "source": "e2",
      "target": "e7",
      "relation": "enjoys",
      "timestamp": "NONE"
    },
    {
      "source": "e1",
      "target": "e8",
      "relation": "enjoys",
      "timestamp": "NONE"
    },
    {
      "source": "e2",
      "target": "e8",
      "relation": "enjoys",
      "timestamp": "NONE"
    },
    {
      "source": "e1",
      "target": "e10",
      "relation": "visited",
      "timestamp": "NONE"
    },
    {
      "source": "e2",
      "target": "e5",
      "relation": "enjoys",
      "timestamp": "NONE"
    }
  ],
  "is_qna_pattern": true,
  "is_decision_tree": false,
  "is_entity_centric": true
}

2026-07-02 06:09:23,368 - ERROR - #13 Dialogue 805, Session: 4 data extraction failed. MSG: Expecting ',' delimiter: line 6 column 111 (char 939)
 LLM Response: {
  "topics": ["driving motorbike", "motorbike interests", "riding bike to work", "Motorbike Festival", "experience at festival", "food at restaurant", "food preferences", "cooking skills", "outdoor activities", "camping experiences", "ghosts and myths", "future plans"],
  "entities": [
    {"id": "e1", "name": "Speaker 1", "type": "PERSON", "timestamp": "NONE", "properties": ["drives motorbike", "goes to soccer stadium", "attends Motorbike Festival", "eats barbecue", "loves Mexican food", "loves cookies", "loves camping", "loves ghosts"]},
    {"id": "e2", "name": "Speaker 2", "type": "PERSON", "timestamp": "NONE", "properties": ["rides bike to work", "attends Motorbike Festival", "works at restaurant", "loves barbecue", "loves Mexican food", "loves cooking", "loves baking", "loves camping", "loves ghost stories"]},
    {"id": "e3", "name": "Motorbike Festival", "type": "EVENT", "timestamp": "NONE", "properties": ["location": "Alabama"]},
    {"id": "e4", "name": "Restaurant", "type": "ORGANIZATION", "timestamp": "NONE", "properties": ["serves Mexican food"]},
    {"id": "e5", "name": "Camping", "type": "ACTIVITY", "timestamp": "NONE", "properties": ["family camping", "ghost stories", "campfire"]},
    {"id": "e6", "name": "Ghost", "type": "CONCEPT", "timestamp": "NONE", "properties": ["real or not"]},
    {"id": "e7", "name": "Baking", "type": "ACTIVITY", "timestamp": "NONE", "properties": ["loves baking", "teaches baking"]},
    {"id": "e8", "name": "Cooking", "type": "ACTIVITY", "timestamp": "NONE", "properties": ["loves cooking", "cooks over open flame"]},
    {"id": "e9", "name": "Dog Trainer", "type": "JOB", "timestamp": "NONE", "properties": ["busy work"]},
    {"id": "e10", "name": "Soccer Stadium", "type": "LOCATION", "timestamp": "NONE", "properties": ["visited by speaker 1"]},
    {"id": "e11", "name": "Mountain", "type": "LOCATION", "timestamp": "NONE", "properties": ["picnic spot"]},
    {"id": "e12", "name": "Campfire", "type": "ACTIVITY", "timestamp": "NONE", "properties": ["cookies", "ghost stories"]},
    {"id": "e13", "name": "Recipes", "type": "CONCEPT", "timestamp": "NONE", "properties": ["baking recipes"]},
    {"id": "e14", "name": "Ghost Stories", "type": "ACTIVITY", "timestamp": "NONE", "properties": ["loves ghost stories"]},
    {"id": "e15", "name": "Camping Out", "type": "EVENT", "timestamp": "NONE", "properties": ["planned camping event"]},
    {"id": "e16", "name": "Dog Training", "type": "ACTIVITY", "timestamp": "NONE", "properties": ["busy work"]},
    {"id": "e17", "name": "Family Camping", "type": "ACTIVITY", "timestamp": "NONE", "properties": ["family camping"]},
    {"id": "e18", "name": "Hiking", "type": "ACTIVITY", "timestamp": "NONE", "properties": ["loves hiking"]},
    {"id": "e19", "name": "Birdwatching", "type": "ACTIVITY", "timestamp": "NONE", "properties": ["loves birdwatching"]}
  ],
  "relations": [
    {"source": "e1", "target": "e10", "relation": "visited", "timestamp": "NONE"},
    {"source": "e1", "target": "e3", "relation": "attended", "timestamp": "NONE"},
    {"source": "e1", "target": "e4", "relation": "eats", "timestamp": "NONE"},
    {"source": "e1", "target": "e12", "relation": "loves", "timestamp": "NONE"},
    {"source": "e1", "target": "e15", "relation": "plans to attend", "timestamp": "NONE"},
    {"source": "e2", "target": "e4", "relation": "works at", "timestamp": "NONE"},
    {"source": "e2", "target": "e12", "relation": "loves", "timestamp": "NONE"},
    {"source": "e2", "target": "e15", "relation": "plans to attend", "timestamp": "NONE"},
    {"source": "e2", "target": "e14", "relation": "loves", "timestamp": "NONE"},
    {"source": "e2", "target": "e16", "relation": "is", "timestamp": "NONE"},
    {"source": "e1", "target": "e17", "relation": "loves", "timestamp": "NONE"},
    {"source": "e1", "target": "e18", "relation": "loves", "timestamp": "NONE"},
    {"source": "e1", "target": "e19", "relation": "loves", "timestamp": "NONE"},
    {"source": "e2", "target": "e17", "relation": "loves", "timestamp": "NONE"},
    {"source": "e2", "target": "e18", "relation": "loves", "timestamp": "NONE"},
    {"source": "e2", "target": "e19", "relation": "loves", "timestamp": "NONE"},
    {"source": "e1", "target": "e14", "relation": "loves", "timestamp": "NONE"},
    {"source": "e1", "target": "e12", "relation": "loves", "timestamp": "NONE"},
    {"source": "e1", "target": "e15", "relation": "plans to attend", "timestamp": "NONE"},
    {"source": "e2", "target": "e15", "relation": "plans to attend", "timestamp": "NONE"},
    {"source": "e1", "target": "e13", "relation": "wants to learn", "timestamp": "NONE"},
    {"source": "e2", "target": "e13", "relation": "teaches", "timestamp": "NONE"},
    {"source": "e1", "target": "e16", "relation": "is", "timestamp": "NONE"},
    {"source": "e1", "target": "e17", "relation": "loves", "timestamp": "NONE"},
    {"source": "e1", "target": "e18", "relation": "loves", "timestamp": "NONE"},
    {"source": "e1", "target": "e19", "relation": "loves", "timestamp": "NONE"},
    {"source": "e2", "target": "e17", "relation": "loves", "timestamp": "NONE"},
    {"source": "e2", "target": "e18", "relation": "loves", "timestamp": "NONE"},
    {"source": "e2", "target": "e19", "relation": "loves", "timestamp": "NONE"},
    {"source": "e1", "target": "e14", "relation": "loves", "timestamp": "NONE"},
    {"source": "e1", "target": "e12", "relation": "loves", "timestamp": "NONE"},
    {"source": "e1", "target": "e15", "relation": "plans to attend", "timestamp": "NONE"},
    {"source": "e2", "target": "e15", "relation": "plans to attend", "timestamp": "NONE"}
  ],
  "is_qna_pattern": true,
  "is_decision_tree": false,
  "is_entity_centric": true
}

2026-07-02 06:43:13,127 - WARNING - RETRYING #0 Dialogue 864, Session: 4. MSG: Unterminated string starting at: line 58 column 22 (char 6334)
 LLM Response: {
  "topics": ["favorite drink", "screwdriver", "pineapple", "tropical drinks", "summer", "growing fruits", "favorite fruits", "potato chips", "homemade chips", "staying in New York", "pizza place", "staying for 2 weeks"],
  "entities": [
    {"id": "e1", "name": "Speaker 1", "type": "PERSON", "timestamp": "NONE", "properties": ["favorite drink", "loves orange juice", "loves tropical drinks", "loves potato chips", "loves sour cream and onion chips"]},
    {"id": "e2", "name": "Speaker 2", "type": "PERSON", "timestamp": "NONE", "properties": ["likes blueberries", "likes strawberries", "likes apples", "likes potato chips", "likes pizza"]},
    {"id": "e3", "name": "Holiday Inn", "type": "LOCATION", "timestamp": "NONE", "properties": ["near pizza place", "has flatbreads"]},
    {"id": "e4", "name": "New York", "type": "LOCATION", "timestamp": "NONE", "properties": ["has good pizzas"]},
    {"id": "e5", "name": "Sour cream and onion chips", "type": "OBJECT", "timestamp": "NONE", "properties": ["favorite snack"]},
    {"id": "e6", "name": "Flatbreads", "type": "OBJECT", "timestamp": "NONE", "properties": ["made at pizza place"]},
    {"id": "e7", "name": "Pineapple", "type": "OBJECT", "timestamp": "NONE", "properties": ["used in drink"]},
    {"id": "e8", "name": "Blueberries", "type": "OBJECT", "timestamp": "NONE", "properties": ["grown by speaker 2"]},
    {"id": "e9", "name": "Strawberries", "type": "OBJECT", "timestamp": "NONE", "properties": ["grown by speaker 2"]},
    {"id": "e10", "name": "Apples", "type": "OBJECT", "timestamp": "NONE", "properties": ["grown by speaker 2"]},
    {"id": "e11", "name": "Homemade chips", "type": "OBJECT", "timestamp": "NONE", "properties": ["never made by speaker 2"]},
    {"id": "e12", "name": "Pizza place", "type": "LOCATION", "timestamp": "NONE", "properties": ["near holiday inn", "makes flatbreads"]},
    {"id": "e13", "name": "Screwdriver", "type": "OBJECT", "timestamp": "NONE", "properties": ["favorite drink of speaker 1"]},
    {"id": "e14", "name": "Orange juice", "type": "OBJECT", "timestamp": "NONE", "properties": ["used in screwdriver"]},
    {"id": "e15", "name": "Tropical drinks", "type": "ACTIVITY", "timestamp": "NONE", "properties": ["loved by speaker 1"]},
    {"id": "e16", "name": "Summer", "type": "EVENT", "timestamp": "NONE", "properties": ["associated with tropical drinks"]},
    {"id": "e17", "name": "Farming", "type": "ACTIVITY", "timestamp": "NONE", "properties": ["done by speaker 2"]},
    {"id": "e18", "name": "Airport", "type": "LOCATION", "timestamp": "NONE", "properties": ["pickup point for speaker 2"]},
    {"id": "e19", "name": "Train station", "type": "LOCATION", "timestamp": "NONE", "properties": ["pickup point for speaker 2"]},
    {"id": "e20", "name": "2 weeks", "type": "TIME", "timestamp": "NONE", "properties": ["staying period for speaker 2"]},
    {"id": "e21", "name": "Visit", "type": "ACTIVITY", "timestamp": "NONE", "properties": ["suggested by speaker 2"]},
    {"id": "e22", "name": "Pickup", "type": "ACTIVITY", "timestamp": "NONE", "properties": ["offered by speaker 2"]},
    {"id": "e23", "name": "Flatbreads", "type": "OBJECT", "timestamp": "NONE", "properties": ["made at pizza place"]},
    {"id": "e24", "name": "Pizza", "type": "OBJECT", "timestamp": "NONE", "properties": ["associated with New York"]},
    {"id": "e25", "name": "Sour cream and onion", "type": "OBJECT", "timestamp": "NONE", "properties": ["favorite flavor of speaker 1"]},
    {"id": "e26", "name": "Homemade", "type": "CONCEPT", "timestamp": "NONE", "properties": ["never made by speaker 2"]},
    {"id": "e27", "name": "Screwdriver", "type": "ACTIVITY", "timestamp": "NONE", "properties": ["loved by speaker 1"]},
    {"id": "e28", "name": "Orange juice", "type": "ACTIVITY", "timestamp": "NONE", "properties": ["used in screwdriver"]},
    {"id": "e29", "name": "Tropical drinks", "type": "ACTIVITY", "timestamp": "NONE", "properties": ["loved by speaker 1"]},
    {"id": "e30", "name": "Summer", "type": "EVENT", "timestamp": "NONE", "properties": ["associated with tropical drinks"]},
    {"id": "e31", "name": "Farming", "type": "ACTIVITY", "timestamp": "NONE", "properties": ["done by speaker 2"]},
    {"id": "e32", "name": "Airport", "type": "LOCATION", "timestamp": "NONE", "properties": ["pickup point for speaker 2"]},
    {"id": "e33", "name": "Train station", "type": "LOCATION", "timestamp": "NONE", "properties": ["pickup point for speaker 2"]},
    {"id": "e34", "name": "2 weeks", "type": "TIME", "timestamp": "NONE", "properties": ["staying period for speaker 2"]},
    {"id": "e35", "name": "Visit", "type": "ACTIVITY", "timestamp": "NONE", "properties": ["suggested by speaker 2"]},
    {"id": "e36", "name": "Pickup", "type": "ACTIVITY", "timestamp": "NONE", "properties": ["offered by speaker 2"]},
    {"id": "e37", "name": "Flatbreads", "type": "OBJECT", "timestamp": "NONE", "properties": ["made at pizza place"]},
    {"id": "e38", "name": "Pizza", "type": "OBJECT", "timestamp": "NONE", "properties": ["associated with New York"]},
    {"id": "e39", "name": "Sour cream and onion", "type": "OBJECT", "timestamp": "NONE", "properties": ["favorite flavor of speaker 1"]},
    {"id": "e40", "name": "Homemade", "type": "CONCEPT", "timestamp": "NONE", "properties": ["never made by speaker 2"]}
  ],
  "relations": [
    {"source": "e1", "target": "e3", "relation": "loves", "timestamp": "NONE"},
    {"source": "e1", "target": "e4", "relation": "loves", "timestamp": "NONE"},
    {"source": "e1", "target": "e5", "relation": "loves", "timestamp": "NONE"},
    {"source": "e1", "target": "e25", "relation": "loves", "timestamp": "NONE"},
    {"source": "e2", "target": "e8", "relation": "likes", "timestamp": "NONE"},
    {"source": "e2", "target": "e9", "relation": "likes", "timestamp": "NONE"},
    {"source": "e2", "target": "e10", "relation": "likes", "timestamp": "NONE"},
    {"source": "e2", "target": "e36", "relation": "likes", "timestamp": "NONE"},
    {"source": "e2", "target": "e4", "relation": "likes", "timestamp": "NONE"},
    {"source": "e2", "target": "e35", "relation": "likes", "timestamp": "NONE"},
    {"source": "e2", "target": "e36", "relation": "likes", "timestamp": "NONE"},
    {"source": "e2", "target": "e37", "relation": "likes", "timestamp": "NONE"},
    {"source": "e2", "target

2026-07-02 06:43:27,442 - WARNING - RETRYING #5 Dialogue 865, Session: 4. MSG: Expecting property name enclosed in double quotes: line 344 column 31 (char 6812)
 LLM Response: {
  "topics": [
    "tickets for festival",
    "tickets for festival",
    "tickets for festival",
    "tickets for festival",
    "tickets for festival",
    "tickets for festival",
    "tickets for festival",
    "tickets for festival",
    "tickets for festival",
    "tickets for festival",
    "tickets for festival",
    "tickets for festival"
  ],
  "entities": [
    {
      "id": "e1",
      "name": "Speaker 1",
      "type": "PERSON",
      "timestamp": "NONE",
      "properties": ["role", "activity"]
    },
    {
      "id": "e2",
      "name": "Speaker 2",
      "type": "PERSON",
      "timestamp": "NONE",
      "properties": ["role", "activity"]
    },
    {
      "id": "e3",
      "name": "Cherry Blossom Festival",
      "type": "EVENT",
      "timestamp": "NONE",
      "properties": ["type", "location"]
    },
    {
      "id": "e4",
      "name": "Pointview Park",
      "type": "LOCATION",
      "timestamp": "NONE",
      "properties": ["type", "location"]
    },
    {
      "id": "e5",
      "name": "Fried Apple Fritters",
      "type": "OBJECT",
      "timestamp": "NONE",
      "properties": ["type", "food"]
    },
    {
      "id": "e6",
      "name": "Funnel Cake",
      "type": "OBJECT",
      "timestamp": "NONE",
      "properties": ["type", "food"]
    },
    {
      "id": "e7",
      "name": "Knott's Berry Farm",
      "type": "LOCATION",
      "timestamp": "NONE",
      "properties": ["type", "location"]
    },
    {
      "id": "e8",
      "name": "Amusement Park",
      "type": "LOCATION",
      "timestamp": "NONE",
      "properties": ["type", "location"]
    },
    {
      "id": "e9",
      "name": "Roller Coaster",
      "type": "OBJECT",
      "timestamp": "NONE",
      "properties": ["type", "activity"]
    },
    {
      "id": "e10",
      "name": "Steel Track Coaster",
      "type": "OBJECT",
      "timestamp": "NONE",
      "properties": ["type", "activity"]
    }
  ],
  "relations": [
    {
      "source": "e1",
      "target": "e3",
      "relation": "attending",
      "timestamp": "NONE"
    },
    {
      "source": "e2",
      "target": "e3",
      "relation": "attending",
      "timestamp": "NONE"
    },
    {
      "source": "e2",
      "target": "e4",
      "relation": "visited",
      "timestamp": "NONE"
    },
    {
      "source": "e2",
      "target": "e5",
      "relation": "eaten",
      "timestamp": "NONE"
    },
    {
      "source": "e2",
      "target": "e4",
      "relation": "spend time",
      "timestamp": "NONE"
    },
    {
      "source": "e2",
      "target": "e4",
      "relation": "visited",
      "timestamp": "NONE"
    },
    {
      "source": "e2",
      "target": "e4",
      "relation": "spend time",
      "timestamp": "NONE"
    },
    {
      "source": "e2",
      "target": "e4",
      "relation": "visited",
      "timestamp": "NONE"
    },
    {
      "source": "e2",
      "target": "e4",
      "relation": "spend time",
      "timestamp": "NONE"
    },
    {
      "source": "e2",
      "target": "e4",
      "relation": "visited",
      "timestamp": "NONE"
    },
    {
      "source": "e2",
      "target": "e4",
      "relation": "spend time",
      "timestamp": "NONE"
    },
    {
      "source": "e2",
      "target": "e3",
      "relation": "attending",
      "timestamp": "NONE"
    },
    {
      "source": "e2",
      "target": "e3",
      "relation": "attending",
      "timestamp": "NONE"
    },
    {
      "source": "e2",
      "target": "e3",
      "relation": "attending",
      "timestamp": "NONE"
    },
    {
      "source": "e2",
      "target": "e3",
      "relation": "attending",
      "timestamp": "NONE"
    },
    {
      "source": "e2",
      "target": "e3",
      "relation": "attending",
      "timestamp": "NONE"
    },
    {
      "source": "e2",
      "target": "e3",
      "relation": "attending",
      "timestamp": "NONE"
    },
    {
      "source": "e2",
      "target": "e3",
      "relation": "attending",
      "timestamp": "NONE"
    },
    {
      "source": "e2",
      "target": "e3",
      "relation": "attending",
      "timestamp": "NONE"
    },
    {
      "source": "e2",
      "target": "e3",
      "relation": "attending",
      "timestamp": "NONE"
    },
    {
      "source": "e2",
      "target": "e3",
      "relation": "attending",
      "timestamp": "NONE"
    },
    {
      "source": "e2",
      "target": "e3",
      "relation": "attending",
      "timestamp": "NONE"
    },
    {
      "source": "e2",
      "target": "e3",
      "relation": "attending",
      "timestamp": "NONE"
    },
    {
      "source": "e2",
      "target": "e3",
      "relation": "attending",
      "timestamp": "NONE"
    },
    {
      "source": "e2",
      "target": "e3",
      "relation": "attending",
      "timestamp": "NONE"
    },
    {
      "source": "e2",
      "target": "e3",
      "relation": "attending",
      "timestamp": "NONE"
    },
    {
      "source": "e2",
      "target": "e3",
      "relation": "attending",
      "timestamp": "NONE"
    },
    {
      "source": "e2",
      "target": "e3",
      "relation": "attending",
      "timestamp": "NONE"
    },
    {
      "source": "e2",
      "target": "e3",
      "relation": "attending",
      "timestamp": "NONE"
    },
    {
      "source": "e2",
      "target": "e3",
      "relation": "attending",
      "timestamp": "NONE"
    },
    {
      "source": "e2",
      "target": "e3",
      "relation": "attending",
      "timestamp": "NONE"
    },
    {
      "source": "e2",
      "target": "e3",
      "relation": "attending",
      "timestamp": "NONE"
    },
    {
      "source": "e2",
      "target": "e3",
      "relation": "attending",
      "timestamp": "NONE"
    },
    {
      "source": "e2",
      "target": "e3",
      "relation": "attending",
      "timestamp": "NONE"
    },
    {
      "source": "e2",
      "target": "e3",
      "relation": "attending",
      "timestamp": "NONE"
    },
    {
      "source": "e2",
      "target": "e3",
      "relation": "attending",
      "timestamp": "NONE"
    },
    {
      "source": "e2",
      "target": "e3",
      "relation": "attending",
      "timestamp": "NONE"
    },
    {
      "source": "e2",
      "target": "e3",
      "relation": "attending",
      "timestamp": "NONE"
    },
    {
      "source": "e2",
      "target": "e3",
      "relation": "attending",
      "timestamp": "NONE"
    },
    {
      "source": "e2",
      "target": "e3",
      "relation": "attending",
      "timestamp": "NONE"
    },
    {
      "source": "e2",
      "target": "e3",
      "relation": "attending",
      "timestamp": "NONE"
    },
    {
      "source": "e2",
      "target": "e3",
      "relation": "attending",
      "timestamp": "NONE"
    },
    {
      "source": "e2",
      "target": "e3",
      "relation": "attending",

2026-07-02 06:48:15,700 - WARNING - RETRYING #8 Dialogue 872, Session: 0. MSG: Expecting value: line 60 column 50 (char 6171)
 LLM Response: {
  "topics": ["introduce self", "like rap music", "cat likes rap", "cat named ziggy", "cats should meet", "cats meet at park", "pick up cats", "pick up next week", "bring pizza", "love pizza", "origin from somalia", "escape somalia", "happy for escape", "origin from bratislava", "location of bratislava", "live in america"],
  "entities": [
    {"id": "e1", "name": "Speaker 1", "type": "PERSON", "timestamp": "NONE", "properties": ["produces rap music", "likes rap music", "from somalia", "live in america"]},
    {"id": "e2", "name": "Speaker 2", "type": "PERSON", "timestamp": "NONE", "properties": ["likes somalian rap", "from bratislava", "live in america"]},
    {"id": "e3", "name": "Charlie", "type": "ANIMAL", "timestamp": "NONE", "properties": ["likes rap music", "cat"]},
    {"id": "e4", "name": "Ziggy", "type": "ANIMAL", "timestamp": "NONE", "properties": ["likes reggae music", "cat"]},
    {"id": "e5", "name": "Pizza", "type": "OBJECT", "timestamp": "NONE", "properties": ["loved by speaker 1", "loved by speaker 2"]},
    {"id": "e6", "name": "Somalia", "type": "LOCATION", "timestamp": "NONE", "properties": ["origin of speaker 1", "escape from"]},
    {"id": "e7", "name": "Bratislava", "type": "LOCATION", "timestamp": "NONE", "properties": ["origin of speaker 2", "location"]},
    {"id": "e8", "name": "United States", "type": "LOCATION", "timestamp": "NONE", "properties": ["residence of speaker 1 and 2"]},
    {"id": "e9", "name": "Civic", "type": "OBJECT", "timestamp": "NONE", "properties": ["car of speaker 1"]},
    {"id": "e10", "name": "Chevy Impala", "type": "OBJECT", "timestamp": "NONE", "properties": ["car of speaker 2"]},
    {"id": "e11", "name": "Aunt", "type": "PERSON", "timestamp": "NONE", "properties": ["helped speaker 1 escape somalia", "relative of speaker 1"]},
    {"id": "e12", "name": "Rap Battle", "type": "EVENT", "timestamp": "NONE", "properties": ["activity for cats"]},
    {"id": "e13", "name": "Cat Park", "type": "LOCATION", "timestamp": "NONE", "properties": ["location for cats to meet"]},
    {"id": "e14", "name": "Reggae Music", "type": "ACTIVITY", "timestamp": "NONE", "properties": ["liked by ziggy"]},
    {"id": "e15", "name": "Rap Music", "type": "ACTIVITY", "timestamp": "NONE", "properties": ["liked by charlie"]},
    {"id": "e16", "name": "Escape from Somalia", "type": "EVENT", "timestamp": "NONE", "properties": ["experienced by speaker 1", "at age thirteen"]},
    {"id": "e17", "name": "First Food", "type": "EVENT", "timestamp": "NONE", "properties": ["pizza", "first food eaten by speaker 2"]},
    {"id": "e18", "name": "Meeting", "type": "EVENT", "timestamp": "NONE", "properties": ["cats meet at cat park"]},
    {"id": "e19", "name": "Pick Up", "type": "EVENT", "timestamp": "NONE", "properties": ["activity for speaker 1 and 2"]},
    {"id": "e20", "name": "Pizza", "type": "OBJECT", "timestamp": "NONE", "properties": ["loved by speaker 1", "loved by speaker 2"]},
    {"id": "e21", "name": "Rap Battle", "type": "EVENT", "timestamp": "NONE", "properties": ["activity for cats"]},
    {"id": "e22", "name": "Cat Park", "type": "LOCATION", "timestamp": "NONE", "properties": ["location for cats to meet"]},
    {"id": "e23", "name": "Reggae Music", "type": "ACTIVITY", "timestamp": "NONE", "properties": ["liked by ziggy"]},
    {"id": "e24", "name": "Rap Music", "type": "ACTIVITY", "timestamp": "NONE", "properties": ["liked by charlie"]},
    {"id": "e25", "name": "Escape from Somalia", "type": "EVENT", "timestamp": "NONE", "properties": ["experienced by speaker 1", "at age thirteen"]},
    {"id": "e26", "name": "First Food", "type": "EVENT", "timestamp": "NONE", "properties": ["pizza", "first food eaten by speaker 2"]},
    {"id": "e27", "name": "Meeting", "type": "EVENT", "timestamp": "NONE", "properties": ["cats meet at cat park"]},
    {"id": "e28", "name": "Pick Up", "type": "EVENT", "timestamp": "NONE", "properties": ["activity for speaker 1 and 2"]}
  ],
  "relations": [
    {"source": "e1", "target": "e3", "relation": "has cat", "timestamp": "NONE"},
    {"source": "e1", "target": "e4", "relation": "has cat", "timestamp": "NONE"},
    {"source": "e2", "target": "e3", "relation": "has cat", "timestamp": "NONE"},
    {"source": "e2", "target": "e4", "relation": "has cat", "timestamp": "NONE"},
    {"source": "e1", "target": "e5", "relation": "loves", "timestamp": "NONE"},
    {"source": "e2", "target": "e5", "relation": "loves", "timestamp": "NONE"},
    {"source": "e1", "target": "e6", "relation": "from", "timestamp": "NONE"},
    {"source": "e2", "target": "e7", "relation": "from", "timestamp": "NONE"},
    {"source": "e1", "target": "e8", "relation": "live in", "timestamp": "NONE"},
    {"source": "e2", "target": "e8", "relation": "live in", "timestamp": "NONE"},
    {"source": "e1", "target": "e11", "relation": "aunt", "timestamp": "NONE"},
    {"source": "e11", "target": "e6", "relation": "helped escape", "timestamp": "NONE"},
    {"source": "e1", "target": "e12", "relation": "happy for", "timestamp": "NONE"},
    {"source": "e2", "target": "e13", "relation": "from", "timestamp": "NONE"},
    {"source": "e13", "target": "e8", "relation": "location", "timestamp": "NONE"},
    {"source": "e1", "target": "e14", "relation": "loves", "timestamp": "NONE"},
    {"source": "e2", "target": "e15", "relation": "loves", "timestamp": "NONE"},
    {"source": "e1", "target": "e16", "relation": "experienced", "timestamp": "NONE"},
    {"source": "e1", "target": "e17", "relation": "first food", "timestamp": "NONE"},
    {"source": "e2", "target": "e18", "relation": "cats meet", "timestamp": "NONE"},
    {"source": "e1", "target": "e19", "relation": "pick up", "timestamp": "NONE"},
    {"source": "e2", "target": "e19", "relation": "pick up", "timestamp": "NONE"},
    {"source": "e1", "target": "e20", "relation": "loves", "timestamp": "NONE"},
    {"source": "e2", "target": "e20", "relation": "loves", "timestamp": "NONE"},
    {"source": "e1", "target": "e21", "relation": "activity", "timestamp": "NONE"},
    {"source": "e2", "target": "e21", "relation": "activity", "timestamp": "NONE"},
    {"source": "e2", "target": "e22", "relation":

2026-07-02 06:53:08,766 - WARNING - RETRYING #15 Dialogue 876, Session: 3. MSG: Expecting property name enclosed in double quotes: line 55 column 65 (char 6650)
 LLM Response: {
  "topics": ["restaurant", "dish", "Thai food", "Thai food", "coffee", "siblings", "bike", "Thai restaurant", "Thailand", "travel", "cultural immersion", "cultural immersion"],
  "entities": [
    {"id": "e1", "name": "Speaker 1", "type": "PERSON", "timestamp": "NONE", "properties": ["enjoys Thai food", "tried Thai fried rice"]},
    {"id": "e2", "name": "Speaker 2", "type": "PERSON", "timestamp": "NONE", "properties": ["enjoys Thai food", "tried Chicken Pad Thai", "tried Thai Iced Coffee"]},
    {"id": "e3", "name": "Speaker 1's brother", "type": "PERSON", "timestamp": "NONE", "properties": ["enjoys Thai food"]},
    {"id": "e4", "name": "Speaker 1's sisters", "type": "PERSON", "timestamp": "NONE", "properties": ["not mentioned"]},
    {"id": "e5", "name": "Thai restaurant", "type": "LOCATION", "timestamp": "NONE", "properties": ["near home"]},
    {"id": "e6", "name": "Thailand", "type": "LOCATION", "timestamp": "NONE", "properties": ["has coffee villages", "has authentic dishes"]},
    {"id": "e7", "name": "Coffee", "type": "OBJECT", "timestamp": "NONE", "properties": ["slow drip brew", "sweet and smooth"]},
    {"id": "e8", "name": "Mexico", "type": "LOCATION", "timestamp": "NONE", "properties": ["has local families", "has cultural immersion"]},
    {"id": "e9", "name": "Bike", "type": "OBJECT", "timestamp": "NONE", "properties": ["bought two days ago"]},
    {"id": "e10", "name": "Travel", "type": "ACTIVITY", "timestamp": "NONE", "properties": ["cultural immersion", "experience"]},
    {"id": "e11", "name": "High school", "type": "EVENT", "timestamp": "NONE", "properties": ["traveled to Mexico"]},
    {"id": "e12", "name": "Local family", "type": "ORGANIZATION", "timestamp": "NONE", "properties": ["hosts travelers"]},
    {"id": "e13", "name": "Thai fried rice", "type": "OBJECT", "timestamp": "NONE", "properties": ["simple plate"]},
    {"id": "e14", "name": "Chicken Pad Thai", "type": "OBJECT", "timestamp": "NONE", "properties": ["dish"]},
    {"id": "e15", "name": "Coconut sticky rice", "type": "OBJECT", "timestamp": "NONE", "properties": ["dish"]},
    {"id": "e16", "name": "Thai Iced Coffee", "type": "OBJECT", "timestamp": "NONE", "properties": ["sweet and smooth"]},
    {"id": "e17", "name": "Coffee villages", "type": "LOCATION", "timestamp": "NONE", "properties": ["grow coffee on mountain sides"]},
    {"id": "e18", "name": "Drip brew", "type": "ACTIVITY", "timestamp": "NONE", "properties": ["slow"]},
    {"id": "e19", "name": "Authentic dishes", "type": "CONCEPT", "timestamp": "NONE", "properties": ["try different regions"]},
    {"id": "e20", "name": "Cultural immersion", "type": "ACTIVITY", "timestamp": "NONE", "properties": ["eye opening experience"]},
    {"id": "e21", "name": "Local family", "type": "ORGANIZATION", "timestamp": "NONE", "properties": ["hosts travelers"]},
    {"id": "e22", "name": "Travel to Mexico", "type": "EVENT", "timestamp": "NONE", "properties": ["high school"]},
    {"id": "e23", "name": "Cultural experience", "type": "CONCEPT", "timestamp": "NONE", "properties": ["learn about new cultures"]},
    {"id": "e24", "name": "Travel with someone", "type": "ACTIVITY", "timestamp": "NONE", "properties": ["travel to Thailand"]},
    {"id": "e25", "name": "Travel to Thailand", "type": "EVENT", "timestamp": "NONE", "properties": ["plan trip"]},
    {"id": "e26", "name": "Travel to Thailand", "type": "EVENT", "timestamp": "NONE", "properties": ["cultural immersion"]},
    {"id": "e27", "name": "Travel to Thailand", "type": "EVENT", "timestamp": "NONE", "properties": ["cultural immersion"]},
    {"id": "e28", "name": "Travel to Thailand", "type": "EVENT", "timestamp": "NONE", "properties": ["cultural immersion"]},
    {"id": "e29", "name": "Travel to Thailand", "type": "EVENT", "timestamp": "NONE", "properties": ["cultural immersion"]},
    {"id": "e30", "name": "Travel to Thailand", "type": "EVENT", "timestamp": "NONE", "properties": ["cultural immersion"]},
    {"id": "e31", "name": "Travel to Thailand", "type": "EVENT", "timestamp": "NONE", "properties": ["cultural immersion"]},
    {"id": "e32", "name": "Travel to Thailand", "type": "EVENT", "timestamp": "NONE", "properties": ["cultural immersion"]},
    {"id": "e33", "name": "Travel to Thailand", "type": "EVENT", "timestamp": "NONE", "properties": ["cultural immersion"]},
    {"id": "e34", "name": "Travel to Thailand", "type": "EVENT", "timestamp": "NONE", "properties": ["cultural immersion"]},
    {"id": "e35", "name": "Travel to Thailand", "type": "EVENT", "timestamp": "NONE", "properties": ["cultural immersion"]},
    {"id": "e36", "name": "Travel to Thailand", "type": "EVENT", "timestamp": "NONE", "properties": ["cultural immersion"]},
    {"id": "e37", "name": "Travel to Thailand", "type": "EVENT", "timestamp": "NONE", "properties": ["cultural immersion"]},
    {"id": "e38", "name": "Travel to Thailand", "type": "EVENT", "timestamp": "NONE", "properties": ["cultural immersion"]},
    {"id": "e39", "name": "Travel to Thailand", "type": "EVENT", "timestamp": "NONE", "properties": ["cultural immersion"]},
    {"id": "e40", "name": "Travel to Thailand", "type": "EVENT", "timestamp": "NONE", "properties": ["cultural immersion"]},
    {"id": "e41", "name": "Travel to Thailand", "type": "EVENT", "timestamp": "NONE", "properties": ["cultural immersion"]},
    {"id": "e42", "name": "Travel to Thailand", "type": "EVENT", "timestamp": "NONE", "properties": ["cultural immersion"]},
    {"id": "e43", "name": "Travel to Thailand", "type": "EVENT", "timestamp": "NONE", "properties": ["cultural immersion"]},
    {"id": "e44", "name": "Travel to Thailand", "type": "EVENT", "timestamp": "NONE", "properties": ["cultural immersion"]},
    {"id": "e45", "name": "Travel to Thailand", "type": "EVENT", "timestamp": "NONE", "properties": ["cultural immersion"]},
    {"id": "e46", "name": "Travel to Thailand", "type": "EVENT", "timestamp": "NONE", "properties": ["cultural immersion"]},
    {"id": "e47", "name": "Travel to Thailand", "type": "EVENT", "timestamp": "NONE", "properties": ["cultural immersion"]},
    {"id": "e48", "name": "Travel to Thailand", "type": "EVENT", "timestamp": "NONE", "properties": ["cultural immersion"]},
    {"id": "e49", "name": "Travel to Thailand", "type": "EVENT", "timestamp": "NONE", "properties": ["cultural immersion"]},
    {"id": "e50", "name": "Travel to Thailand", "type": "EVENT", "timestamp": "NONE", "properties": ["cultural immersion"]},
    {"id": "e51", "name": "Travel to Thailand", "type": "EVENT", "timestamp": "NONE", "properties": ["cultural immersion"]},
    {"id": "e52", "name": "Travel to Thailand", "type": "EVENT",

2026-07-02 07:39:59,825 - WARNING - RETRYING #10 Dialogue 962, Session: 0. MSG: Unterminated string starting at: line 300 column 15 (char 6927)
 LLM Response: {
  "topics": ["greeting", "sleeping", "waking up", "surfing", "dog videos", "dog memes", "brother", "sisters", "cats", "boys", "girls", "fridge", "tacos", "pizza", "anchovies"],
  "entities": [
    {
      "id": "e1",
      "name": "Speaker 1",
      "type": "PERSON",
      "timestamp": "NONE",
      "properties": ["role", "activity"]
    },
    {
      "id": "e2",
      "name": "Speaker 2",
      "type": "PERSON",
      "timestamp": "NONE",
      "properties": ["role", "activity"]
    },
    {
      "id": "e3",
      "name": "Speaker 1's brother",
      "type": "PERSON",
      "timestamp": "NONE",
      "properties": ["relationship", "interest"]
    },
    {
      "id": "e4",
      "name": "Speaker 1's sisters",
      "type": "PERSON",
      "timestamp": "NONE",
      "properties": ["relationship", "interest"]
    },
    {
      "id": "e5",
      "name": "Speaker 1",
      "type": "PERSON",
      "timestamp": "NONE",
      "properties": ["role", "activity"]
    },
    {
      "id": "e6",
      "name": "Speaker 2",
      "type": "PERSON",
      "timestamp": "NONE",
      "properties": ["role", "activity"]
    },
    {
      "id": "e7",
      "name": "Speaker 1's brother",
      "type": "PERSON",
      "timestamp": "NONE",
      "properties": ["relationship", "interest"]
    },
    {
      "id": "e8",
      "name": "Speaker 1's sisters",
      "type": "PERSON",
      "timestamp": "NONE",
      "properties": ["relationship", "interest"]
    },
    {
      "id": "e9",
      "name": "Speaker 1",
      "type": "PERSON",
      "timestamp": "NONE",
      "properties": ["role", "activity"]
    },
    {
      "id": "e10",
      "name": "Speaker 2",
      "type": "PERSON",
      "timestamp": "NONE",
      "properties": ["role", "activity"]
    },
    {
      "id": "e11",
      "name": "Speaker 1's brother",
      "type": "PERSON",
      "timestamp": "NONE",
      "properties": ["relationship", "interest"]
    },
    {
      "id": "e12",
      "name": "Speaker 1's sisters",
      "type": "PERSON",
      "timestamp": "NONE",
      "properties": ["relationship", "interest"]
    },
    {
      "id": "e13",
      "name": "Speaker 1",
      "type": "PERSON",
      "timestamp": "NONE",
      "properties": ["role", "activity"]
    },
    {
      "id": "e14",
      "name": "Speaker 2",
      "type": "PERSON",
      "timestamp": "NONE",
      "properties": ["role", "activity"]
    },
    {
      "id": "e15",
      "name": "Speaker 1's brother",
      "type": "PERSON",
      "timestamp": "NONE",
      "properties": ["relationship", "interest"]
    },
    {
      "id": "e16",
      "name": "Speaker 1's sisters",
      "type": "PERSON",
      "timestamp": "NONE",
      "properties": ["relationship", "interest"]
    },
    {
      "id": "e17",
      "name": "Speaker 1",
      "type": "PERSON",
      "timestamp": "NONE",
      "properties": ["role", "activity"]
    },
    {
      "id": "e18",
      "name": "Speaker 2",
      "type": "PERSON",
      "timestamp": "NONE",
      "properties": ["role", "activity"]
    },
    {
      "id": "e19",
      "name": "Speaker 1's brother",
      "type": "PERSON",
      "timestamp": "NONE",
      "properties": ["relationship", "interest"]
    },
    {
      "id": "e20",
      "name": "Speaker 1's sisters",
      "type": "PERSON",
      "timestamp": "NONE",
      "properties": ["relationship", "interest"]
    },
    {
      "id": "e21",
      "name": "Speaker 1",
      "type": "PERSON",
      "timestamp": "NONE",
      "properties": ["role", "activity"]
    },
    {
      "id": "e22",
      "name": "Speaker 2",
      "type": "PERSON",
      "timestamp": "NONE",
      "properties": ["role", "activity"]
    },
    {
      "id": "e23",
      "name": "Speaker 1's brother",
      "type": "PERSON",
      "timestamp": "NONE",
      "properties": ["relationship", "interest"]
    },
    {
      "id": "e24",
      "name": "Speaker 1's sisters",
      "type": "PERSON",
      "timestamp": "NONE",
      "properties": ["relationship", "interest"]
    },
    {
      "id": "e25",
      "name": "Speaker 1",
      "type": "PERSON",
      "timestamp": "NONE",
      "properties": ["role", "activity"]
    },
    {
      "id": "e26",
      "name": "Speaker 2",
      "type": "PERSON",
      "timestamp": "NONE",
      "properties": ["role", "activity"]
    },
    {
      "id": "e27",
      "name": "Speaker 1's brother",
      "type": "PERSON",
      "timestamp": "NONE",
      "properties": ["relationship", "interest"]
    },
    {
      "id": "e28",
      "name": "Speaker 1's sisters",
      "type": "PERSON",
      "timestamp": "NONE",
      "properties": ["relationship", "interest"]
    },
    {
      "id": "e29",
      "name": "Speaker 1",
      "type": "PERSON",
      "timestamp": "NONE",
      "properties": ["role", "activity"]
    },
    {
      "id": "e30",
      "name": "Speaker 2",
      "type": "PERSON",
      "timestamp": "NONE",
      "properties": ["role", "activity"]
    },
    {
      "id": "e31",
      "name": "Speaker 1's brother",
      "type": "PERSON",
      "timestamp": "NONE",
      "properties": ["relationship", "interest"]
    },
    {
      "id": "e32",
      "name": "Speaker 1's sisters",
      "type": "PERSON",
      "timestamp": "NONE",
      "properties": ["relationship", "interest"]
    },
    {
      "id": "e33",
      "name": "Speaker 1",
      "type": "PERSON",
      "timestamp": "NONE",
      "properties": ["role", "activity"]
    },
    {
      "id": "e34",
      "name": "Speaker 2",
      "type": "PERSON",
      "timestamp": "NONE",
      "properties": ["role", "activity"]
    },
    {
      "id": "e35",
      "name": "Speaker 1's brother",
      "type": "PERSON",
      "timestamp": "NONE",
      "properties": ["relationship", "interest"]
    },
    {
      "id": "e36",
      "name": "Speaker 1's sisters",
      "type": "PERSON",
      "timestamp": "NONE",
      "properties": ["relationship", "interest"]
    },
    {
      "id": "e37",
      "name": "Speaker 1",
      "type": "PERSON",
      "timestamp": "NONE",
      "properties": ["role", "activity"]
    },
    {
      "id": "e38",
      "name": "Speaker 2",
      "type": "PERSON",
      "timestamp": "NONE",
      "properties": ["role", "activity"]
    },
    {
      "id": "e39",
      "name": "Speaker 1's brother",
      "type": "PERSON",
      "timestamp": "NONE",
      "properties": ["relationship", "interest"]
    },
    {
      "id": "e40",
      "name": "Speaker 1's sisters",
      "type": "PERSON",
      "timestamp": "NONE",
      "properties": ["relationship", "interest"]
    },
    {
      "id": "e41",
      "name": "Speaker 1",
      "type": "PERSON",
      "timestamp": "NONE",
      "properties": ["role", "activity"]
    },
    {
      "id": "e42",
      "name": "Speaker 2",
      "type": "PERSON",
      "timestamp": "NONE",
      "properties": ["role", "activity"]
    },
    {
      "id": "e43",
      "name": "Speaker

2026-07-02 08:34:56,119 - WARNING - RETRYING #15 Dialogue 444, Session: 3. MSG: Unterminated string starting at: line 355 column 17 (char 6689)
 LLM Response: {
  "topics": [
    "chickens laying eggs",
    "eggs taste comparison",
    "kids love egg color",
    "kids eat eggs",
    "kids like foods",
    "foods for kids",
    "vegan diet",
    "healthy eating",
    "protein needs",
    "vegan protein",
    "nutritional knowledge",
    "raising animals"
  ],
  "entities": [
    {
      "id": "e1",
      "name": "Speaker 1",
      "type": "PERSON",
      "timestamp": "NONE",
      "properties": []
    },
    {
      "id": "e2",
      "name": "Speaker 2",
      "type": "PERSON",
      "timestamp": "NONE",
      "properties": []
    },
    {
      "id": "e3",
      "name": "Kids",
      "type": "CONCEPT",
      "timestamp": "NONE",
      "properties": []
    },
    {
      "id": "e4",
      "name": "Eggs",
      "type": "OBJECT",
      "timestamp": "NONE",
      "properties": []
    },
    {
      "id": "e5",
      "name": "Tofu",
      "type": "OBJECT",
      "timestamp": "NONE",
      "properties": []
    },
    {
      "id": "e6",
      "name": "Vegan diet",
      "type": "CONCEPT",
      "timestamp": "NONE",
      "properties": []
    },
    {
      "id": "e7",
      "name": "Healthy eating",
      "type": "CONCEPT",
      "timestamp": "NONE",
      "properties": []
    },
    {
      "id": "e8",
      "name": "Protein",
      "type": "CONCEPT",
      "timestamp": "NONE",
      "properties": []
    },
    {
      "id": "e9",
      "name": "Farm",
      "type": "LOCATION",
      "timestamp": "NONE",
      "properties": []
    },
    {
      "id": "e10",
      "name": "Track scholarship",
      "type": "EVENT",
      "timestamp": "NONE",
      "properties": []
    }
  ],
  "relations": [
    {
      "source": "e1",
      "target": "e4",
      "relation": "has",
      "timestamp": "NONE"
    },
    {
      "source": "e2",
      "target": "e3",
      "relation": "has",
      "timestamp": "NONE"
    },
    {
      "source": "e2",
      "target": "e4",
      "relation": "eats",
      "timestamp": "NONE"
    },
    {
      "source": "e2",
      "target": "e3",
      "relation": "tries to get",
      "timestamp": "NONE"
    },
    {
      "source": "e2",
      "target": "e3",
      "relation": "likes",
      "timestamp": "NONE"
    },
    {
      "source": "e2",
      "target": "e3",
      "relation": "tries to feed",
      "timestamp": "NONE"
    },
    {
      "source": "e2",
      "target": "e3",
      "relation": "tries to give",
      "timestamp": "NONE"
    },
    {
      "source": "e2",
      "target": "e3",
      "relation": "tries to avoid",
      "timestamp": "NONE"
    },
    {
      "source": "e2",
      "target": "e3",
      "relation": "wants",
      "timestamp": "NONE"
    },
    {
      "source": "e2",
      "target": "e3",
      "relation": "likes",
      "timestamp": "NONE"
    },
    {
      "source": "e2",
      "target": "e3",
      "relation": "tries to eat",
      "timestamp": "NONE"
    },
    {
      "source": "e2",
      "target": "e3",
      "relation": "likes",
      "timestamp": "NONE"
    },
    {
      "source": "e2",
      "target": "e3",
      "relation": "tries to eat",
      "timestamp": "NONE"
    },
    {
      "source": "e2",
      "target": "e3",
      "relation": "likes",
      "timestamp": "NONE"
    },
    {
      "source": "e2",
      "target": "e3",
      "relation": "tries to eat",
      "timestamp": "NONE"
    },
    {
      "source": "e2",
      "target": "e3",
      "relation": "likes",
      "timestamp": "NONE"
    },
    {
      "source": "e2",
      "target": "e3",
      "relation": "tries to eat",
      "timestamp": "NONE"
    },
    {
      "source": "e2",
      "target": "e3",
      "relation": "likes",
      "timestamp": "NONE"
    },
    {
      "source": "e2",
      "target": "e3",
      "relation": "tries to eat",
      "timestamp": "NONE"
    },
    {
      "source": "e2",
      "target": "e3",
      "relation": "likes",
      "timestamp": "NONE"
    },
    {
      "source": "e2",
      "target": "e3",
      "relation": "tries to eat",
      "timestamp": "NONE"
    },
    {
      "source": "e2",
      "target": "e3",
      "relation": "likes",
      "timestamp": "NONE"
    },
    {
      "source": "e2",
      "target": "e3",
      "relation": "tries to eat",
      "timestamp": "NONE"
    },
    {
      "source": "e2",
      "target": "e3",
      "relation": "likes",
      "timestamp": "NONE"
    },
    {
      "source": "e2",
      "target": "e3",
      "relation": "tries to eat",
      "timestamp": "NONE"
    },
    {
      "source": "e2",
      "target": "e3",
      "relation": "likes",
      "timestamp": "NONE"
    },
    {
      "source": "e2",
      "target": "e3",
      "relation": "tries to eat",
      "timestamp": "NONE"
    },
    {
      "source": "e2",
      "target": "e3",
      "relation": "likes",
      "timestamp": "NONE"
    },
    {
      "source": "e2",
      "target": "e3",
      "relation": "tries to eat",
      "timestamp": "NONE"
    },
    {
      "source": "e2",
      "target": "e3",
      "relation": "likes",
      "timestamp": "NONE"
    },
    {
      "source": "e2",
      "target": "e3",
      "relation": "tries to eat",
      "timestamp": "NONE"
    },
    {
      "source": "e2",
      "target": "e3",
      "relation": "likes",
      "timestamp": "NONE"
    },
    {
      "source": "e2",
      "target": "e3",
      "relation": "tries to eat",
      "timestamp": "NONE"
    },
    {
      "source": "e2",
      "target": "e3",
      "relation": "likes",
      "timestamp": "NONE"
    },
    {
      "source": "e2",
      "target": "e3",
      "relation": "tries to eat",
      "timestamp": "NONE"
    },
    {
      "source": "e2",
      "target": "e3",
      "relation": "likes",
      "timestamp": "NONE"
    },
    {
      "source": "e2",
      "target": "e3",
      "relation": "tries to eat",
      "timestamp": "NONE"
    },
    {
      "source": "e2",
      "target": "e3",
      "relation": "likes",
      "timestamp": "NONE"
    },
    {
      "source": "e2",
      "target": "e3",
      "relation": "tries to eat",
      "timestamp": "NONE"
    },
    {
      "source": "e2",
      "target": "e3",
      "relation": "likes",
      "timestamp": "NONE"
    },
    {
      "source": "e2",
      "target": "e3",
      "relation": "tries to eat",
      "timestamp": "NONE"
    },
    {
      "source": "e2",
      "target": "e3",
      "relation": "likes",
      "timestamp": "NONE"
    },
    {
      "source": "e2",
      "target": "e3",
      "relation": "tries to eat",
      "timestamp": "NONE"
    },
    {
      "source": "e2",
      "target": "e3",
      "relation": "likes",
      "timestamp": "NONE"
    },
    {
      "source": "e2",
      "target": "e3

2026-07-02 08:47:19,218 - WARNING - RETRYING #12 Dialogue 456, Session: 4. MSG: Unterminated string starting at: line 329 column 7 (char 6611)
 LLM Response: {
  "topics": [
    "adoption consideration",
    "dog affection",
    "pit bull adoption suitability",
    "pit bull adoption concerns",
    "decision to adopt or foster",
    "exercise and outdoor activities",
    "outdoor exercise challenges",
    "moving to city edge for dog",
    "fostering dogs benefits",
    "fostering experience",
    "dog leaving and adoption",
    "camping and outdoor activities"
  ],
  "entities": [
    {
      "id": "e1",
      "name": "Speaker 1",
      "type": "PERSON",
      "timestamp": "NONE",
      "properties": []
    },
    {
      "id": "e2",
      "name": "Speaker 2",
      "type": "PERSON",
      "timestamp": "NONE",
      "properties": []
    },
    {
      "id": "e3",
      "name": "Pitbull",
      "type": "ANIMAL",
      "timestamp": "NONE",
      "properties": []
    },
    {
      "id": "e4",
      "name": "Local Shelter",
      "type": "ORGANIZATION",
      "timestamp": "NONE",
      "properties": []
    },
    {
      "id": "e5",
      "name": "Speaker 2's Aunt",
      "type": "PERSON",
      "timestamp": "NONE",
      "properties": []
    },
    {
      "id": "e6",
      "name": "Speaker 2's Dog",
      "type": "ANIMAL",
      "timestamp": "NONE",
      "properties": []
    },
    {
      "id": "e7",
      "name": "Speaker 2's Dog",
      "type": "ANIMAL",
      "timestamp": "NONE",
      "properties": []
    },
    {
      "id": "e8",
      "name": "Speaker 2's Dog",
      "type": "ANIMAL",
      "timestamp": "NONE",
      "properties": []
    },
    {
      "id": "e9",
      "name": "Speaker 2's Dog",
      "type": "ANIMAL",
      "timestamp": "NONE",
      "properties": []
    },
    {
      "id": "e10",
      "name": "Speaker 2's Dog",
      "type": "ANIMAL",
      "timestamp": "NONE",
      "properties": []
    },
    {
      "id": "e11",
      "name": "Speaker 2's Dog",
      "type": "ANIMAL",
      "timestamp": "NONE",
      "properties": []
    },
    {
      "id": "e12",
      "name": "Speaker 2's Dog",
      "type": "ANIMAL",
      "timestamp": "NONE",
      "properties": []
    },
    {
      "id": "e13",
      "name": "Speaker 2's Dog",
      "type": "ANIMAL",
      "timestamp": "NONE",
      "properties": []
    },
    {
      "id": "e14",
      "name": "Speaker 2's Dog",
      "type": "ANIMAL",
      "timestamp": "NONE",
      "properties": []
    },
    {
      "id": "e15",
      "name": "Speaker 2's Dog",
      "type": "ANIMAL",
      "timestamp": "NONE",
      "properties": []
    },
    {
      "id": "e16",
      "name": "Speaker 2's Dog",
      "type": "ANIMAL",
      "timestamp": "NONE",
      "properties": []
    },
    {
      "id": "e17",
      "name": "Speaker 2's Dog",
      "type": "ANIMAL",
      "timestamp": "NONE",
      "properties": []
    },
    {
      "id": "e18",
      "name": "Speaker 2's Dog",
      "type": "ANIMAL",
      "timestamp": "NONE",
      "properties": []
    },
    {
      "id": "e19",
      "name": "Speaker 2's Dog",
      "type": "ANIMAL",
      "timestamp": "NONE",
      "properties": []
    },
    {
      "id": "e20",
      "name": "Speaker 2's Dog",
      "type": "ANIMAL",
      "timestamp": "NONE",
      "properties": []
    },
    {
      "id": "e21",
      "name": "Speaker 2's Dog",
      "type": "ANIMAL",
      "timestamp": "NONE",
      "properties": []
    },
    {
      "id": "e22",
      "name": "Speaker 2's Dog",
      "type": "ANIMAL",
      "timestamp": "NONE",
      "properties": []
    },
    {
      "id": "e23",
      "name": "Speaker 2's Dog",
      "type": "ANIMAL",
      "timestamp": "NONE",
      "properties": []
    },
    {
      "id": "e24",
      "name": "Speaker 2's Dog",
      "type": "ANIMAL",
      "timestamp": "NONE",
      "properties": []
    },
    {
      "id": "e25",
      "name": "Speaker 2's Dog",
      "type": "ANIMAL",
      "timestamp": "NONE",
      "properties": []
    },
    {
      "id": "e26",
      "name": "Speaker 2's Dog",
      "type": "ANIMAL",
      "timestamp": "NONE",
      "properties": []
    },
    {
      "id": "e27",
      "name": "Speaker 2's Dog",
      "type": "ANIMAL",
      "timestamp": "NONE",
      "properties": []
    },
    {
      "id": "e28",
      "name": "Speaker 2's Dog",
      "type": "ANIMAL",
      "timestamp": "NONE",
      "properties": []
    },
    {
      "id": "e29",
      "name": "Speaker 2's Dog",
      "type": "ANIMAL",
      "timestamp": "NONE",
      "properties": []
    },
    {
      "id": "e30",
      "name": "Speaker 2's Dog",
      "type": "ANIMAL",
      "timestamp": "NONE",
      "properties": []
    },
    {
      "id": "e31",
      "name": "Speaker 2's Dog",
      "type": "ANIMAL",
      "timestamp": "NONE",
      "properties": []
    },
    {
      "id": "e32",
      "name": "Speaker 2's Dog",
      "type": "ANIMAL",
      "timestamp": "NONE",
      "properties": []
    },
    {
      "id": "e33",
      "name": "Speaker 2's Dog",
      "type": "ANIMAL",
      "timestamp": "NONE",
      "properties": []
    },
    {
      "id": "e34",
      "name": "Speaker 2's Dog",
      "type": "ANIMAL",
      "timestamp": "NONE",
      "properties": []
    },
    {
      "id": "e35",
      "name": "Speaker 2's Dog",
      "type": "ANIMAL",
      "timestamp": "NONE",
      "properties": []
    },
    {
      "id": "e36",
      "name": "Speaker 2's Dog",
      "type": "ANIMAL",
      "timestamp": "NONE",
      "properties": []
    },
    {
      "id": "e37",
      "name": "Speaker 2's Dog",
      "type": "ANIMAL",
      "timestamp": "NONE",
      "properties": []
    },
    {
      "id": "e38",
      "name": "Speaker 2's Dog",
      "type": "ANIMAL",
      "timestamp": "NONE",
      "properties": []
    },
    {
      "id": "e39",
      "name": "Speaker 2's Dog",
      "type": "ANIMAL",
      "timestamp": "NONE",
      "properties": []
    },
    {
      "id": "e40",
      "name": "Speaker 2's Dog",
      "type": "ANIMAL",
      "timestamp": "NONE",
      "properties": []
    },
    {
      "id": "e41",
      "name": "Speaker 2's Dog",
      "type": "ANIMAL",
      "timestamp": "NONE",
      "properties": []
    },
    {
      "id": "e42",
      "name": "Speaker 2's Dog",
      "type": "ANIMAL",
      "timestamp": "NONE",
      "properties": []
    },
    {
      "id": "e43",
      "name": "Speaker 2's Dog",
      "type": "ANIMAL",
      "timestamp": "NONE",
      "properties": []
    },
    {
      "id": "e44",
      "name": "Speaker 2's Dog",
      "type": "ANIMAL",
      "timestamp": "NONE",
      "properties": []
    },
    {
      "id": "e45",
      "name": "Speaker 2's Dog",
      "type": "ANIMAL",
      "timestamp

2026-07-02 08:47:47,436 - ERROR - #12 Dialogue 456, Session: 4 data extraction failed. MSG: Expecting value: line 1 column 2744 (char 2743)
 LLM Response: {"topics": ["adoption consideration", "dog affection", "pit bull adoption suitability", "pit bull adoption issues", "adoption decision hesitation", "exercise and outdoor activities", "dog adoption location", "dog adoption and exercise", "fostering dogs", "fostering experience", "dog adoption and camping", "camping and dog activities"], "entities": [{"id": "e1", "name": "Speaker 1", "type": "PERSON", "timestamp": "NONE", "properties": ["considering adoption"]}, {"id": "e2", "name": "Speaker 2", "type": "PERSON", "timestamp": "NONE", "properties": ["loves dogs", "has pit bull"]}, {"id": "e3", "name": "Pit Bull", "type": "ANIMAL", "timestamp": "NONE", "properties": ["dog", "friendly"]}, {"id": "e4", "name": "Local Shelter", "type": "ORGANIZATION", "timestamp": "NONE", "properties": ["dog shelter"]}, {"id": "e5", "name": "Speaker 1's Area", "type": "LOCATION", "timestamp": "NONE", "properties": ["safe for pit bull"]}, {"id": "e6", "name": "Fostering", "type": "ACTIVITY", "timestamp": "NONE", "properties": ["temporary care"]}, {"id": "e7", "name": "Speaker 2's Aunt", "type": "PERSON", "timestamp": "NONE", "properties": ["breeder"]}, {"id": "e8", "name": "Camping", "type": "ACTIVITY", "timestamp": "NONE", "properties": ["outdoor activity"]}, {"id": "e9", "name": "Mountains", "type": "LOCATION", "timestamp": "NONE", "properties": ["natural landscape"]}, {"id": "e10", "name": "Stream", "type": "LOCATION", "timestamp": "NONE", "properties": ["natural water source"]}, {"id": "e11", "name": "Campfire", "type": "ACTIVITY", "timestamp": "NONE", "properties": ["outdoor activity"]}, {"id": "e12", "name": "Waterfalls", "type": "LOCATION", "timestamp": "NONE", "properties": ["natural water feature"]}], "relations": [{"source": "e1", "target": "e3", "relation": "considering adoption of", "timestamp": "NONE"}, {"source": "e2", "target": "e3", "relation": "owns", "timestamp": "NONE"}, {"source": "e2", "target": "e4", "relation": "visits", "timestamp": "NONE"}, {"source": "e1", "target": "e5", "relation": "lives in", "timestamp": "NONE"}, {"source": "e1", "target": "e6", "relation": "considering", "timestamp": "NONE"}, {"source": "e2", "target": "e7", "relation": "has aunt", "timestamp": "NONE"}, {"source": "e1", "target": "e8", "relation": "interested in", "timestamp": "NONE"}, {"source": "e1", "target": "e9", "relation": "interested in", "timestamp": "NONE"}, {"source": "e1", "target": "e10", "relation": "interested in", "timestamp": "NONE"}, {"source": "e1", "target": "e11", "relation": "interested in", "timestamp": "NONE"}, {"source": "e1", "target": "e12", "relation": "interested in", "timestamp": "NONE"}, {"source": "e2", "target": "e12", "relation": "has waterfalls", "timestamp": "NONE"}], "is_qna_pattern": False, "is_decision_tree": False, "is_entity_centric": True}

2026-07-02 09:14:48,719 - WARNING - RETRYING #5 Dialogue 487, Session: 2. MSG: Unterminated string starting at: line 53 column 27 (char 6449)
 LLM Response: {
  "topics": ["beach incident", "injuries", "kite incident", "lifeguarding", "adventures", "swimsuit mishaps", "job criticism", "zoo interest", "animal affection", "pet animals", "kindness", "humor"],
  "entities": [
    {"id": "e1", "name": "Speaker 1", "type": "PERSON", "timestamp": "NONE", "properties": ["occupation: lifeguard", "hobbies: flying kites"]},
    {"id": "e2", "name": "Speaker 2", "type": "PERSON", "timestamp": "NONE", "properties": ["occupation: lifeguard", "hobbies: zoo work"]},
    {"id": "e3", "name": "Lilith", "type": "ANIMAL", "timestamp": "NONE", "properties": ["type: monkey", "special place in heart"]},
    {"id": "e4", "name": "Rococo", "type": "ANIMAL", "timestamp": "NONE", "properties": ["type: raccoon", "found in garbage can"]},
    {"id": "e5", "name": "bearded dragon", "type": "ANIMAL", "timestamp": "NONE", "properties": ["type: reptile", "rescued"]},
    {"id": "e6", "name": "kite", "type": "OBJECT", "timestamp": "NONE", "properties": ["crashed into speaker 1", "flew during gust of wind"]},
    {"id": "e7", "name": "beach", "type": "LOCATION", "timestamp": "NONE", "properties": ["location of incident"]},
    {"id": "e8", "name": "zoo", "type": "LOCATION", "timestamp": "NONE", "properties": ["location of speaker 2's work"]},
    {"id": "e9", "name": "garbage can", "type": "OBJECT", "timestamp": "NONE", "properties": ["location where Rococo was found"]},
    {"id": "e10", "name": "purple belt", "type": "OBJECT", "timestamp": "NONE", "properties": ["used for kicking people"]},
    {"id": "e11", "name": "swimsuit mishaps", "type": "EVENT", "timestamp": "NONE", "properties": ["embarrassing incidents"]},
    {"id": "e12", "name": "kite crashing", "type": "EVENT", "timestamp": "NONE", "properties": ["incident involving kite and speaker 1"]},
    {"id": "e13", "name": "gust of wind", "type": "EVENT", "timestamp": "NONE", "properties": ["caused kite to fly away"]},
    {"id": "e14", "name": "lifeguard duty", "type": "ACTIVITY", "timestamp": "NONE", "properties": ["speaker 1's job"]},
    {"id": "e15", "name": "zoo work", "type": "ACTIVITY", "timestamp": "NONE", "properties": ["speaker 2's job"]},
    {"id": "e16", "name": "saving animals", "type": "ACTIVITY", "timestamp": "NONE", "properties": ["speaker 1's work"]},
    {"id": "e17", "name": "saving humans", "type": "ACTIVITY", "timestamp": "NONE", "properties": ["speaker 2's work"]},
    {"id": "e18", "name": "kicking people", "type": "ACTIVITY", "timestamp": "NONE", "properties": ["speaker 2's action"]},
    {"id": "e19", "name": "humor", "type": "CONCEPT", "timestamp": "NONE", "properties": ["used throughout conversation"]},
    {"id": "e20", "name": "kindness", "type": "CONCEPT", "timestamp": "NONE", "properties": ["exhibited by speaker 2"]},
    {"id": "e21", "name": "embarrassment", "type": "CONCEPT", "timestamp": "NONE", "properties": ["associated with swimsuit mishaps"]},
    {"id": "e22", "name": "interest", "type": "CONCEPT", "timestamp": "NONE", "properties": ["expressed in conversation"]},
    {"id": "e23", "name": "rescues", "type": "CONCEPT", "timestamp": "NONE", "properties": ["associated with Rococo and bearded dragon"]},
    {"id": "e24", "name": "animals", "type": "CONCEPT", "timestamp": "NONE", "properties": ["mentioned in conversation"]},
    {"id": "e25", "name": "humor", "type": "CONCEPT", "timestamp": "NONE", "properties": ["used throughout conversation"]},
    {"id": "e26", "name": "friendship", "type": "CONCEPT", "timestamp": "NONE", "properties": ["exhibited between speakers"]},
    {"id": "e27", "name": "laughter", "type": "CONCEPT", "timestamp": "NONE", "properties": ["expressed in conversation"]},
    {"id": "e28", "name": "adventures", "type": "CONCEPT", "timestamp": "NONE", "properties": ["mentioned in conversation"]},
    {"id": "e29", "name": "entertainment", "type": "CONCEPT", "timestamp": "NONE", "properties": ["associated with conversation"]},
    {"id": "e30", "name": "humor", "type": "CONCEPT", "timestamp": "NONE", "properties": ["used throughout conversation"]},
    {"id": "e31", "name": "enthusiasm", "type": "CONCEPT", "timestamp": "NONE", "properties": ["expressed in conversation"]},
    {"id": "e32", "name": "interest", "type": "CONCEPT", "timestamp": "NONE", "properties": ["expressed in conversation"]},
    {"id": "e33", "name": "enthusiasm", "type": "CONCEPT", "timestamp": "NONE", "properties": ["expressed in conversation"]},
    {"id": "e34", "name": "humor", "type": "CONCEPT", "timestamp": "NONE", "properties": ["used throughout conversation"]},
    {"id": "e35", "name": "enthusiasm", "type": "CONCEPT", "timestamp": "NONE", "properties": ["expressed in conversation"]},
    {"id": "e36", "name": "humor", "type": "CONCEPT", "timestamp": "NONE", "properties": ["used throughout conversation"]},
    {"id": "e37", "name": "enthusiasm", "type": "CONCEPT", "timestamp": "NONE", "properties": ["expressed in conversation"]},
    {"id": "e38", "name": "humor", "type": "CONCEPT", "timestamp": "NONE", "properties": ["used throughout conversation"]},
    {"id": "e39", "name": "enthusiasm", "type": "CONCEPT", "timestamp": "NONE", "properties": ["expressed in conversation"]},
    {"id": "e40", "name": "humor", "type": "CONCEPT", "timestamp": "NONE", "properties": ["used throughout conversation"]},
    {"id": "e41", "name": "enthusiasm", "type": "CONCEPT", "timestamp": "NONE", "properties": ["expressed in conversation"]},
    {"id": "e42", "name": "humor", "type": "CONCEPT", "timestamp": "NONE", "properties": ["used throughout conversation"]},
    {"id": "e43", "name": "enthusiasm", "type": "CONCEPT", "timestamp": "NONE", "properties": ["expressed in conversation"]},
    {"id": "e44", "name": "humor", "type": "CONCEPT", "timestamp": "NONE", "properties": ["used throughout conversation"]},
    {"id": "e45", "name": "enthusiasm", "type": "CONCEPT", "timestamp": "NONE", "properties": ["expressed in conversation"]},
    {"id": "e46", "name": "humor", "type": "CONCEPT", "timestamp": "NONE", "properties": ["used throughout conversation"]},
    {"id": "e47", "name": "enthusiasm", "type": "CONCEPT", "timestamp": "NONE", "properties": ["expressed in conversation"]},
    {"id": "e48", "name": "humor", "type": "CONCEPT", "timestamp": "NONE", "properties": ["used throughout conversation"]},
    {"id": "e49", "name": "enthusiasm", "type": "CONCEPT", "timestamp": "NONE", "properties": ["expressed in conversation"]},
    {"id": "e50", "name": "humor

2026-07-02 09:24:21,544 - DEBUG - close.started
2026-07-02 09:24:21,545 - DEBUG - close.complete
2026-07-02 09:24:21,546 - DEBUG - close.started
2026-07-02 09:24:21,546 - DEBUG - close.complete
2026-07-02 09:24:21,546 - DEBUG - close.started
2026-07-02 09:24:21,546 - DEBUG - close.complete
