2026-07-03 13:08:05,496 - INFO - [QwenClient] Loading tokenizer from Qwen/Qwen3-4B …
2026-07-03 13:08:05,643 - DEBUG - connect_tcp.started host='huggingface.co' port=443 local_address=None timeout=3 socket_options=None
2026-07-03 13:08:05,667 - DEBUG - connect_tcp.complete return_value=<httpcore._backends.sync.SyncStream object at 0x7f49651d8050>
2026-07-03 13:08:05,668 - DEBUG - start_tls.started ssl_context=<ssl.SSLContext object at 0x7f4a7fa66d50> server_hostname='huggingface.co' timeout=3
2026-07-03 13:08:05,700 - DEBUG - start_tls.complete return_value=<httpcore._backends.sync.SyncStream object at 0x7f4965105a90>
2026-07-03 13:08:05,701 - DEBUG - send_request_headers.started request=<Request [b'GET']>
2026-07-03 13:08:05,701 - DEBUG - send_request_headers.complete
2026-07-03 13:08:05,702 - DEBUG - send_request_body.started request=<Request [b'GET']>
2026-07-03 13:08:05,702 - DEBUG - send_request_body.complete
2026-07-03 13:08:05,702 - DEBUG - receive_response_headers.started request=<Request [b'GET']>
2026-07-03 13:08:05,933 - DEBUG - receive_response_headers.complete return_value=(b'HTTP/1.1', 200, b'OK', [(b'Content-Type', b'application/json; charset=utf-8'), (b'Transfer-Encoding', b'chunked'), (b'Connection', b'keep-alive'), (b'Date', b'Fri, 03 Jul 2026 07:38:05 GMT'), (b'content-encoding', b'gzip'), (b'ETag', b'W/"1385-Y8rr//XuUWwLSEAs3xBVYxJE/Ek"'), (b'X-Powered-By', b'huggingface-moon'), (b'X-Request-Id', b'Root=1-6a4766dd-43237b841c36a4b27ee10f7e;9f7c965e-ad56-4e61-a4f8-3a8afebbc300'), (b'RateLimit', b'"api";r=498;t=243'), (b'RateLimit-Policy', b'"fixed window";"api";q=500;w=300'), (b'cross-origin-opener-policy', b'same-origin'), (b'Referrer-Policy', b'strict-origin-when-cross-origin'), (b'Access-Control-Max-Age', b'86400'), (b'Access-Control-Allow-Origin', b'https://huggingface.co'), (b'Vary', b'Origin'), (b'vary', b'Accept-Encoding'), (b'Access-Control-Expose-Headers', b'X-Repo-Commit,X-Request-Id,X-Error-Code,X-Error-Message,X-Total-Count,ETag,Link,Accept-Ranges,Content-Range,X-Linked-Size,X-Linked-ETag,X-Xet-Hash'), (b'X-Cache', b'Miss from cloudfront'), (b'Via', b'1.1 f6e1feaef8bcc12ea83a6297254d61e8.cloudfront.net (CloudFront)'), (b'X-Amz-Cf-Pop', b'BOM78-P10'), (b'X-Amz-Cf-Id', b'3uPwmGdDAjCZSKro2qwKmP7iEkR3mImcvg5hS7yUFWc0JrMSHCLczw==')])
2026-07-03 13:08:05,934 - INFO - HTTP Request: GET https://huggingface.co/api/agent-harnesses "HTTP/1.1 200 OK"
2026-07-03 13:08:05,935 - DEBUG - receive_response_body.started request=<Request [b'GET']>
2026-07-03 13:08:05,935 - DEBUG - receive_response_body.complete
2026-07-03 13:08:05,936 - DEBUG - response_closed.started
2026-07-03 13:08:05,936 - DEBUG - response_closed.complete
2026-07-03 13:08:05,942 - DEBUG - send_request_headers.started request=<Request [b'HEAD']>
2026-07-03 13:08:05,943 - DEBUG - send_request_headers.complete
2026-07-03 13:08:05,943 - DEBUG - send_request_body.started request=<Request [b'HEAD']>
2026-07-03 13:08:05,943 - DEBUG - send_request_body.complete
2026-07-03 13:08:05,943 - DEBUG - receive_response_headers.started request=<Request [b'HEAD']>
2026-07-03 13:08:06,167 - DEBUG - receive_response_headers.complete return_value=(b'HTTP/1.1', 307, b'Temporary Redirect', [(b'Content-Type', b'text/plain; charset=utf-8'), (b'Content-Length', b'230'), (b'Connection', b'keep-alive'), (b'Date', b'Fri, 03 Jul 2026 07:38:06 GMT'), (b'Location', b'/api/resolve-cache/models/Qwen/Qwen3-4B/1cfa9a7208912126459214e8b04321603b3df60c/config.json?%2FQwen%2FQwen3-4B%2Fresolve%2Fmain%2Fconfig.json=&etag=%22e49eccdc32f36da9c09cfa0e737084f9e0105e5e%22'), (b'X-Powered-By', b'huggingface-moon'), (b'X-Request-Id', b'Root=1-6a4766de-3988338f1f2fb8257d65ada4;80204824-9342-447a-9147-dd9985448685'), (b'RateLimit', b'"resolvers";r=2998;t=242'), (b'RateLimit-Policy', b'"fixed window";"resolvers";q=3000;w=300'), (b'cross-origin-opener-policy', b'same-origin'), (b'Referrer-Policy', b'strict-origin-when-cross-origin'), (b'Access-Control-Max-Age', b'86400'), (b'Access-Control-Allow-Origin', b'https://huggingface.co'), (b'Vary', b'Origin, Accept'), (b'Access-Control-Expose-Headers', b'X-Repo-Commit,X-Request-Id,X-Error-Code,X-Error-Message,X-Total-Count,ETag,Link,Accept-Ranges,Content-Range,X-Linked-Size,X-Linked-ETag,X-Xet-Hash'), (b'X-Repo-Commit', b'1cfa9a7208912126459214e8b04321603b3df60c'), (b'Accept-Ranges', b'bytes'), (b'X-HF-Warning', b'unauthenticated; Warning: You are sending unauthenticated requests to the HF Hub. Please set a HF_TOKEN to enable higher rate limits and faster downloads.'), (b'X-Hub-Cache', b'HIT'), (b'Content-Disposition', b'inline; filename*=UTF-8\'\'config.json; filename="config.json";'), (b'Content-Security-Policy', b"default-src 'none'; sandbox"), (b'X-Linked-ETag', b'"e49eccdc32f36da9c09cfa0e737084f9e0105e5e"'), (b'X-Cache', b'Miss from cloudfront'), (b'Via', b'1.1 f6e1feaef8bcc12ea83a6297254d61e8.cloudfront.net (CloudFront)'), (b'X-Amz-Cf-Pop', b'BOM78-P10'), (b'X-Amz-Cf-Id', b'6CWhKC51n_oM5k64SCSZnvkX-G3eJlcsOy_SpHWugMxBUCWdPHCcag==')])
2026-07-03 13:08:06,168 - INFO - HTTP Request: HEAD https://huggingface.co/Qwen/Qwen3-4B/resolve/main/config.json "HTTP/1.1 307 Temporary Redirect"
2026-07-03 13:08:06,169 - DEBUG - receive_response_body.started request=<Request [b'HEAD']>
2026-07-03 13:08:06,169 - DEBUG - receive_response_body.complete
2026-07-03 13:08:06,169 - DEBUG - response_closed.started
2026-07-03 13:08:06,170 - DEBUG - response_closed.complete
2026-07-03 13:08:06,170 - WARNING - Warning: You are sending unauthenticated requests to the HF Hub. Please set a HF_TOKEN to enable higher rate limits and faster downloads.
2026-07-03 13:08:06,171 - DEBUG - send_request_headers.started request=<Request [b'HEAD']>
2026-07-03 13:08:06,171 - DEBUG - send_request_headers.complete
2026-07-03 13:08:06,171 - DEBUG - send_request_body.started request=<Request [b'HEAD']>
2026-07-03 13:08:06,171 - DEBUG - send_request_body.complete
2026-07-03 13:08:06,171 - DEBUG - receive_response_headers.started request=<Request [b'HEAD']>
2026-07-03 13:08:06,197 - DEBUG - receive_response_headers.complete return_value=(b'HTTP/1.1', 200, b'OK', [(b'Content-Type', b'text/plain; charset=utf-8'), (b'Content-Length', b'726'), (b'Connection', b'keep-alive'), (b'Date', b'Sun, 04 Jan 2026 05:50:40 GMT'), (b'ETag', b'"e49eccdc32f36da9c09cfa0e737084f9e0105e5e"'), (b'X-Powered-By', b'huggingface-moon'), (b'X-Request-Id', b'Root=1-6959ffb0-2435430037809d514016c5be;0bbd557b-81fa-44c2-9cc7-caea6827276d'), (b'RateLimit', b'"resolvers";r=2989;t=217'), (b'RateLimit-Policy', b'"fixed window";"resolvers";q=3000;w=300'), (b'cross-origin-opener-policy', b'same-origin'), (b'Referrer-Policy', b'strict-origin-when-cross-origin'), (b'Access-Control-Max-Age', b'86400'), (b'Access-Control-Allow-Origin', b'https://huggingface.co'), (b'Access-Control-Expose-Headers', b'X-Repo-Commit,X-Request-Id,X-Error-Code,X-Error-Message,X-Total-Count,ETag,Link,Accept-Ranges,Content-Range,X-Linked-Size,X-Linked-ETag,X-Xet-Hash'), (b'X-Repo-Commit', b'1cfa9a7208912126459214e8b04321603b3df60c'), (b'Accept-Ranges', b'bytes'), (b'X-Hub-Cache', b'HIT'), (b'Content-Disposition', b'inline; filename*=UTF-8\'\'config.json; filename="config.json";'), (b'Content-Security-Policy', b"default-src 'none'; sandbox"), (b'Vary', b'Origin'), (b'X-Cache', b'Hit from cloudfront'), (b'Via', b'1.1 f6e1feaef8bcc12ea83a6297254d61e8.cloudfront.net (CloudFront)'), (b'X-Amz-Cf-Pop', b'BOM78-P10'), (b'X-Amz-Cf-Id', b'o_LFoOZRERSKdObz3-aXCpSfm50riX_FwFq_Z5fzn69WOfJU8tfk7A=='), (b'Age', b'15558446')])
2026-07-03 13:08:06,198 - INFO - HTTP Request: HEAD https://huggingface.co/api/resolve-cache/models/Qwen/Qwen3-4B/1cfa9a7208912126459214e8b04321603b3df60c/config.json "HTTP/1.1 200 OK"
2026-07-03 13:08:06,198 - DEBUG - receive_response_body.started request=<Request [b'HEAD']>
2026-07-03 13:08:06,198 - DEBUG - receive_response_body.complete
2026-07-03 13:08:06,198 - DEBUG - response_closed.started
2026-07-03 13:08:06,199 - DEBUG - response_closed.complete
2026-07-03 13:08:06,531 - DEBUG - send_request_headers.started request=<Request [b'HEAD']>
2026-07-03 13:08:06,531 - DEBUG - send_request_headers.complete
2026-07-03 13:08:06,532 - DEBUG - send_request_body.started request=<Request [b'HEAD']>
2026-07-03 13:08:06,532 - DEBUG - send_request_body.complete
2026-07-03 13:08:06,532 - DEBUG - receive_response_headers.started request=<Request [b'HEAD']>
2026-07-03 13:08:06,757 - DEBUG - receive_response_headers.complete return_value=(b'HTTP/1.1', 307, b'Temporary Redirect', [(b'Content-Type', b'text/plain; charset=utf-8'), (b'Content-Length', b'250'), (b'Connection', b'keep-alive'), (b'Date', b'Fri, 03 Jul 2026 07:38:06 GMT'), (b'Location', b'/api/resolve-cache/models/Qwen/Qwen3-4B/1cfa9a7208912126459214e8b04321603b3df60c/tokenizer_config.json?%2FQwen%2FQwen3-4B%2Fresolve%2Fmain%2Ftokenizer_config.json=&etag=%22417d038a63fa3de29cfde265caedae14d1a58d92%22'), (b'X-Powered-By', b'huggingface-moon'), (b'X-Request-Id', b'Root=1-6a4766de-00122c0774e7716d5dac9bd0;74041bfa-45d2-42b6-8677-588a0893bfe1'), (b'RateLimit', b'"resolvers";r=2997;t=242'), (b'RateLimit-Policy', b'"fixed window";"resolvers";q=3000;w=300'), (b'cross-origin-opener-policy', b'same-origin'), (b'Referrer-Policy', b'strict-origin-when-cross-origin'), (b'Access-Control-Max-Age', b'86400'), (b'Access-Control-Allow-Origin', b'https://huggingface.co'), (b'Vary', b'Origin, Accept'), (b'Access-Control-Expose-Headers', b'X-Repo-Commit,X-Request-Id,X-Error-Code,X-Error-Message,X-Total-Count,ETag,Link,Accept-Ranges,Content-Range,X-Linked-Size,X-Linked-ETag,X-Xet-Hash'), (b'X-Repo-Commit', b'1cfa9a7208912126459214e8b04321603b3df60c'), (b'Accept-Ranges', b'bytes'), (b'X-Hub-Cache', b'HIT'), (b'Content-Disposition', b'inline; filename*=UTF-8\'\'tokenizer_config.json; filename="tokenizer_config.json";'), (b'Content-Security-Policy', b"default-src 'none'; sandbox"), (b'X-Linked-ETag', b'"417d038a63fa3de29cfde265caedae14d1a58d92"'), (b'X-Cache', b'Miss from cloudfront'), (b'Via', b'1.1 f6e1feaef8bcc12ea83a6297254d61e8.cloudfront.net (CloudFront)'), (b'X-Amz-Cf-Pop', b'BOM78-P10'), (b'X-Amz-Cf-Id', b'UeIuw199J-hY5482TlqH7EVmPRGVukDEkWbAkYt4loyK5JaiSSbGbQ==')])
2026-07-03 13:08:06,758 - INFO - HTTP Request: HEAD https://huggingface.co/Qwen/Qwen3-4B/resolve/main/tokenizer_config.json "HTTP/1.1 307 Temporary Redirect"
2026-07-03 13:08:06,759 - DEBUG - receive_response_body.started request=<Request [b'HEAD']>
2026-07-03 13:08:06,759 - DEBUG - receive_response_body.complete
2026-07-03 13:08:06,759 - DEBUG - response_closed.started
2026-07-03 13:08:06,759 - DEBUG - response_closed.complete
2026-07-03 13:08:06,760 - DEBUG - send_request_headers.started request=<Request [b'HEAD']>
2026-07-03 13:08:06,760 - DEBUG - send_request_headers.complete
2026-07-03 13:08:06,761 - DEBUG - send_request_body.started request=<Request [b'HEAD']>
2026-07-03 13:08:06,761 - DEBUG - send_request_body.complete
2026-07-03 13:08:06,761 - DEBUG - receive_response_headers.started request=<Request [b'HEAD']>
2026-07-03 13:08:06,787 - DEBUG - receive_response_headers.complete return_value=(b'HTTP/1.1', 200, b'OK', [(b'Content-Type', b'text/plain; charset=utf-8'), (b'Content-Length', b'9732'), (b'Connection', b'keep-alive'), (b'Date', b'Mon, 17 Nov 2025 10:19:33 GMT'), (b'ETag', b'"417d038a63fa3de29cfde265caedae14d1a58d92"'), (b'X-Powered-By', b'huggingface-moon'), (b'X-Request-Id', b'71cb0015-95d0-4b39-a20c-28f12085f11f'), (b'RateLimit', b'"resolvers";r=2962;t=11'), (b'RateLimit-Policy', b'"fixed window";"resolvers";q=3000;w=300'), (b'cross-origin-opener-policy', b'same-origin'), (b'Referrer-Policy', b'strict-origin-when-cross-origin'), (b'Access-Control-Max-Age', b'86400'), (b'Access-Control-Allow-Origin', b'https://huggingface.co'), (b'Access-Control-Expose-Headers', b'X-Repo-Commit,X-Request-Id,X-Error-Code,X-Error-Message,X-Total-Count,ETag,Link,Accept-Ranges,Content-Range,X-Linked-Size,X-Linked-ETag,X-Xet-Hash'), (b'X-Repo-Commit', b'1cfa9a7208912126459214e8b04321603b3df60c'), (b'Accept-Ranges', b'bytes'), (b'Content-Disposition', b'inline; filename*=UTF-8\'\'tokenizer_config.json; filename="tokenizer_config.json";'), (b'Content-Security-Policy', b"default-src 'none'; sandbox"), (b'Vary', b'Origin'), (b'X-Cache', b'Hit from cloudfront'), (b'Via', b'1.1 f6e1feaef8bcc12ea83a6297254d61e8.cloudfront.net (CloudFront)'), (b'X-Amz-Cf-Pop', b'BOM78-P10'), (b'X-Amz-Cf-Id', b'jrw5XiDROpWGeKJLTqvlAye3BEtwe2VGE_B8qersUBa8Lc0Z0lXWxA=='), (b'Age', b'19689513')])
2026-07-03 13:08:06,787 - INFO - HTTP Request: HEAD https://huggingface.co/api/resolve-cache/models/Qwen/Qwen3-4B/1cfa9a7208912126459214e8b04321603b3df60c/tokenizer_config.json "HTTP/1.1 200 OK"
2026-07-03 13:08:06,788 - DEBUG - receive_response_body.started request=<Request [b'HEAD']>
2026-07-03 13:08:06,788 - DEBUG - receive_response_body.complete
2026-07-03 13:08:06,788 - DEBUG - response_closed.started
2026-07-03 13:08:06,788 - DEBUG - response_closed.complete
2026-07-03 13:08:06,861 - DEBUG - send_request_headers.started request=<Request [b'GET']>
2026-07-03 13:08:06,861 - DEBUG - send_request_headers.complete
2026-07-03 13:08:06,861 - DEBUG - send_request_body.started request=<Request [b'GET']>
2026-07-03 13:08:06,862 - DEBUG - send_request_body.complete
2026-07-03 13:08:06,862 - DEBUG - receive_response_headers.started request=<Request [b'GET']>
2026-07-03 13:08:07,099 - DEBUG - receive_response_headers.complete return_value=(b'HTTP/1.1', 404, b'Not Found', [(b'Content-Type', b'application/json; charset=utf-8'), (b'Content-Length', b'64'), (b'Connection', b'keep-alive'), (b'Date', b'Fri, 03 Jul 2026 07:38:07 GMT'), (b'ETag', b'W/"40-09f9IAqP13xarAhQxFS2W8rvRkM"'), (b'X-Powered-By', b'huggingface-moon'), (b'X-Request-Id', b'Root=1-6a4766df-539a6ffd4fe6397130e8e550;1a91b747-9e8a-41d2-a07d-f3b5a70d282c'), (b'RateLimit', b'"api";r=495;t=241'), (b'RateLimit-Policy', b'"fixed window";"api";q=500;w=300'), (b'cross-origin-opener-policy', b'same-origin'), (b'Referrer-Policy', b'strict-origin-when-cross-origin'), (b'Access-Control-Max-Age', b'86400'), (b'Access-Control-Allow-Origin', b'https://huggingface.co'), (b'Vary', b'Origin'), (b'Access-Control-Expose-Headers', b'X-Repo-Commit,X-Request-Id,X-Error-Code,X-Error-Message,X-Total-Count,ETag,Link,Accept-Ranges,Content-Range,X-Linked-Size,X-Linked-ETag,X-Xet-Hash'), (b'X-Error-Code', b'EntryNotFound'), (b'X-Error-Message', b'additional_chat_templates does not exist on "main"'), (b'X-Cache', b'Error from cloudfront'), (b'Via', b'1.1 f6e1feaef8bcc12ea83a6297254d61e8.cloudfront.net (CloudFront)'), (b'X-Amz-Cf-Pop', b'BOM78-P10'), (b'X-Amz-Cf-Id', b'A4__6LegY6Wo2cI1nGhNGBrT_QDhu1gVNXehxYY3fkNM6aGMMvxIPA==')])
2026-07-03 13:08:07,099 - INFO - HTTP Request: GET https://huggingface.co/api/models/Qwen/Qwen3-4B/tree/main/additional_chat_templates?recursive=false&expand=false "HTTP/1.1 404 Not Found"
2026-07-03 13:08:07,100 - DEBUG - receive_response_body.started request=<Request [b'GET']>
2026-07-03 13:08:07,100 - DEBUG - receive_response_body.complete
2026-07-03 13:08:07,100 - DEBUG - response_closed.started
2026-07-03 13:08:07,100 - DEBUG - response_closed.complete
2026-07-03 13:08:07,104 - DEBUG - send_request_headers.started request=<Request [b'GET']>
2026-07-03 13:08:07,104 - DEBUG - send_request_headers.complete
2026-07-03 13:08:07,104 - DEBUG - send_request_body.started request=<Request [b'GET']>
2026-07-03 13:08:07,104 - DEBUG - send_request_body.complete
2026-07-03 13:08:07,104 - DEBUG - receive_response_headers.started request=<Request [b'GET']>
2026-07-03 13:08:07,348 - DEBUG - receive_response_headers.complete return_value=(b'HTTP/1.1', 200, b'OK', [(b'Content-Type', b'application/json; charset=utf-8'), (b'Transfer-Encoding', b'chunked'), (b'Connection', b'keep-alive'), (b'Date', b'Fri, 03 Jul 2026 07:38:07 GMT'), (b'content-encoding', b'gzip'), (b'ETag', b'W/"87d-UOIuhKj4X9Go/dwhhYHQZrecNeQ"'), (b'X-Powered-By', b'huggingface-moon'), (b'X-Request-Id', b'Root=1-6a4766df-1618db5b3e04303526040b70;e9107de5-9c3a-4d7d-b57f-7cfd0216e306'), (b'RateLimit', b'"api";r=494;t=241'), (b'RateLimit-Policy', b'"fixed window";"api";q=500;w=300'), (b'cross-origin-opener-policy', b'same-origin'), (b'Referrer-Policy', b'strict-origin-when-cross-origin'), (b'Access-Control-Max-Age', b'86400'), (b'Access-Control-Allow-Origin', b'https://huggingface.co'), (b'Vary', b'Origin'), (b'vary', b'Accept-Encoding'), (b'Access-Control-Expose-Headers', b'X-Repo-Commit,X-Request-Id,X-Error-Code,X-Error-Message,X-Total-Count,ETag,Link,Accept-Ranges,Content-Range,X-Linked-Size,X-Linked-ETag,X-Xet-Hash'), (b'X-Cache', b'Miss from cloudfront'), (b'Via', b'1.1 f6e1feaef8bcc12ea83a6297254d61e8.cloudfront.net (CloudFront)'), (b'X-Amz-Cf-Pop', b'BOM78-P10'), (b'X-Amz-Cf-Id', b'AIUuzD6mCX-rhVdsObrE6xYRtxDH7wAcsWMaLa06sDvv-Jz2yghGdA==')])
2026-07-03 13:08:07,349 - INFO - HTTP Request: GET https://huggingface.co/api/models/Qwen/Qwen3-4B/tree/main?recursive=true&expand=false "HTTP/1.1 200 OK"
2026-07-03 13:08:07,349 - DEBUG - receive_response_body.started request=<Request [b'GET']>
2026-07-03 13:08:07,349 - DEBUG - receive_response_body.complete
2026-07-03 13:08:07,349 - DEBUG - response_closed.started
2026-07-03 13:08:07,350 - DEBUG - response_closed.complete
2026-07-03 13:08:08,162 - DEBUG - send_request_headers.started request=<Request [b'GET']>
2026-07-03 13:08:08,162 - DEBUG - send_request_headers.complete
2026-07-03 13:08:08,162 - DEBUG - send_request_body.started request=<Request [b'GET']>
2026-07-03 13:08:08,162 - DEBUG - send_request_body.complete
2026-07-03 13:08:08,162 - DEBUG - receive_response_headers.started request=<Request [b'GET']>
2026-07-03 13:08:08,406 - DEBUG - receive_response_headers.complete return_value=(b'HTTP/1.1', 200, b'OK', [(b'Content-Type', b'application/json; charset=utf-8'), (b'Transfer-Encoding', b'chunked'), (b'Connection', b'keep-alive'), (b'Date', b'Fri, 03 Jul 2026 07:38:08 GMT'), (b'content-encoding', b'gzip'), (b'ETag', b'W/"121d-dT0GT/pfPp8UdnboX4gzf63xrQI"'), (b'X-Powered-By', b'huggingface-moon'), (b'X-Request-Id', b'Root=1-6a4766e0-4cd1666509cf93fe235b1de5;6c6c04cb-645d-4e9a-9eb2-0a6a0a63a7fe'), (b'RateLimit', b'"api";r=493;t=240'), (b'RateLimit-Policy', b'"fixed window";"api";q=500;w=300'), (b'cross-origin-opener-policy', b'same-origin'), (b'Referrer-Policy', b'strict-origin-when-cross-origin'), (b'Access-Control-Max-Age', b'86400'), (b'Access-Control-Allow-Origin', b'https://huggingface.co'), (b'Vary', b'Origin'), (b'vary', b'Accept-Encoding'), (b'Access-Control-Expose-Headers', b'X-Repo-Commit,X-Request-Id,X-Error-Code,X-Error-Message,X-Total-Count,ETag,Link,Accept-Ranges,Content-Range,X-Linked-Size,X-Linked-ETag,X-Xet-Hash'), (b'X-Cache', b'Miss from cloudfront'), (b'Via', b'1.1 f6e1feaef8bcc12ea83a6297254d61e8.cloudfront.net (CloudFront)'), (b'X-Amz-Cf-Pop', b'BOM78-P10'), (b'X-Amz-Cf-Id', b'e62Ol3kShJn8C8zXE0y-zhm4w7TgdVIKhCgiDVlM0hkpdWjAF1fpYg==')])
2026-07-03 13:08:08,407 - INFO - HTTP Request: GET https://huggingface.co/api/models/Qwen/Qwen3-4B "HTTP/1.1 200 OK"
2026-07-03 13:08:08,407 - DEBUG - receive_response_body.started request=<Request [b'GET']>
2026-07-03 13:08:08,408 - DEBUG - receive_response_body.complete
2026-07-03 13:08:08,408 - DEBUG - response_closed.started
2026-07-03 13:08:08,408 - DEBUG - response_closed.complete
2026-07-03 13:08:08,411 - INFO - [QwenClient] Loading model (quantisation=none, dtype=auto) …
2026-07-03 13:08:08,413 - DEBUG - send_request_headers.started request=<Request [b'HEAD']>
2026-07-03 13:08:08,413 - DEBUG - send_request_headers.complete
2026-07-03 13:08:08,414 - DEBUG - send_request_body.started request=<Request [b'HEAD']>
2026-07-03 13:08:08,414 - DEBUG - send_request_body.complete
2026-07-03 13:08:08,414 - DEBUG - receive_response_headers.started request=<Request [b'HEAD']>
2026-07-03 13:08:08,654 - DEBUG - receive_response_headers.complete return_value=(b'HTTP/1.1', 307, b'Temporary Redirect', [(b'Content-Type', b'text/plain; charset=utf-8'), (b'Content-Length', b'230'), (b'Connection', b'keep-alive'), (b'Date', b'Fri, 03 Jul 2026 07:38:08 GMT'), (b'Location', b'/api/resolve-cache/models/Qwen/Qwen3-4B/1cfa9a7208912126459214e8b04321603b3df60c/config.json?%2FQwen%2FQwen3-4B%2Fresolve%2Fmain%2Fconfig.json=&etag=%22e49eccdc32f36da9c09cfa0e737084f9e0105e5e%22'), (b'X-Powered-By', b'huggingface-moon'), (b'X-Request-Id', b'Root=1-6a4766e0-4df6b91706c3c44078647b44;e9d22c01-ff3f-494c-ba46-a481eacfae76'), (b'RateLimit', b'"resolvers";r=2996;t=240'), (b'RateLimit-Policy', b'"fixed window";"resolvers";q=3000;w=300'), (b'cross-origin-opener-policy', b'same-origin'), (b'Referrer-Policy', b'strict-origin-when-cross-origin'), (b'Access-Control-Max-Age', b'86400'), (b'Access-Control-Allow-Origin', b'https://huggingface.co'), (b'Vary', b'Origin, Accept'), (b'Access-Control-Expose-Headers', b'X-Repo-Commit,X-Request-Id,X-Error-Code,X-Error-Message,X-Total-Count,ETag,Link,Accept-Ranges,Content-Range,X-Linked-Size,X-Linked-ETag,X-Xet-Hash'), (b'X-Repo-Commit', b'1cfa9a7208912126459214e8b04321603b3df60c'), (b'Accept-Ranges', b'bytes'), (b'X-HF-Warning', b'unauthenticated; Warning: You are sending unauthenticated requests to the HF Hub. Please set a HF_TOKEN to enable higher rate limits and faster downloads.'), (b'X-Hub-Cache', b'HIT'), (b'Content-Disposition', b'inline; filename*=UTF-8\'\'config.json; filename="config.json";'), (b'Content-Security-Policy', b"default-src 'none'; sandbox"), (b'X-Linked-ETag', b'"e49eccdc32f36da9c09cfa0e737084f9e0105e5e"'), (b'X-Cache', b'Miss from cloudfront'), (b'Via', b'1.1 f6e1feaef8bcc12ea83a6297254d61e8.cloudfront.net (CloudFront)'), (b'X-Amz-Cf-Pop', b'BOM78-P10'), (b'X-Amz-Cf-Id', b'LV9N-KkwiNvokRbQEQa53manihnoFySTRIL0ik1jSDvLjd3Civ4O2Q==')])
2026-07-03 13:08:08,655 - INFO - HTTP Request: HEAD https://huggingface.co/Qwen/Qwen3-4B/resolve/main/config.json "HTTP/1.1 307 Temporary Redirect"
2026-07-03 13:08:08,656 - DEBUG - receive_response_body.started request=<Request [b'HEAD']>
2026-07-03 13:08:08,656 - DEBUG - receive_response_body.complete
2026-07-03 13:08:08,656 - DEBUG - response_closed.started
2026-07-03 13:08:08,656 - DEBUG - response_closed.complete
2026-07-03 13:08:08,657 - DEBUG - send_request_headers.started request=<Request [b'HEAD']>
2026-07-03 13:08:08,657 - DEBUG - send_request_headers.complete
2026-07-03 13:08:08,657 - DEBUG - send_request_body.started request=<Request [b'HEAD']>
2026-07-03 13:08:08,658 - DEBUG - send_request_body.complete
2026-07-03 13:08:08,658 - DEBUG - receive_response_headers.started request=<Request [b'HEAD']>
2026-07-03 13:08:08,690 - DEBUG - receive_response_headers.complete return_value=(b'HTTP/1.1', 200, b'OK', [(b'Content-Type', b'text/plain; charset=utf-8'), (b'Content-Length', b'726'), (b'Connection', b'keep-alive'), (b'Date', b'Sun, 04 Jan 2026 05:50:40 GMT'), (b'ETag', b'"e49eccdc32f36da9c09cfa0e737084f9e0105e5e"'), (b'X-Powered-By', b'huggingface-moon'), (b'X-Request-Id', b'Root=1-6959ffb0-2435430037809d514016c5be;0bbd557b-81fa-44c2-9cc7-caea6827276d'), (b'RateLimit', b'"resolvers";r=2989;t=217'), (b'RateLimit-Policy', b'"fixed window";"resolvers";q=3000;w=300'), (b'cross-origin-opener-policy', b'same-origin'), (b'Referrer-Policy', b'strict-origin-when-cross-origin'), (b'Access-Control-Max-Age', b'86400'), (b'Access-Control-Allow-Origin', b'https://huggingface.co'), (b'Access-Control-Expose-Headers', b'X-Repo-Commit,X-Request-Id,X-Error-Code,X-Error-Message,X-Total-Count,ETag,Link,Accept-Ranges,Content-Range,X-Linked-Size,X-Linked-ETag,X-Xet-Hash'), (b'X-Repo-Commit', b'1cfa9a7208912126459214e8b04321603b3df60c'), (b'Accept-Ranges', b'bytes'), (b'X-Hub-Cache', b'HIT'), (b'Content-Disposition', b'inline; filename*=UTF-8\'\'config.json; filename="config.json";'), (b'Content-Security-Policy', b"default-src 'none'; sandbox"), (b'Vary', b'Origin'), (b'X-Cache', b'Hit from cloudfront'), (b'Via', b'1.1 f6e1feaef8bcc12ea83a6297254d61e8.cloudfront.net (CloudFront)'), (b'X-Amz-Cf-Pop', b'BOM78-P10'), (b'X-Amz-Cf-Id', b'-txtTDuJ-BP7iDFO9wZn9wkRTgNB9liNQtlPhJqGQtebs1-m4xLt_Q=='), (b'Age', b'15558448')])
2026-07-03 13:08:08,691 - INFO - HTTP Request: HEAD https://huggingface.co/api/resolve-cache/models/Qwen/Qwen3-4B/1cfa9a7208912126459214e8b04321603b3df60c/config.json "HTTP/1.1 200 OK"
2026-07-03 13:08:08,691 - DEBUG - receive_response_body.started request=<Request [b'HEAD']>
2026-07-03 13:08:08,691 - DEBUG - receive_response_body.complete
2026-07-03 13:08:08,692 - DEBUG - response_closed.started
2026-07-03 13:08:08,692 - DEBUG - response_closed.complete
2026-07-03 13:08:10,223 - DEBUG - Loading FFmpeg6
2026-07-03 13:08:10,257 - DEBUG - Failed to load FFmpeg6 extension.
Traceback (most recent call last):
  File "/home/kbasu/arnavbhatt/fluxmem/venv2/lib/python3.13/site-packages/torio/_extension/utils.py", line 116, in _find_ffmpeg_extension
    ext = _find_versionsed_ffmpeg_extension(ffmpeg_ver)
  File "/home/kbasu/arnavbhatt/fluxmem/venv2/lib/python3.13/site-packages/torio/_extension/utils.py", line 108, in _find_versionsed_ffmpeg_extension
    _load_lib(lib)
    ~~~~~~~~~^^^^^
  File "/home/kbasu/arnavbhatt/fluxmem/venv2/lib/python3.13/site-packages/torio/_extension/utils.py", line 94, in _load_lib
    torch.ops.load_library(path)
    ~~~~~~~~~~~~~~~~~~~~~~^^^^^^
  File "/home/kbasu/arnavbhatt/fluxmem/venv2/lib/python3.13/site-packages/torch/_ops.py", line 1357, in load_library
    ctypes.CDLL(path)
    ~~~~~~~~~~~^^^^^^
  File "/home/kbasu/arnavbhatt/miniconda3/lib/python3.13/ctypes/__init__.py", line 361, in __init__
    self._handle = self._load_library(name, mode, handle, winmode)
                   ~~~~~~~~~~~~~~~~~~^^^^^^^^^^^^^^^^^^^^^^^^^^^^^
  File "/home/kbasu/arnavbhatt/miniconda3/lib/python3.13/ctypes/__init__.py", line 401, in _load_library
    return _dlopen(name, mode)
OSError: libavutil.so.58: cannot open shared object file: No such file or directory
2026-07-03 13:08:10,264 - DEBUG - Loading FFmpeg5
2026-07-03 13:08:10,266 - DEBUG - Failed to load FFmpeg5 extension.
Traceback (most recent call last):
  File "/home/kbasu/arnavbhatt/fluxmem/venv2/lib/python3.13/site-packages/torio/_extension/utils.py", line 116, in _find_ffmpeg_extension
    ext = _find_versionsed_ffmpeg_extension(ffmpeg_ver)
  File "/home/kbasu/arnavbhatt/fluxmem/venv2/lib/python3.13/site-packages/torio/_extension/utils.py", line 108, in _find_versionsed_ffmpeg_extension
    _load_lib(lib)
    ~~~~~~~~~^^^^^
  File "/home/kbasu/arnavbhatt/fluxmem/venv2/lib/python3.13/site-packages/torio/_extension/utils.py", line 94, in _load_lib
    torch.ops.load_library(path)
    ~~~~~~~~~~~~~~~~~~~~~~^^^^^^
  File "/home/kbasu/arnavbhatt/fluxmem/venv2/lib/python3.13/site-packages/torch/_ops.py", line 1357, in load_library
    ctypes.CDLL(path)
    ~~~~~~~~~~~^^^^^^
  File "/home/kbasu/arnavbhatt/miniconda3/lib/python3.13/ctypes/__init__.py", line 361, in __init__
    self._handle = self._load_library(name, mode, handle, winmode)
                   ~~~~~~~~~~~~~~~~~~^^^^^^^^^^^^^^^^^^^^^^^^^^^^^
  File "/home/kbasu/arnavbhatt/miniconda3/lib/python3.13/ctypes/__init__.py", line 401, in _load_library
    return _dlopen(name, mode)
OSError: libavutil.so.57: cannot open shared object file: No such file or directory
2026-07-03 13:08:10,269 - DEBUG - Loading FFmpeg4
2026-07-03 13:08:10,272 - DEBUG - Failed to load FFmpeg4 extension.
Traceback (most recent call last):
  File "/home/kbasu/arnavbhatt/fluxmem/venv2/lib/python3.13/site-packages/torio/_extension/utils.py", line 116, in _find_ffmpeg_extension
    ext = _find_versionsed_ffmpeg_extension(ffmpeg_ver)
  File "/home/kbasu/arnavbhatt/fluxmem/venv2/lib/python3.13/site-packages/torio/_extension/utils.py", line 108, in _find_versionsed_ffmpeg_extension
    _load_lib(lib)
    ~~~~~~~~~^^^^^
  File "/home/kbasu/arnavbhatt/fluxmem/venv2/lib/python3.13/site-packages/torio/_extension/utils.py", line 94, in _load_lib
    torch.ops.load_library(path)
    ~~~~~~~~~~~~~~~~~~~~~~^^^^^^
  File "/home/kbasu/arnavbhatt/fluxmem/venv2/lib/python3.13/site-packages/torch/_ops.py", line 1357, in load_library
    ctypes.CDLL(path)
    ~~~~~~~~~~~^^^^^^
  File "/home/kbasu/arnavbhatt/miniconda3/lib/python3.13/ctypes/__init__.py", line 361, in __init__
    self._handle = self._load_library(name, mode, handle, winmode)
                   ~~~~~~~~~~~~~~~~~~^^^^^^^^^^^^^^^^^^^^^^^^^^^^^
  File "/home/kbasu/arnavbhatt/miniconda3/lib/python3.13/ctypes/__init__.py", line 401, in _load_library
    return _dlopen(name, mode)
OSError: libavutil.so.56: cannot open shared object file: No such file or directory
2026-07-03 13:08:10,274 - DEBUG - Loading FFmpeg
2026-07-03 13:08:10,274 - DEBUG - Failed to load FFmpeg extension.
Traceback (most recent call last):
  File "/home/kbasu/arnavbhatt/fluxmem/venv2/lib/python3.13/site-packages/torio/_extension/utils.py", line 116, in _find_ffmpeg_extension
    ext = _find_versionsed_ffmpeg_extension(ffmpeg_ver)
  File "/home/kbasu/arnavbhatt/fluxmem/venv2/lib/python3.13/site-packages/torio/_extension/utils.py", line 106, in _find_versionsed_ffmpeg_extension
    raise RuntimeError(f"FFmpeg{version} extension is not available.")
RuntimeError: FFmpeg extension is not available.
2026-07-03 13:08:14,391 - DEBUG - close.started
2026-07-03 13:08:14,391 - DEBUG - close.complete
2026-07-03 13:08:14,391 - DEBUG - connect_tcp.started host='huggingface.co' port=443 local_address=None timeout=10 socket_options=None
2026-07-03 13:08:14,414 - DEBUG - connect_tcp.complete return_value=<httpcore._backends.sync.SyncStream object at 0x7f494ff17750>
2026-07-03 13:08:14,414 - DEBUG - start_tls.started ssl_context=<ssl.SSLContext object at 0x7f4a7fa66d50> server_hostname='huggingface.co' timeout=10
2026-07-03 13:08:14,446 - DEBUG - start_tls.complete return_value=<httpcore._backends.sync.SyncStream object at 0x7f494ff788a0>
2026-07-03 13:08:14,447 - DEBUG - send_request_headers.started request=<Request [b'HEAD']>
2026-07-03 13:08:14,447 - DEBUG - send_request_headers.complete
2026-07-03 13:08:14,447 - DEBUG - send_request_body.started request=<Request [b'HEAD']>
2026-07-03 13:08:14,447 - DEBUG - send_request_body.complete
2026-07-03 13:08:14,447 - DEBUG - receive_response_headers.started request=<Request [b'HEAD']>
2026-07-03 13:08:14,684 - DEBUG - receive_response_headers.complete return_value=(b'HTTP/1.1', 307, b'Temporary Redirect', [(b'Content-Type', b'text/plain; charset=utf-8'), (b'Content-Length', b'252'), (b'Connection', b'keep-alive'), (b'Date', b'Fri, 03 Jul 2026 07:38:14 GMT'), (b'Location', b'/api/resolve-cache/models/Qwen/Qwen3-4B/1cfa9a7208912126459214e8b04321603b3df60c/generation_config.json?%2FQwen%2FQwen3-4B%2Fresolve%2Fmain%2Fgeneration_config.json=&etag=%2220a8a9156fc8c3f25295ca067f61fdf120d517c5%22'), (b'X-Powered-By', b'huggingface-moon'), (b'X-Request-Id', b'Root=1-6a4766e6-1abe7ea63fd4d6bb2e4c96e3;c8e0a541-ffad-4349-973e-9fd65cfb1e17'), (b'RateLimit', b'"resolvers";r=2995;t=234'), (b'RateLimit-Policy', b'"fixed window";"resolvers";q=3000;w=300'), (b'cross-origin-opener-policy', b'same-origin'), (b'Referrer-Policy', b'strict-origin-when-cross-origin'), (b'Access-Control-Max-Age', b'86400'), (b'Access-Control-Allow-Origin', b'https://huggingface.co'), (b'Vary', b'Origin, Accept'), (b'Access-Control-Expose-Headers', b'X-Repo-Commit,X-Request-Id,X-Error-Code,X-Error-Message,X-Total-Count,ETag,Link,Accept-Ranges,Content-Range,X-Linked-Size,X-Linked-ETag,X-Xet-Hash'), (b'X-Repo-Commit', b'1cfa9a7208912126459214e8b04321603b3df60c'), (b'Accept-Ranges', b'bytes'), (b'X-Hub-Cache', b'HIT'), (b'Content-Disposition', b'inline; filename*=UTF-8\'\'generation_config.json; filename="generation_config.json";'), (b'Content-Security-Policy', b"default-src 'none'; sandbox"), (b'X-Linked-ETag', b'"20a8a9156fc8c3f25295ca067f61fdf120d517c5"'), (b'X-Cache', b'Miss from cloudfront'), (b'Via', b'1.1 98c5164a86e0d67efb9bf35971e4d56c.cloudfront.net (CloudFront)'), (b'X-Amz-Cf-Pop', b'BOM78-P10'), (b'X-Amz-Cf-Id', b'-MHsjNykelEPsma4-g0HrpL_tjqImpEmvHjGBHCAtCokLkdhCQZe_w==')])
2026-07-03 13:08:14,685 - INFO - HTTP Request: HEAD https://huggingface.co/Qwen/Qwen3-4B/resolve/main/generation_config.json "HTTP/1.1 307 Temporary Redirect"
2026-07-03 13:08:14,686 - DEBUG - receive_response_body.started request=<Request [b'HEAD']>
2026-07-03 13:08:14,686 - DEBUG - receive_response_body.complete
2026-07-03 13:08:14,686 - DEBUG - response_closed.started
2026-07-03 13:08:14,686 - DEBUG - response_closed.complete
2026-07-03 13:08:14,687 - DEBUG - send_request_headers.started request=<Request [b'HEAD']>
2026-07-03 13:08:14,688 - DEBUG - send_request_headers.complete
2026-07-03 13:08:14,688 - DEBUG - send_request_body.started request=<Request [b'HEAD']>
2026-07-03 13:08:14,688 - DEBUG - send_request_body.complete
2026-07-03 13:08:14,688 - DEBUG - receive_response_headers.started request=<Request [b'HEAD']>
2026-07-03 13:08:14,714 - DEBUG - receive_response_headers.complete return_value=(b'HTTP/1.1', 200, b'OK', [(b'Content-Type', b'text/plain; charset=utf-8'), (b'Content-Length', b'239'), (b'Connection', b'keep-alive'), (b'Date', b'Wed, 06 May 2026 10:15:03 GMT'), (b'ETag', b'"20a8a9156fc8c3f25295ca067f61fdf120d517c5"'), (b'X-Powered-By', b'huggingface-moon'), (b'X-Request-Id', b'Root=1-69fb14a7-660a6ee35a11d86936be37e7'), (b'RateLimit', b'"resolvers";r=2992;t=167'), (b'RateLimit-Policy', b'"fixed window";"resolvers";q=3000;w=300'), (b'cross-origin-opener-policy', b'same-origin'), (b'Referrer-Policy', b'strict-origin-when-cross-origin'), (b'Access-Control-Max-Age', b'86400'), (b'Access-Control-Allow-Origin', b'https://huggingface.co'), (b'Access-Control-Expose-Headers', b'X-Repo-Commit,X-Request-Id,X-Error-Code,X-Error-Message,X-Total-Count,ETag,Link,Accept-Ranges,Content-Range,X-Linked-Size,X-Linked-ETag,X-Xet-Hash'), (b'X-Repo-Commit', b'1cfa9a7208912126459214e8b04321603b3df60c'), (b'Accept-Ranges', b'bytes'), (b'Content-Disposition', b'inline; filename*=UTF-8\'\'generation_config.json; filename="generation_config.json";'), (b'Content-Security-Policy', b"default-src 'none'; sandbox"), (b'Vary', b'Origin'), (b'X-Cache', b'Hit from cloudfront'), (b'Via', b'1.1 98c5164a86e0d67efb9bf35971e4d56c.cloudfront.net (CloudFront)'), (b'X-Amz-Cf-Pop', b'BOM78-P10'), (b'X-Amz-Cf-Id', b'38cEtriC_nbJs70h6RTGpC0G-ntnewBlHDMZAOanUQRM1e9udS8EeA=='), (b'Age', b'5001791')])
2026-07-03 13:08:14,715 - INFO - HTTP Request: HEAD https://huggingface.co/api/resolve-cache/models/Qwen/Qwen3-4B/1cfa9a7208912126459214e8b04321603b3df60c/generation_config.json "HTTP/1.1 200 OK"
2026-07-03 13:08:14,715 - DEBUG - receive_response_body.started request=<Request [b'HEAD']>
2026-07-03 13:08:14,715 - DEBUG - receive_response_body.complete
2026-07-03 13:08:14,715 - DEBUG - response_closed.started
2026-07-03 13:08:14,715 - DEBUG - response_closed.complete
2026-07-03 13:08:14,791 - DEBUG - send_request_headers.started request=<Request [b'HEAD']>
2026-07-03 13:08:14,791 - DEBUG - send_request_headers.complete
2026-07-03 13:08:14,791 - DEBUG - send_request_body.started request=<Request [b'HEAD']>
2026-07-03 13:08:14,792 - DEBUG - send_request_body.complete
2026-07-03 13:08:14,792 - DEBUG - receive_response_headers.started request=<Request [b'HEAD']>
2026-07-03 13:08:15,036 - DEBUG - receive_response_headers.complete return_value=(b'HTTP/1.1', 404, b'Not Found', [(b'Content-Type', b'text/plain; charset=utf-8'), (b'Content-Length', b'15'), (b'Connection', b'keep-alive'), (b'Date', b'Fri, 03 Jul 2026 07:38:14 GMT'), (b'ETag', b'W/"f-mY2VvLxuxB7KhsoOdQTlMTccuAQ"'), (b'X-Powered-By', b'huggingface-moon'), (b'X-Request-Id', b'Root=1-6a4766e6-6ba65bd12ffdbed819264d0e;587399dd-1b85-4b1a-963b-adba4a3e3734'), (b'RateLimit', b'"resolvers";r=2994;t=234'), (b'RateLimit-Policy', b'"fixed window";"resolvers";q=3000;w=300'), (b'cross-origin-opener-policy', b'same-origin'), (b'Referrer-Policy', b'strict-origin-when-cross-origin'), (b'Access-Control-Max-Age', b'86400'), (b'Access-Control-Allow-Origin', b'https://huggingface.co'), (b'Vary', b'Origin'), (b'Access-Control-Expose-Headers', b'X-Repo-Commit,X-Request-Id,X-Error-Code,X-Error-Message,X-Total-Count,ETag,Link,Accept-Ranges,Content-Range,X-Linked-Size,X-Linked-ETag,X-Xet-Hash'), (b'X-Repo-Commit', b'1cfa9a7208912126459214e8b04321603b3df60c'), (b'Accept-Ranges', b'bytes'), (b'X-HF-Warning', b'unauthenticated; Warning: You are sending unauthenticated requests to the HF Hub. Please set a HF_TOKEN to enable higher rate limits and faster downloads.'), (b'X-Hub-Cache', b'MISS'), (b'X-Error-Code', b'EntryNotFound'), (b'X-Error-Message', b'Entry not found'), (b'X-Cache', b'Error from cloudfront'), (b'Via', b'1.1 98c5164a86e0d67efb9bf35971e4d56c.cloudfront.net (CloudFront)'), (b'X-Amz-Cf-Pop', b'BOM78-P10'), (b'X-Amz-Cf-Id', b'qKTe4gf4cLPhr07BaxqPZOTfy6oDprMLtvvbzM-M_jare9t7l-xeoA==')])
2026-07-03 13:08:15,036 - INFO - HTTP Request: HEAD https://huggingface.co/Qwen/Qwen3-4B/resolve/main/custom_generate/generate.py "HTTP/1.1 404 Not Found"
2026-07-03 13:08:15,037 - DEBUG - receive_response_body.started request=<Request [b'HEAD']>
2026-07-03 13:08:15,037 - DEBUG - receive_response_body.complete
2026-07-03 13:08:15,037 - DEBUG - response_closed.started
2026-07-03 13:08:15,037 - DEBUG - response_closed.complete
2026-07-03 13:08:15,047 - INFO - [QwenClient] Model ready.
2026-07-03 13:08:15,047 - INFO - [QwenClient] 'default' loaded (Qwen/Qwen3-4B on cuda).
2026-07-03 13:08:15,050 - DEBUG - send_request_headers.started request=<Request [b'HEAD']>
2026-07-03 13:08:15,050 - DEBUG - send_request_headers.complete
2026-07-03 13:08:15,050 - DEBUG - send_request_body.started request=<Request [b'HEAD']>
2026-07-03 13:08:15,050 - DEBUG - send_request_body.complete
2026-07-03 13:08:15,051 - DEBUG - receive_response_headers.started request=<Request [b'HEAD']>
2026-07-03 13:08:15,297 - DEBUG - receive_response_headers.complete return_value=(b'HTTP/1.1', 307, b'Temporary Redirect', [(b'Content-Type', b'text/plain; charset=utf-8'), (b'Content-Length', b'265'), (b'Connection', b'keep-alive'), (b'Date', b'Fri, 03 Jul 2026 07:38:15 GMT'), (b'Location', b'/api/resolve-cache/datasets/nayohan/multi_session_chat/78b67491c43823fc169cab827ab3f82805e0235b/README.md?%2Fdatasets%2Fnayohan%2Fmulti_session_chat%2Fresolve%2Fmain%2FREADME.md=&etag=%22f80da89a35a17378a05d3edfb0381f9980a5c12d%22'), (b'X-Powered-By', b'huggingface-moon'), (b'X-Request-Id', b'Root=1-6a4766e7-5a2ed7901017544f29e9b4b3;41d41d9a-795c-4966-acb8-459847080164'), (b'RateLimit', b'"resolvers";r=2993;t=233'), (b'RateLimit-Policy', b'"fixed window";"resolvers";q=3000;w=300'), (b'cross-origin-opener-policy', b'same-origin'), (b'Referrer-Policy', b'strict-origin-when-cross-origin'), (b'Access-Control-Max-Age', b'86400'), (b'Access-Control-Allow-Origin', b'https://huggingface.co'), (b'Vary', b'Origin, Accept'), (b'Access-Control-Expose-Headers', b'X-Repo-Commit,X-Request-Id,X-Error-Code,X-Error-Message,X-Total-Count,ETag,Link,Accept-Ranges,Content-Range,X-Linked-Size,X-Linked-ETag,X-Xet-Hash'), (b'X-Repo-Commit', b'78b67491c43823fc169cab827ab3f82805e0235b'), (b'Accept-Ranges', b'bytes'), (b'X-HF-Warning', b'unauthenticated; Warning: You are sending unauthenticated requests to the HF Hub. Please set a HF_TOKEN to enable higher rate limits and faster downloads.'), (b'X-Hub-Cache', b'MISS'), (b'Content-Disposition', b'inline; filename*=UTF-8\'\'README.md; filename="README.md";'), (b'Content-Security-Policy', b"default-src 'none'; sandbox"), (b'X-Linked-ETag', b'"f80da89a35a17378a05d3edfb0381f9980a5c12d"'), (b'X-Cache', b'Miss from cloudfront'), (b'Via', b'1.1 98c5164a86e0d67efb9bf35971e4d56c.cloudfront.net (CloudFront)'), (b'X-Amz-Cf-Pop', b'BOM78-P10'), (b'X-Amz-Cf-Id', b'fqqyh16Il3Cu9xXuXRocq_sCmndvUPu1jtwAlAVuENFt-a4Y8mnh9A==')])
2026-07-03 13:08:15,298 - INFO - HTTP Request: HEAD https://huggingface.co/datasets/nayohan/multi_session_chat/resolve/main/README.md "HTTP/1.1 307 Temporary Redirect"
2026-07-03 13:08:15,299 - DEBUG - receive_response_body.started request=<Request [b'HEAD']>
2026-07-03 13:08:15,299 - DEBUG - receive_response_body.complete
2026-07-03 13:08:15,299 - DEBUG - response_closed.started
2026-07-03 13:08:15,299 - DEBUG - response_closed.complete
2026-07-03 13:08:15,300 - DEBUG - send_request_headers.started request=<Request [b'HEAD']>
2026-07-03 13:08:15,300 - DEBUG - send_request_headers.complete
2026-07-03 13:08:15,301 - DEBUG - send_request_body.started request=<Request [b'HEAD']>
2026-07-03 13:08:15,301 - DEBUG - send_request_body.complete
2026-07-03 13:08:15,301 - DEBUG - receive_response_headers.started request=<Request [b'HEAD']>
2026-07-03 13:08:15,328 - DEBUG - receive_response_headers.complete return_value=(b'HTTP/1.1', 200, b'OK', [(b'Content-Type', b'text/plain; charset=utf-8'), (b'Content-Length', b'897'), (b'Connection', b'keep-alive'), (b'Date', b'Fri, 29 May 2026 12:48:35 GMT'), (b'ETag', b'"f80da89a35a17378a05d3edfb0381f9980a5c12d"'), (b'X-Powered-By', b'huggingface-moon'), (b'X-Request-Id', b'Root=1-6a198b23-5d2401be350eb0e26f82d1f0;07a58301-54ba-4873-bdb2-1c10b65d4a1f'), (b'RateLimit', b'"resolvers";r=2998;t=109'), (b'RateLimit-Policy', b'"fixed window";"resolvers";q=3000;w=300'), (b'cross-origin-opener-policy', b'same-origin'), (b'Referrer-Policy', b'strict-origin-when-cross-origin'), (b'Access-Control-Max-Age', b'86400'), (b'Access-Control-Allow-Origin', b'https://huggingface.co'), (b'Access-Control-Expose-Headers', b'X-Repo-Commit,X-Request-Id,X-Error-Code,X-Error-Message,X-Total-Count,ETag,Link,Accept-Ranges,Content-Range,X-Linked-Size,X-Linked-ETag,X-Xet-Hash'), (b'X-Repo-Commit', b'78b67491c43823fc169cab827ab3f82805e0235b'), (b'Accept-Ranges', b'bytes'), (b'X-Hub-Cache', b'MISS'), (b'Content-Disposition', b'inline; filename*=UTF-8\'\'README.md; filename="README.md";'), (b'Content-Security-Policy', b"default-src 'none'; sandbox"), (b'Vary', b'Origin'), (b'X-Cache', b'Hit from cloudfront'), (b'Via', b'1.1 98c5164a86e0d67efb9bf35971e4d56c.cloudfront.net (CloudFront)'), (b'X-Amz-Cf-Pop', b'BOM78-P10'), (b'X-Amz-Cf-Id', b'BOW24Vu9twd2EbdGKLIheUm5kB3lv4lt4fBAaqorBymwHCtiYl17UQ=='), (b'Age', b'3005380')])
2026-07-03 13:08:15,329 - INFO - HTTP Request: HEAD https://huggingface.co/api/resolve-cache/datasets/nayohan/multi_session_chat/78b67491c43823fc169cab827ab3f82805e0235b/README.md "HTTP/1.1 200 OK"
2026-07-03 13:08:15,329 - DEBUG - receive_response_body.started request=<Request [b'HEAD']>
2026-07-03 13:08:15,329 - DEBUG - receive_response_body.complete
2026-07-03 13:08:15,329 - DEBUG - response_closed.started
2026-07-03 13:08:15,329 - DEBUG - response_closed.complete
2026-07-03 13:08:15,393 - DEBUG - send_request_headers.started request=<Request [b'HEAD']>
2026-07-03 13:08:15,393 - DEBUG - send_request_headers.complete
2026-07-03 13:08:15,393 - DEBUG - send_request_body.started request=<Request [b'HEAD']>
2026-07-03 13:08:15,393 - DEBUG - send_request_body.complete
2026-07-03 13:08:15,393 - DEBUG - receive_response_headers.started request=<Request [b'HEAD']>
2026-07-03 13:08:15,632 - DEBUG - receive_response_headers.complete return_value=(b'HTTP/1.1', 404, b'Not Found', [(b'Content-Type', b'text/plain; charset=utf-8'), (b'Content-Length', b'15'), (b'Connection', b'keep-alive'), (b'Date', b'Fri, 03 Jul 2026 07:38:15 GMT'), (b'ETag', b'W/"f-mY2VvLxuxB7KhsoOdQTlMTccuAQ"'), (b'X-Powered-By', b'huggingface-moon'), (b'X-Request-Id', b'Root=1-6a4766e7-4fdc2607154096ff5dc6cebd;5522be3a-5d8f-48a5-9a54-6113668514f8'), (b'RateLimit', b'"resolvers";r=2992;t=233'), (b'RateLimit-Policy', b'"fixed window";"resolvers";q=3000;w=300'), (b'cross-origin-opener-policy', b'same-origin'), (b'Referrer-Policy', b'strict-origin-when-cross-origin'), (b'Access-Control-Max-Age', b'86400'), (b'Access-Control-Allow-Origin', b'https://huggingface.co'), (b'Vary', b'Origin'), (b'Access-Control-Expose-Headers', b'X-Repo-Commit,X-Request-Id,X-Error-Code,X-Error-Message,X-Total-Count,ETag,Link,Accept-Ranges,Content-Range,X-Linked-Size,X-Linked-ETag,X-Xet-Hash'), (b'X-Repo-Commit', b'78b67491c43823fc169cab827ab3f82805e0235b'), (b'Accept-Ranges', b'bytes'), (b'X-Hub-Cache', b'MISS'), (b'X-Error-Code', b'EntryNotFound'), (b'X-Error-Message', b'Entry not found'), (b'X-Cache', b'Error from cloudfront'), (b'Via', b'1.1 98c5164a86e0d67efb9bf35971e4d56c.cloudfront.net (CloudFront)'), (b'X-Amz-Cf-Pop', b'BOM78-P10'), (b'X-Amz-Cf-Id', b'i4UB89ZwXK4S4N7nCTK-fOgz-1Kpdu9s0bkOYMPcuaPf26WM9O15XA==')])
2026-07-03 13:08:15,633 - INFO - HTTP Request: HEAD https://huggingface.co/datasets/nayohan/multi_session_chat/resolve/78b67491c43823fc169cab827ab3f82805e0235b/multi_session_chat.py "HTTP/1.1 404 Not Found"
2026-07-03 13:08:15,633 - DEBUG - receive_response_body.started request=<Request [b'HEAD']>
2026-07-03 13:08:15,633 - DEBUG - receive_response_body.complete
2026-07-03 13:08:15,633 - DEBUG - response_closed.started
2026-07-03 13:08:15,633 - DEBUG - response_closed.complete
2026-07-03 13:08:15,636 - DEBUG - connect_tcp.started host='s3.amazonaws.com' port=443 local_address=None timeout=3 socket_options=None
2026-07-03 13:08:15,930 - DEBUG - connect_tcp.complete return_value=<httpcore._backends.sync.SyncStream object at 0x7f494ff78b00>
2026-07-03 13:08:15,930 - DEBUG - start_tls.started ssl_context=<ssl.SSLContext object at 0x7f4a7fa66d50> server_hostname='s3.amazonaws.com' timeout=3
2026-07-03 13:08:16,204 - DEBUG - start_tls.complete return_value=<httpcore._backends.sync.SyncStream object at 0x7f49652d1a30>
2026-07-03 13:08:16,204 - DEBUG - send_request_headers.started request=<Request [b'HEAD']>
2026-07-03 13:08:16,204 - DEBUG - send_request_headers.complete
2026-07-03 13:08:16,205 - DEBUG - send_request_body.started request=<Request [b'HEAD']>
2026-07-03 13:08:16,205 - DEBUG - send_request_body.complete
2026-07-03 13:08:16,205 - DEBUG - receive_response_headers.started request=<Request [b'HEAD']>
2026-07-03 13:08:16,501 - DEBUG - receive_response_headers.complete return_value=(b'HTTP/1.1', 404, b'Not Found', [(b'x-amz-request-id', b'B4X5FNA7M6DY57X7'), (b'x-amz-id-2', b'iz1XIDVh6w4lp/2L5Pxaq/WVm2Nf9Ni3ssVlBmaglkqepr/UbWJYQDPoyiJWFDMF22el/ksP1XAG4SqpdBWetwMdzWLE9dQz'), (b'Content-Type', b'application/xml'), (b'Transfer-Encoding', b'chunked'), (b'Date', b'Fri, 03 Jul 2026 07:38:15 GMT'), (b'Server', b'AmazonS3')])
2026-07-03 13:08:16,501 - INFO - HTTP Request: HEAD https://s3.amazonaws.com/datasets.huggingface.co/datasets/datasets/nayohan/multi_session_chat/nayohan/multi_session_chat.py "HTTP/1.1 404 Not Found"
2026-07-03 13:08:16,501 - DEBUG - receive_response_body.started request=<Request [b'HEAD']>
2026-07-03 13:08:16,502 - DEBUG - receive_response_body.complete
2026-07-03 13:08:16,502 - DEBUG - response_closed.started
2026-07-03 13:08:16,502 - DEBUG - response_closed.complete
2026-07-03 13:08:16,521 - DEBUG - send_request_headers.started request=<Request [b'GET']>
2026-07-03 13:08:16,521 - DEBUG - send_request_headers.complete
2026-07-03 13:08:16,521 - DEBUG - send_request_body.started request=<Request [b'GET']>
2026-07-03 13:08:16,521 - DEBUG - send_request_body.complete
2026-07-03 13:08:16,521 - DEBUG - receive_response_headers.started request=<Request [b'GET']>
2026-07-03 13:08:16,778 - DEBUG - receive_response_headers.complete return_value=(b'HTTP/1.1', 200, b'OK', [(b'Content-Type', b'application/json; charset=utf-8'), (b'Transfer-Encoding', b'chunked'), (b'Connection', b'keep-alive'), (b'Date', b'Fri, 03 Jul 2026 07:38:16 GMT'), (b'content-encoding', b'gzip'), (b'ETag', b'W/"644-o/JeGD6hra1SE53dpvFPpaRRbjY"'), (b'X-Powered-By', b'huggingface-moon'), (b'X-Request-Id', b'Root=1-6a4766e8-6f6c4b0c06a4d0126d51bd6c;3217614f-1bbc-4c50-b495-bbe71dc595ea'), (b'RateLimit', b'"api";r=487;t=232'), (b'RateLimit-Policy', b'"fixed window";"api";q=500;w=300'), (b'cross-origin-opener-policy', b'same-origin'), (b'Referrer-Policy', b'strict-origin-when-cross-origin'), (b'Access-Control-Max-Age', b'86400'), (b'Access-Control-Allow-Origin', b'https://huggingface.co'), (b'Vary', b'Origin'), (b'vary', b'Accept-Encoding'), (b'Access-Control-Expose-Headers', b'X-Repo-Commit,X-Request-Id,X-Error-Code,X-Error-Message,X-Total-Count,ETag,Link,Accept-Ranges,Content-Range,X-Linked-Size,X-Linked-ETag,X-Xet-Hash'), (b'X-Cache', b'Miss from cloudfront'), (b'Via', b'1.1 98c5164a86e0d67efb9bf35971e4d56c.cloudfront.net (CloudFront)'), (b'X-Amz-Cf-Pop', b'BOM78-P10'), (b'X-Amz-Cf-Id', b'y7x3pFXbeaHec8S7kWh1knfUtRqpAMRCYmSjSM2D6CVvuVwRwt0jzA==')])
2026-07-03 13:08:16,779 - INFO - HTTP Request: GET https://huggingface.co/api/datasets/nayohan/multi_session_chat/revision/78b67491c43823fc169cab827ab3f82805e0235b "HTTP/1.1 200 OK"
2026-07-03 13:08:16,779 - DEBUG - receive_response_body.started request=<Request [b'GET']>
2026-07-03 13:08:16,780 - DEBUG - receive_response_body.complete
2026-07-03 13:08:16,780 - DEBUG - response_closed.started
2026-07-03 13:08:16,780 - DEBUG - response_closed.complete
2026-07-03 13:08:16,783 - DEBUG - send_request_headers.started request=<Request [b'HEAD']>
2026-07-03 13:08:16,783 - DEBUG - send_request_headers.complete
2026-07-03 13:08:16,783 - DEBUG - send_request_body.started request=<Request [b'HEAD']>
2026-07-03 13:08:16,783 - DEBUG - send_request_body.complete
2026-07-03 13:08:16,784 - DEBUG - receive_response_headers.started request=<Request [b'HEAD']>
2026-07-03 13:08:17,010 - DEBUG - receive_response_headers.complete return_value=(b'HTTP/1.1', 404, b'Not Found', [(b'Content-Type', b'text/plain; charset=utf-8'), (b'Content-Length', b'15'), (b'Connection', b'keep-alive'), (b'Date', b'Fri, 03 Jul 2026 07:38:16 GMT'), (b'ETag', b'W/"f-mY2VvLxuxB7KhsoOdQTlMTccuAQ"'), (b'X-Powered-By', b'huggingface-moon'), (b'X-Request-Id', b'Root=1-6a4766e8-5f745e294d47af7e34aaa2fb;03587da0-f716-424f-b8ce-0c9de174404c'), (b'RateLimit', b'"resolvers";r=2991;t=232'), (b'RateLimit-Policy', b'"fixed window";"resolvers";q=3000;w=300'), (b'cross-origin-opener-policy', b'same-origin'), (b'Referrer-Policy', b'strict-origin-when-cross-origin'), (b'Access-Control-Max-Age', b'86400'), (b'Access-Control-Allow-Origin', b'https://huggingface.co'), (b'Vary', b'Origin'), (b'Access-Control-Expose-Headers', b'X-Repo-Commit,X-Request-Id,X-Error-Code,X-Error-Message,X-Total-Count,ETag,Link,Accept-Ranges,Content-Range,X-Linked-Size,X-Linked-ETag,X-Xet-Hash'), (b'X-Repo-Commit', b'78b67491c43823fc169cab827ab3f82805e0235b'), (b'Accept-Ranges', b'bytes'), (b'X-Hub-Cache', b'MISS'), (b'X-Error-Code', b'EntryNotFound'), (b'X-Error-Message', b'Entry not found'), (b'X-Cache', b'Error from cloudfront'), (b'Via', b'1.1 98c5164a86e0d67efb9bf35971e4d56c.cloudfront.net (CloudFront)'), (b'X-Amz-Cf-Pop', b'BOM78-P10'), (b'X-Amz-Cf-Id', b'Uu1DY2RO51jpVRkMB1MdFDMUMXKQmT8C0BLE7ylGWBk4Lhx3C9aLzw==')])
2026-07-03 13:08:17,010 - INFO - HTTP Request: HEAD https://huggingface.co/datasets/nayohan/multi_session_chat/resolve/78b67491c43823fc169cab827ab3f82805e0235b/.huggingface.yaml "HTTP/1.1 404 Not Found"
2026-07-03 13:08:17,011 - DEBUG - receive_response_body.started request=<Request [b'HEAD']>
2026-07-03 13:08:17,011 - DEBUG - receive_response_body.complete
2026-07-03 13:08:17,011 - DEBUG - response_closed.started
2026-07-03 13:08:17,011 - DEBUG - response_closed.complete
2026-07-03 13:08:17,027 - DEBUG - connect_tcp.started host='datasets-server.huggingface.co' port=443 local_address=None timeout=100.0 socket_options=None
2026-07-03 13:08:17,123 - DEBUG - connect_tcp.complete return_value=<httpcore._backends.sync.SyncStream object at 0x7f494c0e0af0>
2026-07-03 13:08:17,123 - DEBUG - start_tls.started ssl_context=<ssl.SSLContext object at 0x7f4a7fa66d50> server_hostname='datasets-server.huggingface.co' timeout=100.0
2026-07-03 13:08:17,157 - DEBUG - start_tls.complete return_value=<httpcore._backends.sync.SyncStream object at 0x7f494c0e1260>
2026-07-03 13:08:17,158 - DEBUG - send_request_headers.started request=<Request [b'GET']>
2026-07-03 13:08:17,158 - DEBUG - send_request_headers.complete
2026-07-03 13:08:17,158 - DEBUG - send_request_body.started request=<Request [b'GET']>
2026-07-03 13:08:17,158 - DEBUG - send_request_body.complete
2026-07-03 13:08:17,158 - DEBUG - receive_response_headers.started request=<Request [b'GET']>
2026-07-03 13:08:17,395 - DEBUG - receive_response_headers.complete return_value=(b'HTTP/1.1', 200, b'OK', [(b'Content-Type', b'application/json'), (b'Transfer-Encoding', b'chunked'), (b'Connection', b'keep-alive'), (b'Date', b'Fri, 03 Jul 2026 07:38:17 GMT'), (b'vary', b'Accept-Encoding'), (b'content-encoding', b'gzip'), (b'server', b'uvicorn'), (b'cache-control', b'max-age=120'), (b'x-revision', b'78b67491c43823fc169cab827ab3f82805e0235b'), (b'X-Cache', b'Miss from cloudfront'), (b'Via', b'1.1 fa21a344ea09715302f37efd65799756.cloudfront.net (CloudFront)'), (b'X-Amz-Cf-Pop', b'BOM78-P2'), (b'X-Amz-Cf-Id', b'_hdYZlKJSSc5lVvKs6jlSrvE7gNqk3Ujt9EDP_Be-BC_rLvNZuDeHA==')])
2026-07-03 13:08:17,396 - INFO - HTTP Request: GET https://datasets-server.huggingface.co/info?dataset=nayohan/multi_session_chat "HTTP/1.1 200 OK"
2026-07-03 13:08:17,396 - DEBUG - receive_response_body.started request=<Request [b'GET']>
2026-07-03 13:08:17,396 - DEBUG - receive_response_body.complete
2026-07-03 13:08:17,396 - DEBUG - response_closed.started
2026-07-03 13:08:17,396 - DEBUG - response_closed.complete
2026-07-03 13:08:17,400 - DEBUG - send_request_headers.started request=<Request [b'GET']>
2026-07-03 13:08:17,401 - DEBUG - send_request_headers.complete
2026-07-03 13:08:17,401 - DEBUG - send_request_body.started request=<Request [b'GET']>
2026-07-03 13:08:17,401 - DEBUG - send_request_body.complete
2026-07-03 13:08:17,401 - DEBUG - receive_response_headers.started request=<Request [b'GET']>
2026-07-03 13:08:17,628 - DEBUG - receive_response_headers.complete return_value=(b'HTTP/1.1', 200, b'OK', [(b'Content-Type', b'application/json; charset=utf-8'), (b'Transfer-Encoding', b'chunked'), (b'Connection', b'keep-alive'), (b'Date', b'Fri, 03 Jul 2026 07:38:17 GMT'), (b'content-encoding', b'gzip'), (b'ETag', b'W/"3e8-BpyYFlC0IeSAo0stOCyS4dhIP58"'), (b'X-Powered-By', b'huggingface-moon'), (b'X-Request-Id', b'Root=1-6a4766e9-1e87967a6aacd1605358063c;169f85c6-bd29-4902-9236-b02f3d4ffb67'), (b'RateLimit', b'"api";r=486;t=231'), (b'RateLimit-Policy', b'"fixed window";"api";q=500;w=300'), (b'cross-origin-opener-policy', b'same-origin'), (b'Referrer-Policy', b'strict-origin-when-cross-origin'), (b'Access-Control-Max-Age', b'86400'), (b'Access-Control-Allow-Origin', b'https://huggingface.co'), (b'Vary', b'Origin'), (b'vary', b'Accept-Encoding'), (b'Access-Control-Expose-Headers', b'X-Repo-Commit,X-Request-Id,X-Error-Code,X-Error-Message,X-Total-Count,ETag,Link,Accept-Ranges,Content-Range,X-Linked-Size,X-Linked-ETag,X-Xet-Hash'), (b'X-Cache', b'Miss from cloudfront'), (b'Via', b'1.1 98c5164a86e0d67efb9bf35971e4d56c.cloudfront.net (CloudFront)'), (b'X-Amz-Cf-Pop', b'BOM78-P10'), (b'X-Amz-Cf-Id', b'6LvV1iOLmHeg9ReRlKyQuFTP94fxWRU_LCzuj8qmdxhLZS-KOjagdQ==')])
2026-07-03 13:08:17,629 - INFO - HTTP Request: GET https://huggingface.co/api/datasets/nayohan/multi_session_chat/tree/78b67491c43823fc169cab827ab3f82805e0235b/data?recursive=true&expand=false "HTTP/1.1 200 OK"
2026-07-03 13:08:17,629 - DEBUG - receive_response_body.started request=<Request [b'GET']>
2026-07-03 13:08:17,629 - DEBUG - receive_response_body.complete
2026-07-03 13:08:17,629 - DEBUG - response_closed.started
2026-07-03 13:08:17,629 - DEBUG - response_closed.complete
2026-07-03 13:08:17,631 - DEBUG - send_request_headers.started request=<Request [b'GET']>
2026-07-03 13:08:17,632 - DEBUG - send_request_headers.complete
2026-07-03 13:08:17,632 - DEBUG - send_request_body.started request=<Request [b'GET']>
2026-07-03 13:08:17,632 - DEBUG - send_request_body.complete
2026-07-03 13:08:17,632 - DEBUG - receive_response_headers.started request=<Request [b'GET']>
2026-07-03 13:08:17,859 - DEBUG - receive_response_headers.complete return_value=(b'HTTP/1.1', 200, b'OK', [(b'Content-Type', b'application/json; charset=utf-8'), (b'Content-Length', b'290'), (b'Connection', b'keep-alive'), (b'Date', b'Fri, 03 Jul 2026 07:38:17 GMT'), (b'ETag', b'W/"122-XUccIFjhClfpjnDv7IF4pkmj5rA"'), (b'X-Powered-By', b'huggingface-moon'), (b'X-Request-Id', b'Root=1-6a4766e9-4f541a727879697f67ebe7b9;b7169bf9-f9c7-4b33-afdb-652de14e054b'), (b'RateLimit', b'"api";r=485;t=231'), (b'RateLimit-Policy', b'"fixed window";"api";q=500;w=300'), (b'cross-origin-opener-policy', b'same-origin'), (b'Referrer-Policy', b'strict-origin-when-cross-origin'), (b'Access-Control-Max-Age', b'86400'), (b'Access-Control-Allow-Origin', b'https://huggingface.co'), (b'Vary', b'Origin'), (b'Access-Control-Expose-Headers', b'X-Repo-Commit,X-Request-Id,X-Error-Code,X-Error-Message,X-Total-Count,ETag,Link,Accept-Ranges,Content-Range,X-Linked-Size,X-Linked-ETag,X-Xet-Hash'), (b'X-Cache', b'Miss from cloudfront'), (b'Via', b'1.1 98c5164a86e0d67efb9bf35971e4d56c.cloudfront.net (CloudFront)'), (b'X-Amz-Cf-Pop', b'BOM78-P10'), (b'X-Amz-Cf-Id', b'h6F25koXZHK22XMtf_F8MyOnXMOr4Hmmq9M8LkMkmCJPc1rX9Qsr-g==')])
2026-07-03 13:08:17,860 - INFO - HTTP Request: GET https://huggingface.co/api/datasets/nayohan/multi_session_chat/tree/78b67491c43823fc169cab827ab3f82805e0235b?recursive=false&expand=false "HTTP/1.1 200 OK"
2026-07-03 13:08:17,860 - DEBUG - receive_response_body.started request=<Request [b'GET']>
2026-07-03 13:08:17,860 - DEBUG - receive_response_body.complete
2026-07-03 13:08:17,860 - DEBUG - response_closed.started
2026-07-03 13:08:17,860 - DEBUG - response_closed.complete
2026-07-03 13:08:17,870 - DEBUG - send_request_headers.started request=<Request [b'HEAD']>
2026-07-03 13:08:17,871 - DEBUG - send_request_headers.complete
2026-07-03 13:08:17,871 - DEBUG - send_request_body.started request=<Request [b'HEAD']>
2026-07-03 13:08:17,871 - DEBUG - send_request_body.complete
2026-07-03 13:08:17,871 - DEBUG - receive_response_headers.started request=<Request [b'HEAD']>
2026-07-03 13:08:18,097 - DEBUG - receive_response_headers.complete return_value=(b'HTTP/1.1', 404, b'Not Found', [(b'Content-Type', b'text/plain; charset=utf-8'), (b'Content-Length', b'15'), (b'Connection', b'keep-alive'), (b'Date', b'Fri, 03 Jul 2026 07:38:18 GMT'), (b'ETag', b'W/"f-mY2VvLxuxB7KhsoOdQTlMTccuAQ"'), (b'X-Powered-By', b'huggingface-moon'), (b'X-Request-Id', b'Root=1-6a4766ea-1cb63cb83b68a9e3042efd4d;4780eef5-d8e8-4994-a57a-cef1640b94fe'), (b'RateLimit', b'"resolvers";r=2990;t=230'), (b'RateLimit-Policy', b'"fixed window";"resolvers";q=3000;w=300'), (b'cross-origin-opener-policy', b'same-origin'), (b'Referrer-Policy', b'strict-origin-when-cross-origin'), (b'Access-Control-Max-Age', b'86400'), (b'Access-Control-Allow-Origin', b'https://huggingface.co'), (b'Vary', b'Origin'), (b'Access-Control-Expose-Headers', b'X-Repo-Commit,X-Request-Id,X-Error-Code,X-Error-Message,X-Total-Count,ETag,Link,Accept-Ranges,Content-Range,X-Linked-Size,X-Linked-ETag,X-Xet-Hash'), (b'X-Repo-Commit', b'78b67491c43823fc169cab827ab3f82805e0235b'), (b'Accept-Ranges', b'bytes'), (b'X-HF-Warning', b'unauthenticated; Warning: You are sending unauthenticated requests to the HF Hub. Please set a HF_TOKEN to enable higher rate limits and faster downloads.'), (b'X-Hub-Cache', b'MISS'), (b'X-Error-Code', b'EntryNotFound'), (b'X-Error-Message', b'Entry not found'), (b'X-Cache', b'Error from cloudfront'), (b'Via', b'1.1 98c5164a86e0d67efb9bf35971e4d56c.cloudfront.net (CloudFront)'), (b'X-Amz-Cf-Pop', b'BOM78-P10'), (b'X-Amz-Cf-Id', b'TV-XIf5QdYqp3Lrukv7r6Src5TUvEdykHi3ncbDNpLcUG60IC3iZHA==')])
2026-07-03 13:08:18,097 - INFO - HTTP Request: HEAD https://huggingface.co/datasets/nayohan/multi_session_chat/resolve/78b67491c43823fc169cab827ab3f82805e0235b/dataset_infos.json "HTTP/1.1 404 Not Found"
2026-07-03 13:08:18,098 - DEBUG - receive_response_body.started request=<Request [b'HEAD']>
2026-07-03 13:08:18,098 - DEBUG - receive_response_body.complete
2026-07-03 13:08:18,098 - DEBUG - response_closed.started
2026-07-03 13:08:18,098 - DEBUG - response_closed.complete
2026-07-03 13:08:18,194 - DEBUG - Attempting to acquire lock 139953205772368 on /home/kbasu/arnavbhatt/.cache/huggingface/datasets/_home_kbasu_arnavbhatt_.cache_huggingface_datasets_nayohan___multi_session_chat_default_0.0.0_78b67491c43823fc169cab827ab3f82805e0235b.lock
2026-07-03 13:08:18,198 - DEBUG - Lock 139953205772368 acquired on /home/kbasu/arnavbhatt/.cache/huggingface/datasets/_home_kbasu_arnavbhatt_.cache_huggingface_datasets_nayohan___multi_session_chat_default_0.0.0_78b67491c43823fc169cab827ab3f82805e0235b.lock
2026-07-03 13:08:18,246 - DEBUG - open file: /home/kbasu/arnavbhatt/.cache/huggingface/datasets/nayohan___multi_session_chat/default/0.0.0/78b67491c43823fc169cab827ab3f82805e0235b/dataset_info.json
2026-07-03 13:08:18,249 - DEBUG - Attempting to release lock 139953205772368 on /home/kbasu/arnavbhatt/.cache/huggingface/datasets/_home_kbasu_arnavbhatt_.cache_huggingface_datasets_nayohan___multi_session_chat_default_0.0.0_78b67491c43823fc169cab827ab3f82805e0235b.lock
2026-07-03 13:08:18,303 - DEBUG - Lock 139953205772368 released on /home/kbasu/arnavbhatt/.cache/huggingface/datasets/_home_kbasu_arnavbhatt_.cache_huggingface_datasets_nayohan___multi_session_chat_default_0.0.0_78b67491c43823fc169cab827ab3f82805e0235b.lock
2026-07-03 13:08:18,311 - DEBUG - Attempting to acquire lock 139952850305744 on /home/kbasu/arnavbhatt/.cache/huggingface/datasets/nayohan___multi_session_chat/default/0.0.0/78b67491c43823fc169cab827ab3f82805e0235b_builder.lock
2026-07-03 13:08:18,314 - DEBUG - Lock 139952850305744 acquired on /home/kbasu/arnavbhatt/.cache/huggingface/datasets/nayohan___multi_session_chat/default/0.0.0/78b67491c43823fc169cab827ab3f82805e0235b_builder.lock
2026-07-03 13:08:18,314 - DEBUG - open file: /home/kbasu/arnavbhatt/.cache/huggingface/datasets/nayohan___multi_session_chat/default/0.0.0/78b67491c43823fc169cab827ab3f82805e0235b/dataset_info.json
2026-07-03 13:08:18,316 - DEBUG - Attempting to release lock 139952850305744 on /home/kbasu/arnavbhatt/.cache/huggingface/datasets/nayohan___multi_session_chat/default/0.0.0/78b67491c43823fc169cab827ab3f82805e0235b_builder.lock
2026-07-03 13:08:18,328 - DEBUG - Lock 139952850305744 released on /home/kbasu/arnavbhatt/.cache/huggingface/datasets/nayohan___multi_session_chat/default/0.0.0/78b67491c43823fc169cab827ab3f82805e0235b_builder.lock
2026-07-03 13:18:06,546 - WARNING - RETRYING #8 Dialogue 436, Session: 0. MSG: Expecting ',' delimiter: line 54 column 115 (char 6054)
 LLM Response: {
  "topics": ["introduce self", "share marital status", "ask about kids and ice cream", "mention ice cream shops", "ask about favorite ice cream", "mention coffee and seattle", "state residence and job", "comment on job", "explain job and music career", "comment on seattle and music", "agree on rock bands", "comment on uniqueness for popularity"],
  "entities": [
    {"id": "e1", "name": "Mary", "type": "PERSON", "timestamp": "turn 0", "properties": ["role", "marital status"]},
    {"id": "e2", "name": "Kids", "type": "ACTIVITY", "timestamp": "turn 1", "properties": ["parent", "age"]},
    {"id": "e3", "name": "Ice cream", "type": "OBJECT", "timestamp": "turn 2", "properties": ["flavor", "consumption"]},
    {"id": "e4", "name": "Road trips", "type": "ACTIVITY", "timestamp": "turn 3", "properties": ["purpose"]},
    {"id": "e5", "name": "Coffee flavored ice cream", "type": "OBJECT", "timestamp": "turn 5", "properties": ["flavor"]},
    {"id": "e6", "name": "Seattle", "type": "LOCATION", "timestamp": "turn 5", "properties": ["favorite place"]},
    {"id": "e7", "name": "Cab driver", "type": "JOB", "timestamp": "turn 6", "properties": ["occupation"]},
    {"id": "e8", "name": "Meeting coordinator", "type": "JOB", "timestamp": "turn 7", "properties": ["occupation"]},
    {"id": "e9", "name": "Music career", "type": "CONCEPT", "timestamp": "turn 9", "properties": ["launch place"]},
    {"id": "e10", "name": "Rock bands", "type": "ACTIVITY", "timestamp": "turn 10", "properties": ["type"]},
    {"id": "e11", "name": "Unique sound", "type": "CONCEPT", "timestamp": "turn 11", "properties": ["requirement"]},
    {"id": "e12", "name": "Music band", "type": "ACTIVITY", "timestamp": "turn 8", "properties": ["status"]},
    {"id": "e13", "name": "Popular", "type": "CONCEPT", "timestamp": "turn 11", "properties": ["status"]},
    {"id": "e14", "name": "Boring", "type": "CONCEPT", "timestamp": "turn 7", "properties": ["description"]},
    {"id": "e15", "name": "Launch", "type": "ACTIVITY", "timestamp": "turn 9", "properties": ["purpose"]},
    {"id": "e16", "name": "Popular music", "type": "CONCEPT", "timestamp": "turn 11", "properties": ["status"]},
    {"id": "e17", "name": "Music career", "type": "CONCEPT", "timestamp": "turn 8", "properties": ["status"]},
    {"id": "e18", "name": "Music band", "type": "ACTIVITY", "timestamp": "turn 8", "properties": ["status"]},
    {"id": "e19", "name": "Music career", "type": "CONCEPT", "timestamp": "turn 9", "properties": ["status"]},
    {"id": "e20", "name": "Rock bands", "type": "ACTIVITY", "timestamp": "turn 10", "properties": ["type"]},
    {"id": "e21", "name": "Unique sound", "type": "CONCEPT", "timestamp": "turn 11", "properties": ["requirement"]},
    {"id": "e22", "name": "Popular", "type": "CONCEPT", "timestamp": "turn 11", "properties": ["status"]},
    {"id": "e23", "name": "Music band", "type": "ACTIVITY", "timestamp": "turn 8", "properties": ["status"]},
    {"id": "e24", "name": "Music career", "type": "CONCEPT", "timestamp": "turn 9", "properties": ["status"]},
    {"id": "e25", "name": "Rock bands", "type": "ACTIVITY", "timestamp": "turn 10", "properties": ["type"]},
    {"id": "e26", "name": "Unique sound", "type": "CONCEPT", "timestamp": "turn 11", "properties": ["requirement"]},
    {"id": "e27", "name": "Popular", "type": "CONCEPT", "timestamp": "turn 11", "properties": ["status"]},
    {"id": "e28", "name": "Music band", "type": "ACTIVITY", "timestamp": "turn 8", "properties": ["status"]},
    {"id": "e29", "name": "Music career", "type": "CONCEPT", "timestamp": "turn 9", "properties": ["status"]},
    {"id": "e30", "name": "Rock bands", "type": "ACTIVITY", "timestamp": "turn 10", "properties": ["type"]},
    {"id": "e31", "name": "Unique sound", "type": "CONCEPT", "timestamp": "turn 11", "properties": ["requirement"]},
    {"id": "e32", "name": "Popular", "type": "CONCEPT", "timestamp": "turn 11", "properties": ["status"]},
    {"id": "e33", "name": "Music band", "type": "ACTIVITY", "timestamp": "turn 8", "properties": ["status"]},
    {"id": "e34", "name": "Music career", "type": "CONCEPT", "timestamp": "turn 9", "properties": ["status"]},
    {"id": "e35", "name": "Rock bands", "type": "ACTIVITY", "timestamp": "turn 10", "properties": ["type"]},
    {"id": "e36", "name": "Unique sound", "type": "CONCEPT", "timestamp": "turn 11", "properties": ["requirement"]},
    {"id": "e37", "name": "Popular", "type": "CONCEPT", "timestamp": "turn 11", "properties": ["status"]},
    {"id": "e38", "name": "Music band", "type": "ACTIVITY", "timestamp": "turn 8", "properties": ["status"]},
    {"id": "e39", "name": "Music career", "type": "CONCEPT", "timestamp": "turn 9", "properties": ["status"]},
    {"id": "e40", "name": "Rock bands", "type": "ACTIVITY", "timestamp": "turn 10", "properties": ["type"]},
    {"id": "e41", "name": "Unique sound", "type": "CONCEPT", "timestamp": "turn 11", "properties": ["requirement"]},
    {"id": "e42", "name": "Popular", "type": "CONCEPT", "timestamp": "turn 11", "properties": ["status"]},
    {"id": "e43", "name": "Music band", "type": "ACTIVITY", "timestamp": "turn 8", "properties": ["status"]},
    {"id": "e44", "name": "Music career", "type": "CONCEPT", "timestamp": "turn 9", "properties": ["status"]},
    {"id": "e45", "name": "Rock bands", "type": "ACTIVITY", "timestamp": "turn 10", "properties": ["type"]},
    {"id": "e46", "name": "Unique sound", "type": "CONCEPT", "timestamp": "turn 11", "properties": ["requirement"]},
    {"id": "e47", "name": "Popular", "type": "CONCEPT", "timestamp": "turn 11", "properties": ["status"]},
    {"id": "e48", "name": "Music band", "type": "ACTIVITY", "timestamp": "turn 8", "properties": ["status"]},
    {"id": "e49", "name": "Music career", "type": "CONCEPT", "timestamp": "turn 9", "properties": ["status"]},
    {"id": "e50", "name": "Rock bands", "type": "ACTIVITY", "timestamp": "turn 10", "properties": ["type"]},
    {"id": "e51", "name": "Unique sound", "type": "CONCEPT", "timestamp": "turn 11", "properties": ["requirement"]

2026-07-03 13:28:59,083 - WARNING - RETRYING #12 Dialogue 472, Session: 0. MSG: Expecting ',' delimiter: line 51 column 27 (char 1059)
 LLM Response: {
  "topics": ["bake off", "fun", "daughter", "grandson", "kids", "age", "pets", "kids", "job", "lunch", "tv", "shows"],
  "entities": [
    {
      "id": "e1",
      "name": "Great British Bake Off",
      "type": "EVENT",
      "timestamp": "NONE",
      "properties": []
    },
    {
      "id": "e2",
      "name": "Person 1",
      "type": "PERSON",
      "timestamp": "NONE",
      "properties": []
    },
    {
      "id": "e3",
      "name": "Person 2",
      "type": "PERSON",
      "timestamp": "NONE",
      "properties": []
    },
    {
      "id": "e4",
      "name": "Daughter",
      "type": "PERSON",
      "timestamp": "NONE",
      "properties": []
    },
    {
      "id": "e5",
      "name": "Grandson",
      "type": "PERSON",
      "timestamp": "NONE",
      "properties": []
    },
    {
      "id": "e6",
      "name": "Kids",
      "type": "PERSON",
      "timestamp": "NONE",
      "properties": []
    },
    {
      "id": "e7",
      "name": "Person 1",
      "type": "PERSON",
      "timestamp": "NONE",
      "properties": ["age": "77"]
    },
    {
      "id": "e8",
      "name": "Great Grandkids",
      "type": "CONCEPT",
      "timestamp": "NONE",
      "properties": []
    },
    {
      "id": "e9",
      "name": "Pets",
      "type": "OBJECT",
      "timestamp": "NONE",
      "properties": []
    },
    {
      "id": "e10",
      "name": "Husband",
      "type": "PERSON",
      "timestamp": "NONE",
      "properties": []
    },
    {
      "id": "e11",
      "name": "Mechanics Shop",
      "type": "LOCATION",
      "timestamp": "NONE",
      "properties": []
    },
    {
      "id": "e12",
      "name": "BBC Shows",
      "type": "EVENT",
      "timestamp": "NONE",
      "properties": []
    },
    {
      "id": "e13",
      "name": "Kate Winslet",
      "type": "PERSON",
      "timestamp": "NONE",
      "properties": []
    },
    {
      "id": "e14",
      "name": "Titanic",
      "type": "EVENT",
      "timestamp": "NONE",
      "properties": []
    }
  ],
  "relations": [
    {
      "source": "e2",
      "target": "e1",
      "relation": "watch",
      "timestamp": "NONE"
    },
    {
      "source": "e2",
      "target": "e4",
      "relation": "has",
      "timestamp": "NONE"
    },
    {
      "source": "e2",
      "target": "e5",
      "relation": "has",
      "timestamp": "NONE"
    },
    {
      "source": "e3",
      "target": "e6",
      "relation": "has",
      "timestamp": "NONE"
    },
    {
      "source": "e3",
      "target": "e6",
      "relation": "has",
      "timestamp": "NONE"
    },
    {
      "source": "e3",
      "target": "e7",
      "relation": "is",
      "timestamp": "NONE"
    },
    {
      "source": "e3",
      "target": "e8",
      "relation": "hope for",
      "timestamp": "NONE"
    },
    {
      "source": "e2",
      "target": "e9",
      "relation": "consider",
      "timestamp": "NONE"
    },
    {
      "source": "e2",
      "target": "e6",
      "relation": "has",
      "timestamp": "NONE"
    },
    {
      "source": "e2",
      "target": "e10",
      "relation": "has",
      "timestamp": "NONE"
    },
    {
      "source": "e2",
      "target": "e11",
      "relation": "take to",
      "timestamp": "NONE"
    },
    {
      "source": "e2",
      "target": "e12",
      "relation": "like",
      "timestamp": "NONE"
    },
    {
      "source": "e2",
      "target": "e13",
      "relation": "love",
      "timestamp": "NONE"
    },
    {
      "source": "e2",
      "target": "e14",
      "relation": "watch",
      "timestamp": "NONE"
    }
  ],
  "is_qna_pattern": true,
  "is_decision_tree": false,
  "is_entity_centric": true
}

2026-07-03 13:29:21,724 - WARNING - RETRYING #14 Dialogue 472, Session: 2. MSG: Expecting ',' delimiter: line 4 column 99 (char 386)
 LLM Response: {
  "topics": ["watch Downton Abbey", "watch Downton Abbey", "suggest show", "daughter's well-being", "daughter's well-being", "daughter's job", "daughter's marriage", "daughter's marriage", "daughter's marriage", "marriage trends", "marriage trends", "marriage trends"],
  "entities": [
    {"id": "e1", "name": "Speaker 1", "type": "PERSON", "timestamp": "NONE", "properties": ["role": "friend"]},
    {"id": "e2", "name": "Speaker 2", "type": "PERSON", "timestamp": "NONE", "properties": ["role": "friend"]},
    {"id": "e3", "name": "Downton Abbey", "type": "ACTIVITY", "timestamp": "NONE", "properties": []},
    {"id": "e4", "name": "Pride and Prejudice", "type": "ACTIVITY", "timestamp": "NONE", "properties": []},
    {"id": "e5", "name": "Speaker 2's daughter", "type": "PERSON", "timestamp": "NONE", "properties": ["role": "daughter"]},
    {"id": "e6", "name": "Kindergarten teaching", "type": "ACTIVITY", "timestamp": "NONE", "properties": []},
    {"id": "e7", "name": "Speaker 2's boyfriend", "type": "PERSON", "timestamp": "NONE", "properties": ["duration": "2 years"]},
    {"id": "e8", "name": "Speaker 2's grandson", "type": "PERSON", "timestamp": "NONE", "properties": []}
  ],
  "relations": [
    {"source": "e1", "target": "e3", "relation": "watch", "timestamp": "NONE"},
    {"source": "e2", "target": "e3", "relation": "watch", "timestamp": "NONE"},
    {"source": "e2", "target": "e4", "relation": "suggest", "timestamp": "NONE"},
    {"source": "e2", "target": "e5", "relation": "parent of", "timestamp": "NONE"},
    {"source": "e5", "target": "e6", "relation": "teach", "timestamp": "NONE"},
    {"source": "e5", "target": "e7", "relation": "boyfriend of", "timestamp": "NONE"},
    {"source": "e2", "target": "e8", "relation": "grandparent of", "timestamp": "NONE"}
  ],
  "is_qna_pattern": true,
  "is_decision_tree": false,
  "is_entity_centric": true
}

2026-07-03 13:36:07,753 - WARNING - RETRYING #0 Dialogue 481, Session: 0. MSG: Expecting value: line 60 column 50 (char 5905)
 LLM Response: {
  "topics": ["greeting", "shopping", "living in new york city", "shopping online", "work on wall street", "like suits", "like smooth jazz", "eye color", "eye color", "love animals", "where do you live", "live in hawaii", "want to go to hawaii", "food in hawaii", "like pineapples"],
  "entities": [
    {"id": "e1", "name": "jay", "type": "PERSON", "timestamp": "turn 0", "properties": ["name"]},
    {"id": "e2", "name": "person", "type": "PERSON", "timestamp": "turn 1", "properties": ["eye color", "poodles"]},
    {"id": "e3", "name": "nanette", "type": "ANIMAL", "timestamp": "turn 8", "properties": ["name"]},
    {"id": "e4", "name": "hawaii", "type": "LOCATION", "timestamp": "turn 11", "properties": ["location"]},
    {"id": "e5", "name": "new york city", "type": "LOCATION", "timestamp": "turn 2", "properties": ["location"]},
    {"id": "e6", "name": "wall street", "type": "LOCATION", "timestamp": "turn 4", "properties": ["work place"]},
    {"id": "e7", "name": "smooth jazz", "type": "ACTIVITY", "timestamp": "turn 6", "properties": ["favorite music"]},
    {"id": "e8", "name": "suits", "type": "OBJECT", "timestamp": "turn 4", "properties": ["favorite clothing"]},
    {"id": "e9", "name": "ties", "type": "OBJECT", "timestamp": "turn 4", "properties": ["favorite clothing"]},
    {"id": "e10", "name": "purse", "type": "OBJECT", "timestamp": "turn 3", "properties": ["item bought"]},
    {"id": "e11", "name": "pineapple juice", "type": "OBJECT", "timestamp": "turn 13", "properties": ["drink"]},
    {"id": "e12", "name": "ham", "type": "OBJECT", "timestamp": "turn 14", "properties": ["food"]},
    {"id": "e13", "name": "pineapple and coconut ice cream", "type": "OBJECT", "timestamp": "turn 15", "properties": ["ice cream"]},
    {"id": "e14", "name": "poodles", "type": "ANIMAL", "timestamp": "turn 8", "properties": ["pet"]},
    {"id": "e15", "name": "animals", "type": "CONCEPT", "timestamp": "turn 9", "properties": ["favorite thing"]},
    {"id": "e16", "name": "eye color", "type": "CONCEPT", "timestamp": "turn 7", "properties": ["attribute"]},
    {"id": "e17", "name": "green", "type": "CONCEPT", "timestamp": "turn 7", "properties": ["color"]},
    {"id": "e18", "name": "brown", "type": "CONCEPT", "timestamp": "turn 8", "properties": ["color"]},
    {"id": "e19", "name": "love", "type": "CONCEPT", "timestamp": "turn 9", "properties": ["emotion"]},
    {"id": "e20", "name": "food", "type": "CONCEPT", "timestamp": "turn 13", "properties": ["subject"]},
    {"id": "e21", "name": "pineapple", "type": "OBJECT", "timestamp": "turn 14", "properties": ["favorite food"]},
    {"id": "e22", "name": "hawaii", "type": "LOCATION", "timestamp": "turn 11", "properties": ["location"]},
    {"id": "e23", "name": "new york city", "type": "LOCATION", "timestamp": "turn 2", "properties": ["location"]},
    {"id": "e24", "name": "wall street", "type": "LOCATION", "timestamp": "turn 4", "properties": ["work place"]},
    {"id": "e25", "name": "smooth jazz", "type": "ACTIVITY", "timestamp": "turn 6", "properties": ["favorite music"]},
    {"id": "e26", "name": "suits", "type": "OBJECT", "timestamp": "turn 4", "properties": ["favorite clothing"]},
    {"id": "e27", "name": "ties", "type": "OBJECT", "timestamp": "turn 4", "properties": ["favorite clothing"]},
    {"id": "e28", "name": "purse", "type": "OBJECT", "timestamp": "turn 3", "properties": ["item bought"]},
    {"id": "e29", "name": "pineapple juice", "type": "OBJECT", "timestamp": "turn 13", "properties": ["drink"]},
    {"id": "e30", "name": "ham", "type": "OBJECT", "timestamp": "turn 14", "properties": ["food"]},
    {"id": "e31", "name": "pineapple and coconut ice cream", "type": "OBJECT", "timestamp": "turn 15", "properties": ["ice cream"]},
    {"id": "e32", "name": "poodles", "type": "ANIMAL", "timestamp": "turn 8", "properties": ["pet"]},
    {"id": "e33", "name": "animals", "type": "CONCEPT", "timestamp": "turn 9", "properties": ["favorite thing"]},
    {"id": "e34", "name": "eye color", "type": "CONCEPT", "timestamp": "turn 7", "properties": ["attribute"]},
    {"id": "e35", "name": "green", "type": "CONCEPT", "timestamp": "turn 7", "properties": ["color"]},
    {"id": "e36", "name": "brown", "type": "CONCEPT", "timestamp": "turn 8", "properties": ["color"]},
    {"id": "e37", "name": "love", "type": "CONCEPT", "timestamp": "turn 9", "properties": ["emotion"]},
    {"id": "e38", "name": "food", "type": "CONCEPT", "timestamp": "turn 13", "properties": ["subject"]}
  ],
  "relations": [
    {"source": "e1", "target": "e2", "relation": "name", "timestamp": "turn 0"},
    {"source": "e2", "target": "e3", "relation": "has", "timestamp": "turn 8"},
    {"source": "e2", "target": "e14", "relation": "has", "timestamp": "turn 8"},
    {"source": "e2", "target": "e16", "relation": "eye color", "timestamp": "turn 7"},
    {"source": "e2", "target": "e17", "relation": "color", "timestamp": "turn 7"},
    {"source": "e2", "target": "e18", "relation": "color", "timestamp": "turn 8"},
    {"source": "e2", "target": "e33", "relation": "loves", "timestamp": "turn 9"},
    {"source": "e2", "target": "e35", "relation": "eye color", "timestamp": "turn 7"},
    {"source": "e2", "target": "e36", "relation": "eye color", "timestamp": "turn 8"},
    {"source": "e2", "target": "e37", "relation": "loves", "timestamp": "turn 9"},
    {"source": "e2", "target": "e38", "relation": "loves", "timestamp": "turn 13"},
    {"source": "e2", "target": "e39", "relation": "loves", "timestamp": "turn 14"},
    {"source": "e2", "target": "e40", "relation": "loves", "timestamp": "turn 15"},
    {"source": "e2", "target": "e41", "relation": "lives in", "timestamp": "turn 11"},
    {"source": "e2", "target": "e42", "relation": "lives in", "timestamp": "turn 2"},
    {"source": "e2", "target": "e43", "relation": "works at", "timestamp": "turn 4"},
    {"source": "e2", "target": "e44", "relation":

2026-07-03 14:04:43,592 - WARNING - RETRYING #4 Dialogue 559, Session: 0. MSG: Expecting ',' delimiter: line 9 column 28 (char 398)
 LLM Response: {
  "topics": ["greeting", "introduction", "job offer", "clarification", "job need", "decline", "interest in help", "encouragement", "effort", "favorite color", "color preference", "clothing style", "comfort", "temperature", "acknowledgment", "hobby"],
  "entities": [
    {
      "id": "e1",
      "name": "Speaker 1",
      "type": "PERSON",
      "timestamp": "NONE",
      "properties": ["role": "interlocutor"]
    },
    {
      "id": "e2",
      "name": "Speaker 2",
      "type": "PERSON",
      "timestamp": "NONE",
      "properties": ["role": "interlocutor"]
    },
    {
      "id": "e3",
      "name": "rock music",
      "type": "CONCEPT",
      "timestamp": "NONE",
      "properties": ["subgenre": "guns and roses"]
    },
    {
      "id": "e4",
      "name": "help wanted pages",
      "type": "ACTIVITY",
      "timestamp": "NONE",
      "properties": ["purpose": "job search"]
    },
    {
      "id": "e5",
      "name": "black",
      "type": "COLOR",
      "timestamp": "NONE",
      "properties": ["usage": "clothing, car, purses"]
    },
    {
      "id": "e6",
      "name": "red",
      "type": "COLOR",
      "timestamp": "NONE",
      "properties": ["association": "sunsets"]
    },
    {
      "id": "e7",
      "name": "sunsets",
      "type": "EVENT",
      "timestamp": "NONE",
      "properties": ["color": "red"]
    }
  ],
  "relations": [
    {
      "source": "e1",
      "target": "e2",
      "relation": "speaks to",
      "timestamp": "NONE"
    },
    {
      "source": "e2",
      "target": "e3",
      "relation": "enjoys",
      "timestamp": "NONE"
    },
    {
      "source": "e2",
      "target": "e4",
      "relation": "interests in",
      "timestamp": "NONE"
    },
    {
      "source": "e1",
      "target": "e2",
      "relation": "encourages",
      "timestamp": "NONE"
    },
    {
      "source": "e2",
      "target": "e5",
      "relation": "wears",
      "timestamp": "NONE"
    },
    {
      "source": "e2",
      "target": "e6",
      "relation": "prefers",
      "timestamp": "NONE"
    },
    {
      "source": "e2",
      "target": "e7",
      "relation": "enjoys",
      "timestamp": "NONE"
    }
  ],
  "is_qna_pattern": true,
  "is_decision_tree": false,
  "is_entity_centric": true
}

2026-07-03 14:05:14,250 - ERROR - #4 Dialogue 559, Session: 0 data extraction failed. MSG: Expecting ',' delimiter: line 4 column 99 (char 401)
 LLM Response: {
  "topics": ["greeting", "introduction", "job offer", "clarification", "job need", "decline", "interest in help wanted", "encouragement", "effort to find job", "favorite color", "color preference", "clothing style", "comfort in black", "temperature issue", "acknowledgment", "hobby"],
  "entities": [
    {"id": "e1", "name": "Speaker 1", "type": "PERSON", "timestamp": "NONE", "properties": ["role": "job seeker"]},
    {"id": "e2", "name": "Speaker 2", "type": "PERSON", "timestamp": "NONE", "properties": ["role": "employer"]},
    {"id": "e3", "name": "Guns and Roses", "type": "CONCEPT", "timestamp": "NONE", "properties": ["type": "music band"]},
    {"id": "e4", "name": "Help wanted pages", "type": "ACTIVITY", "timestamp": "NONE", "properties": ["type": "job search"]},
    {"id": "e5", "name": "Black", "type": "COLOR", "timestamp": "NONE", "properties": ["type": "color"]},
    {"id": "e6", "name": "Red", "type": "COLOR", "timestamp": "NONE", "properties": ["type": "color"]},
    {"id": "e7", "name": "Sunset", "type": "EVENT", "timestamp": "NONE", "properties": ["type": "natural phenomenon"]},
    {"id": "e8", "name": "Black car", "type": "OBJECT", "timestamp": "NONE", "properties": ["type": "vehicle"]},
    {"id": "e9", "name": "Black clothes", "type": "OBJECT", "timestamp": "NONE", "properties": ["type": "clothing"]},
    {"id": "e10", "name": "Black purses", "type": "OBJECT", "timestamp": "NONE", "properties": ["type": "accessory"]},
    {"id": "e11", "name": "Air", "type": "OBJECT", "timestamp": "NONE", "properties": ["type": "environmental element"]}
  ],
  "relations": [
    {"source": "e1", "target": "e2", "relation": "speaks to", "timestamp": "NONE"},
    {"source": "e2", "target": "e3", "relation": "enjoys", "timestamp": "NONE"},
    {"source": "e2", "target": "e4", "relation": "interest in", "timestamp": "NONE"},
    {"source": "e1", "target": "e5", "relation": "likes", "timestamp": "NONE"},
    {"source": "e2", "target": "e6", "relation": "likes", "timestamp": "NONE"},
    {"source": "e1", "target": "e5", "relation": "wears", "timestamp": "NONE"},
    {"source": "e1", "target": "e5", "relation": "wears", "timestamp": "NONE"},
    {"source": "e1", "target": "e5", "relation": "wears", "timestamp": "NONE"},
    {"source": "e1", "target": "e5", "relation": "wears", "timestamp": "NONE"},
    {"source": "e1", "target": "e5", "relation": "wears", "timestamp": "NONE"},
    {"source": "e1", "target": "e5", "relation": "wears", "timestamp": "NONE"},
    {"source": "e1", "target": "e5", "relation": "wears", "timestamp": "NONE"},
    {"source": "e1", "target": "e5", "relation": "wears", "timestamp": "NONE"},
    {"source": "e1", "target": "e5", "relation": "wears", "timestamp": "NONE"},
    {"source": "e1", "target": "e7", "relation": "enjoys", "timestamp": "NONE"}
  ],
  "is_qna_pattern": true,
  "is_decision_tree": false,
  "is_entity_centric": true
}

2026-07-03 14:14:21,331 - WARNING - RETRYING #8 Dialogue 585, Session: 2. MSG: Expecting ',' delimiter: line 9 column 28 (char 399)
 LLM Response: {
  "topics": ["bought ingredients", "ask ingredients", "explain cheeses", "clarify sentence", "learn cooking", "ask cooking types", "ask cooking tips", "explain cooking steps", "comment ease", "comment cooking", "ask lunch plans", "reply lunch plans"],
  "entities": [
    {
      "id": "e1",
      "name": "Speaker 1",
      "type": "PERSON",
      "timestamp": "NONE",
      "properties": ["role": "speaker"]
    },
    {
      "id": "e2",
      "name": "Speaker 2",
      "type": "PERSON",
      "timestamp": "NONE",
      "properties": ["role": "speaker"]
    },
    {
      "id": "e3",
      "name": "Colby Jack Cheese",
      "type": "OBJECT",
      "timestamp": "NONE",
      "properties": ["type": "cheese"]
    },
    {
      "id": "e4",
      "name": "Colby Cheese",
      "type": "OBJECT",
      "timestamp": "NONE",
      "properties": ["type": "cheese"]
    },
    {
      "id": "e5",
      "name": "Monterey Jack Cheese",
      "type": "OBJECT",
      "timestamp": "NONE",
      "properties": ["type": "cheese"]
    },
    {
      "id": "e6",
      "name": "Cooking",
      "type": "ACTIVITY",
      "timestamp": "NONE",
      "properties": ["type": "activity"]
    },
    {
      "id": "e7",
      "name": "Steak",
      "type": "OBJECT",
      "timestamp": "NONE",
      "properties": ["type": "meat"]
    },
    {
      "id": "e8",
      "name": "Chicken",
      "type": "OBJECT",
      "timestamp": "NONE",
      "properties": ["type": "meat"]
    },
    {
      "id": "e9",
      "name": "Pan",
      "type": "OBJECT",
      "timestamp": "NONE",
      "properties": ["type": "cooking tool"]
    },
    {
      "id": "e10",
      "name": "Oil",
      "type": "OBJECT",
      "timestamp": "NONE",
      "properties": ["type": "cooking ingredient"]
    },
    {
      "id": "e11",
      "name": "Thermometer",
      "type": "OBJECT",
      "timestamp": "NONE",
      "properties": ["type": "cooking tool"]
    },
    {
      "id": "e12",
      "name": "Lunch",
      "type": "EVENT",
      "timestamp": "NONE",
      "properties": ["type": "meal"]
    },
    {
      "id": "e13",
      "name": "Colby Jack Cheese",
      "type": "OBJECT",
      "timestamp": "NONE",
      "properties": ["type": "cheese"]
    }
  ],
  "relations": [
    {
      "source": "e1",
      "target": "e3",
      "relation": "brought",
      "timestamp": "NONE"
    },
    {
      "source": "e2",
      "target": "e3",
      "relation": "asked about",
      "timestamp": "NONE"
    },
    {
      "source": "e1",
      "target": "e4",
      "relation": "mentioned",
      "timestamp": "NONE"
    },
    {
      "source": "e1",
      "target": "e5",
      "relation": "mentioned",
      "timestamp": "NONE"
    },
    {
      "source": "e2",
      "target": "e1",
      "relation": "clarified",
      "timestamp": "NONE"
    },
    {
      "source": "e1",
      "target": "e6",
      "relation": "trying to learn",
      "timestamp": "NONE"
    },
    {
      "source": "e2",
      "target": "e6",
      "relation": "interested in",
      "timestamp": "NONE"
    },
    {
      "source": "e1",
      "target": "e7",
      "relation": "trying to learn",
      "timestamp": "NONE"
    },
    {
      "source": "e1",
      "target": "e8",
      "relation": "trying to learn",
      "timestamp": "NONE"
    },
    {
      "source": "e2",
      "target": "e9",
      "relation": "explained use of",
      "timestamp": "NONE"
    },
    {
      "source": "e2",
      "target": "e10",
      "relation": "explained use of",
      "timestamp": "NONE"
    },
    {
      "source": "e2",
      "target": "e11",
      "relation": "explained use of",
      "timestamp": "NONE"
    },
    {
      "source": "e1",
      "target": "e12",
      "relation": "planning to have",
      "timestamp": "NONE"
    },
    {
      "source": "e2",
      "target": "e12",
      "relation": "asking about",
      "timestamp": "NONE"
    }
  ],
  "is_qna_pattern": true,
  "is_decision_tree": false,
  "is_entity_centric": true
}

2026-07-03 14:14:46,398 - WARNING - RETRYING #11 Dialogue 586, Session: 2. MSG: Expecting property name enclosed in double quotes: line 295 column 27 (char 6908)
 LLM Response: {
  "topics": ["family plans", "brothers", "reading", "family", "boat", "grandkids", "boat", "boat", "boat", "age", "boat", "boat"],
  "entities": [
    {
      "id": "e1",
      "name": "Speaker 1",
      "type": "PERSON",
      "timestamp": "NONE",
      "properties": ["role", "interest in kids"]
    },
    {
      "id": "e2",
      "name": "Speaker 2",
      "type": "PERSON",
      "timestamp": "NONE",
      "properties": ["role", "interest in fishing"]
    },
    {
      "id": "e3",
      "name": "Speaker 1's brothers",
      "type": "PERSON",
      "timestamp": "NONE",
      "properties": ["relation", "work"]
    },
    {
      "id": "e4",
      "name": "Speaker 2's grandkids",
      "type": "PERSON",
      "timestamp": "NONE",
      "properties": ["relation", "interest in fishing"]
    },
    {
      "id": "e5",
      "name": "Speaker 1's brothers",
      "type": "PERSON",
      "timestamp": "NONE",
      "properties": ["relation", "work"]
    },
    {
      "id": "e6",
      "name": "Speaker 1's brothers",
      "type": "PERSON",
      "timestamp": "NONE",
      "properties": ["relation", "work"]
    },
    {
      "id": "e7",
      "name": "Speaker 1's brothers",
      "type": "PERSON",
      "timestamp": "NONE",
      "properties": ["relation", "work"]
    },
    {
      "id": "e8",
      "name": "Speaker 1's brothers",
      "type": "PERSON",
      "timestamp": "NONE",
      "properties": ["relation", "work"]
    },
    {
      "id": "e9",
      "name": "Speaker 1's brothers",
      "type": "PERSON",
      "timestamp": "NONE",
      "properties": ["relation", "work"]
    },
    {
      "id": "e10",
      "name": "Speaker 1's brothers",
      "type": "PERSON",
      "timestamp": "NONE",
      "properties": ["relation", "work"]
    },
    {
      "id": "e11",
      "name": "Speaker 1's brothers",
      "type": "PERSON",
      "timestamp": "NONE",
      "properties": ["relation", "work"]
    },
    {
      "id": "e12",
      "name": "Speaker 1's brothers",
      "type": "PERSON",
      "timestamp": "NONE",
      "properties": ["relation", "work"]
    },
    {
      "id": "e13",
      "name": "Speaker 1's brothers",
      "type": "PERSON",
      "timestamp": "NONE",
      "properties": ["relation", "work"]
    },
    {
      "id": "e14",
      "name": "Speaker 1's brothers",
      "type": "PERSON",
      "timestamp": "NONE",
      "properties": ["relation", "work"]
    },
    {
      "id": "e15",
      "name": "Speaker 1's brothers",
      "type": "PERSON",
      "timestamp": "NONE",
      "properties": ["relation", "work"]
    },
    {
      "id": "e16",
      "name": "Speaker 1's brothers",
      "type": "PERSON",
      "timestamp": "NONE",
      "properties": ["relation", "work"]
    },
    {
      "id": "e17",
      "name": "Speaker 1's brothers",
      "type": "PERSON",
      "timestamp": "NONE",
      "properties": ["relation", "work"]
    },
    {
      "id": "e18",
      "name": "Speaker 1's brothers",
      "type": "PERSON",
      "timestamp": "NONE",
      "properties": ["relation", "work"]
    },
    {
      "id": "e19",
      "name": "Speaker 1's brothers",
      "type": "PERSON",
      "timestamp": "NONE",
      "properties": ["relation", "work"]
    },
    {
      "id": "e20",
      "name": "Speaker 1's brothers",
      "type": "PERSON",
      "timestamp": "NONE",
      "properties": ["relation", "work"]
    },
    {
      "id": "e21",
      "name": "Speaker 1's brothers",
      "type": "PERSON",
      "timestamp": "NONE",
      "properties": ["relation", "work"]
    },
    {
      "id": "e22",
      "name": "Speaker 1's brothers",
      "type": "PERSON",
      "timestamp": "NONE",
      "properties": ["relation", "work"]
    },
    {
      "id": "e23",
      "name": "Speaker 1's brothers",
      "type": "PERSON",
      "timestamp": "NONE",
      "properties": ["relation", "work"]
    },
    {
      "id": "e24",
      "name": "Speaker 1's brothers",
      "type": "PERSON",
      "timestamp": "NONE",
      "properties": ["relation", "work"]
    },
    {
      "id": "e25",
      "name": "Speaker 1's brothers",
      "type": "PERSON",
      "timestamp": "NONE",
      "properties": ["relation", "work"]
    },
    {
      "id": "e26",
      "name": "Speaker 1's brothers",
      "type": "PERSON",
      "timestamp": "NONE",
      "properties": ["relation", "work"]
    },
    {
      "id": "e27",
      "name": "Speaker 1's brothers",
      "type": "PERSON",
      "timestamp": "NONE",
      "properties": ["relation", "work"]
    },
    {
      "id": "e28",
      "name": "Speaker 1's brothers",
      "type": "PERSON",
      "timestamp": "NONE",
      "properties": ["relation", "work"]
    },
    {
      "id": "e29",
      "name": "Speaker 1's brothers",
      "type": "PERSON",
      "timestamp": "NONE",
      "properties": ["relation", "work"]
    },
    {
      "id": "e30",
      "name": "Speaker 1's brothers",
      "type": "PERSON",
      "timestamp": "NONE",
      "properties": ["relation", "work"]
    },
    {
      "id": "e31",
      "name": "Speaker 1's brothers",
      "type": "PERSON",
      "timestamp": "NONE",
      "properties": ["relation", "work"]
    },
    {
      "id": "e32",
      "name": "Speaker 1's brothers",
      "type": "PERSON",
      "timestamp": "NONE",
      "properties": ["relation", "work"]
    },
    {
      "id": "e33",
      "name": "Speaker 1's brothers",
      "type": "PERSON",
      "timestamp": "NONE",
      "properties": ["relation", "work"]
    },
    {
      "id": "e34",
      "name": "Speaker 1's brothers",
      "type": "PERSON",
      "timestamp": "NONE",
      "properties": ["relation", "work"]
    },
    {
      "id": "e35",
      "name": "Speaker 1's brothers",
      "type": "PERSON",
      "timestamp": "NONE",
      "properties": ["relation", "work"]
    },
    {
      "id": "e36",
      "name": "Speaker 1's brothers",
      "type": "PERSON",
      "timestamp": "NONE",
      "properties": ["relation", "work"]
    },
    {
      "id": "e37",
      "name": "Speaker 1's brothers",
      "type": "PERSON",
      "timestamp": "NONE",
      "properties": ["relation", "work"]
    },
    {
      "id": "e38",
      "name": "Speaker 1's brothers",
      "type": "PERSON",
      "timestamp": "NONE",
      "properties": ["relation", "work"]
    },
    {
      "id": "e39",
      "name": "Speaker 1's brothers",
      "type": "PERSON",
      "timestamp": "NONE",
      "properties": ["relation", "work"]
    },
    {
      "id": "e40",
      "name": "Speaker 1's brothers",
      "type": "PERSON",
      "timestamp": "NONE",
      "properties": ["relation", "work"]
    },
    {
      "id": "e41",
      "name": "Speaker 1's brothers",
      "type": "PERSON",
      "timestamp": "NONE",
      "properties": ["relation", "work"]
    },
    {
      "id": "e42",
      "name": "Speaker 1's brothers",
      "type": "PERSON",
      "timestamp": "NONE",

2026-07-03 14:22:34,083 - WARNING - RETRYING #10 Dialogue 609, Session: 0. MSG: Expecting ',' delimiter: line 4 column 99 (char 378)
 LLM Response: {
  "topics": ["invite to mall", "decline due to plants", "suggest dog walk", "request coffee", "ask about guys", "mention dating", "suggest hang out", "state current status", "suggest tennis", "decline due to arthritis", "mention pug", "express gardening pain"],
  "entities": [
    {"id": "e1", "name": "Speaker 1", "type": "PERSON", "timestamp": "NONE", "properties": ["role": "speaker"]},
    {"id": "e2", "name": "Speaker 2", "type": "PERSON", "timestamp": "NONE", "properties": ["role": "speaker"]},
    {"id": "e3", "name": "Mall", "type": "LOCATION", "timestamp": "NONE", "properties": []},
    {"id": "e4", "name": "Plants", "type": "OBJECT", "timestamp": "NONE", "properties": []},
    {"id": "e5", "name": "Dog", "type": "OBJECT", "timestamp": "NONE", "properties": []},
    {"id": "e6", "name": "Coffee", "type": "OBJECT", "timestamp": "NONE", "properties": []},
    {"id": "e7", "name": "Black cup of joe", "type": "OBJECT", "timestamp": "NONE", "properties": []},
    {"id": "e8", "name": "Cute guys", "type": "CONCEPT", "timestamp": "NONE", "properties": []},
    {"id": "e9", "name": "Dating", "type": "ACTIVITY", "timestamp": "NONE", "properties": []},
    {"id": "e10", "name": "Husband", "type": "PERSON", "timestamp": "NONE", "properties": ["status": "deceased"]},
    {"id": "e11", "name": "Public", "type": "LOCATION", "timestamp": "NONE", "properties": []},
    {"id": "e12", "name": "Action", "type": "ACTIVITY", "timestamp": "NONE", "properties": []},
    {"id": "e13", "name": "Family", "type": "LOCATION", "timestamp": "NONE", "properties": []},
    {"id": "e14", "name": "Saturday", "type": "TIME", "timestamp": "NONE", "properties": []},
    {"id": "e15", "name": "Tennis", "type": "ACTIVITY", "timestamp": "NONE", "properties": []},
    {"id": "e16", "name": "Arthritis", "type": "CONCEPT", "timestamp": "NONE", "properties": []},
    {"id": "e17", "name": "Corky", "type": "ANIMAL", "timestamp": "NONE", "properties": ["type": "pug"]},
    {"id": "e18", "name": "Gardening", "type": "ACTIVITY", "timestamp": "NONE", "properties": []}
  ],
  "relations": [
    {"source": "e1", "target": "e3", "relation": "invite to", "timestamp": "NONE"},
    {"source": "e2", "target": "e4", "relation": "tend to", "timestamp": "NONE"},
    {"source": "e2", "target": "e5", "relation": "take for a walk", "timestamp": "NONE"},
    {"source": "e1", "target": "e6", "relation": "request", "timestamp": "NONE"},
    {"source": "e1", "target": "e7", "relation": "need", "timestamp": "NONE"},
    {"source": "e2", "target": "e8", "relation": "check out", "timestamp": "NONE"},
    {"source": "e2", "target": "e9", "relation": "ready to", "timestamp": "NONE"},
    {"source": "e2", "target": "e10", "relation": "lost", "timestamp": "last year"},
    {"source": "e1", "target": "e12", "relation": "suggest", "timestamp": "NONE"},
    {"source": "e2", "target": "e13", "relation": "with", "timestamp": "yesterday"},
    {"source": "e2", "target": "e14", "relation": "meet every", "timestamp": "NONE"},
    {"source": "e1", "target": "e15", "relation": "suggest", "timestamp": "NONE"},
    {"source": "e2", "target": "e16", "relation": "have", "timestamp": "NONE"},
    {"source": "e2", "target": "e17", "relation": "have", "timestamp": "NONE"},
    {"source": "e2", "target": "e18", "relation": "love", "timestamp": "NONE"},
    {"source": "e2", "target": "e16", "relation": "in pain", "timestamp": "NONE"}
  ],
  "is_qna_pattern": false,
  "is_decision_tree": false,
  "is_entity_centric": true
}

2026-07-03 14:33:47,382 - WARNING - RETRYING #0 Dialogue 634, Session: 0. MSG: Unterminated string starting at: line 54 column 27 (char 6051)
 LLM Response: {
  "topics": ["what are you doing", "earning extra dollars", "going hiking", "afraid of ticks", "understandable", "like to paint", "paint rooms", "watch bob ross", "daughter loves", "favorite artist", "no favorite", "not crafty", "go outside", "accountant", "gemologist", "fashion brand"],
  "entities": [
    {"id": "e1", "name": "Speaker 1", "type": "PERSON", "timestamp": "NONE", "properties": ["role", "activity"]},
    {"id": "e2", "name": "Speaker 2", "type": "PERSON", "timestamp": "NONE", "properties": ["role", "activity"]},
    {"id": "e3", "name": "Bob Ross", "type": "CONCEPT", "timestamp": "NONE", "properties": ["artist", "program"]},
    {"id": "e4", "name": "Speaker 2's daughter", "type": "PERSON", "timestamp": "NONE", "properties": ["loves", "program"]},
    {"id": "e5", "name": "Speaker 2's mother", "type": "PERSON", "timestamp": "NONE", "properties": ["owns", "fashion brand"]},
    {"id": "e6", "name": "Fashion brand", "type": "ORGANIZATION", "timestamp": "NONE", "properties": ["owned by", "mother"]},
    {"id": "e7", "name": "Accountant", "type": "ACTIVITY", "timestamp": "NONE", "properties": ["role", "person"]},
    {"id": "e8", "name": "Gemologist", "type": "ACTIVITY", "timestamp": "NONE", "properties": ["role", "person"]},
    {"id": "e9", "name": "Hiking", "type": "ACTIVITY", "timestamp": "NONE", "properties": ["activity", "person"]},
    {"id": "e10", "name": "Painting", "type": "ACTIVITY", "timestamp": "NONE", "properties": ["activity", "person"]},
    {"id": "e11", "name": "Ticking", "type": "CONCEPT", "timestamp": "NONE", "properties": ["fear", "person"]},
    {"id": "e12", "name": "Bob Ross program", "type": "EVENT", "timestamp": "NONE", "properties": ["watched", "person"]},
    {"id": "e13", "name": "Meeting", "type": "EVENT", "timestamp": "NONE", "properties": ["intended", "person"]},
    {"id": "e14", "name": "Wishing", "type": "ACTIVITY", "timestamp": "NONE", "properties": ["activity", "person"]},
    {"id": "e15", "name": "Day", "type": "EVENT", "timestamp": "NONE", "properties": ["spend", "person"]},
    {"id": "e16", "name": "Change", "type": "CONCEPT", "timestamp": "NONE", "properties": ["seeking", "person"]},
    {"id": "e17", "name": "Rooms", "type": "ACTIVITY", "timestamp": "NONE", "properties": ["paint", "person"]},
    {"id": "e18", "name": "Portraits", "type": "ACTIVITY", "timestamp": "NONE", "properties": ["not paint", "person"]},
    {"id": "e19", "name": "Outside", "type": "LOCATION", "timestamp": "NONE", "properties": ["prefer", "person"]},
    {"id": "e20", "name": "Crafty", "type": "CONCEPT", "timestamp": "NONE", "properties": ["not", "person"]},
    {"id": "e21", "name": "Wishing", "type": "ACTIVITY", "timestamp": "NONE", "properties": ["have", "person"]},
    {"id": "e22", "name": "Wishing", "type": "ACTIVITY", "timestamp": "NONE", "properties": ["have", "person"]},
    {"id": "e23", "name": "Wishing", "type": "ACTIVITY", "timestamp": "NONE", "properties": ["have", "person"]},
    {"id": "e24", "name": "Wishing", "type": "ACTIVITY", "timestamp": "NONE", "properties": ["have", "person"]},
    {"id": "e25", "name": "Wishing", "type": "ACTIVITY", "timestamp": "NONE", "properties": ["have", "person"]},
    {"id": "e26", "name": "Wishing", "type": "ACTIVITY", "timestamp": "NONE", "properties": ["have", "person"]},
    {"id": "e27", "name": "Wishing", "type": "ACTIVITY", "timestamp": "NONE", "properties": ["have", "person"]},
    {"id": "e28", "name": "Wishing", "type": "ACTIVITY", "timestamp": "NONE", "properties": ["have", "person"]},
    {"id": "e29", "name": "Wishing", "type": "ACTIVITY", "timestamp": "NONE", "properties": ["have", "person"]},
    {"id": "e30", "name": "Wishing", "type": "ACTIVITY", "timestamp": "NONE", "properties": ["have", "person"]},
    {"id": "e31", "name": "Wishing", "type": "ACTIVITY", "timestamp": "NONE", "properties": ["have", "person"]},
    {"id": "e32", "name": "Wishing", "type": "ACTIVITY", "timestamp": "NONE", "properties": ["have", "person"]},
    {"id": "e33", "name": "Wishing", "type": "ACTIVITY", "timestamp": "NONE", "properties": ["have", "person"]},
    {"id": "e34", "name": "Wishing", "type": "ACTIVITY", "timestamp": "NONE", "properties": ["have", "person"]},
    {"id": "e35", "name": "Wishing", "type": "ACTIVITY", "timestamp": "NONE", "properties": ["have", "person"]},
    {"id": "e36", "name": "Wishing", "type": "ACTIVITY", "timestamp": "NONE", "properties": ["have", "person"]},
    {"id": "e37", "name": "Wishing", "type": "ACTIVITY", "timestamp": "NONE", "properties": ["have", "person"]},
    {"id": "e38", "name": "Wishing", "type": "ACTIVITY", "timestamp": "NONE", "properties": ["have", "person"]},
    {"id": "e39", "name": "Wishing", "type": "ACTIVITY", "timestamp": "NONE", "properties": ["have", "person"]},
    {"id": "e40", "name": "Wishing", "type": "ACTIVITY", "timestamp": "NONE", "properties": ["have", "person"]},
    {"id": "e41", "name": "Wishing", "type": "ACTIVITY", "timestamp": "NONE", "properties": ["have", "person"]},
    {"id": "e42", "name": "Wishing", "type": "ACTIVITY", "timestamp": "NONE", "properties": ["have", "person"]},
    {"id": "e43", "name": "Wishing", "type": "ACTIVITY", "timestamp": "NONE", "properties": ["have", "person"]},
    {"id": "e44", "name": "Wishing", "type": "ACTIVITY", "timestamp": "NONE", "properties": ["have", "person"]},
    {"id": "e45", "name": "Wishing", "type": "ACTIVITY", "timestamp": "NONE", "properties": ["have", "person"]},
    {"id": "e46", "name": "Wishing", "type": "ACTIVITY", "timestamp": "NONE", "properties": ["have", "person"]},
    {"id": "e47", "name": "Wishing", "type": "ACTIVITY", "timestamp": "NONE", "properties": ["have", "person"]},
    {"id": "e48", "name": "Wishing", "type": "ACTIVITY", "timestamp": "NONE", "properties": ["have", "person"]},
    {"id": "e49", "name": "Wishing", "type": "ACTIVITY", "timestamp": "NONE", "properties": ["have", "person"]},
    {"id": "e50", "name": "Wishing", "type": "ACTIVITY", "timestamp": "NONE", "properties": ["have", "person"]},
    {"id": "e51", "name": "Wishing

2026-07-03 14:34:15,139 - WARNING - RETRYING #2 Dialogue 634, Session: 2. MSG: Expecting value: line 64 column 83 (char 5967)
 LLM Response: {
  "topics": ["friend review resume", "hope get job", "started painting", "found amethyst", "daughter studying", "mother designs clothes", "mother received offer", "daughter determined", "hiking with me", "hiking ticks", "painting progress", "painting help"],
  "entities": [
    {"id": "e1", "name": "Friend", "type": "PERSON", "timestamp": "turn 0", "properties": ["role", "reviewer"]},
    {"id": "e2", "name": "Me", "type": "PERSON", "timestamp": "turn 1", "properties": ["role", "job seeker"]},
    {"id": "e3", "name": "Daughter", "type": "PERSON", "timestamp": "turn 4", "properties": ["studying", "law student"]},
    {"id": "e4", "name": "Mother", "type": "PERSON", "timestamp": "turn 5", "properties": ["designs clothes", "received offer"]},
    {"id": "e5", "name": "Bob Ross", "type": "CONCEPT", "timestamp": "turn 2", "properties": ["painting style"]},
    {"id": "e6", "name": "Amethyst Crystals", "type": "OBJECT", "timestamp": "turn 3", "properties": ["found"]},
    {"id": "e7", "name": "Gems", "type": "OBJECT", "timestamp": "turn 3", "properties": ["searched for"]},
    {"id": "e8", "name": "Hiking", "type": "ACTIVITY", "timestamp": "turn 8", "properties": ["proposed"]},
    {"id": "e9", "name": "Ticks", "type": "OBJECT", "timestamp": "turn 9", "properties": ["avoided"]},
    {"id": "e10", "name": "Painting", "type": "ACTIVITY", "timestamp": "turn 2", "properties": ["started", "ongoing"]},
    {"id": "e11", "name": "Job Search", "type": "ACTIVITY", "timestamp": "turn 1", "properties": ["ongoing"]},
    {"id": "e12", "name": "Law School", "type": "EVENT", "timestamp": "turn 5", "properties": ["planned"]},
    {"id": "e13", "name": "Men's Range", "type": "CONCEPT", "timestamp": "turn 8", "properties": ["discussed"]},
    {"id": "e14", "name": "Rooms", "type": "OBJECT", "timestamp": "turn 11", "properties": ["painting"]},
    {"id": "e15", "name": "Job", "type": "ACTIVITY", "timestamp": "turn 1", "properties": ["searching for"]},
    {"id": "e16", "name": "Resume", "type": "OBJECT", "timestamp": "turn 0", "properties": ["reviewed"]},
    {"id": "e17", "name": "Professional Clothes", "type": "OBJECT", "timestamp": "turn 5", "properties": ["designed"]},
    {"id": "e18", "name": "Painting Help", "type": "ACTIVITY", "timestamp": "turn 11", "properties": ["proposed"]},
    {"id": "e19", "name": "Job Help", "type": "ACTIVITY", "timestamp": "turn 11", "properties": ["proposed"]},
    {"id": "e20", "name": "Gems on Hike", "type": "OBJECT", "timestamp": "turn 10", "properties": ["hiked for"]},
    {"id": "e21", "name": "Painting Progress", "type": "CONCEPT", "timestamp": "turn 10", "properties": ["ongoing"]},
    {"id": "e22", "name": "Months", "type": "TIME", "timestamp": "turn 10", "properties": ["estimated completion"]},
    {"id": "e23", "name": "Job Search", "type": "ACTIVITY", "timestamp": "turn 3", "properties": ["ongoing"]}
  ],
  "relations": [
    {"source": "e1", "target": "e2", "relation": "reviewed resume", "timestamp": "turn 0"},
    {"source": "e2", "target": "e3", "relation": "daughter", "timestamp": "turn 3"},
    {"source": "e2", "target": "e4", "relation": "mother", "timestamp": "turn 5"},
    {"source": "e3", "target": "e4", "relation": "mother", "timestamp": "turn 5"},
    {"source": "e4", "target": "e2", "relation": "helping", "timestamp": "turn 6"},
    {"source": "e2", "target": "e3", "relation": "daughter", "timestamp": "turn 4"},
    {"source": "e2", "target": "e1", "relation": "friend", "timestamp": "turn 0"},
    {"source": "e2", "target": "e18", "relation": "painting help", "timestamp": "turn 11"},
    {"source": "e2", "target": "e19", "relation": "job help", "timestamp": "turn 11"},
    {"source": "e2", "target": "e17", "relation": "designs clothes", "timestamp": "turn 5"},
    {"source": "e2", "target": "e16", "relation": "reviewed resume", "timestamp": "turn 0"},
    {"source": "e2", "target": "e23", "relation": "job search", "timestamp": "turn 3"},
    {"source": "e3", "target": "e22", "relation": "law school", "timestamp": "turn 5"},
    {"source": "e4", "target": "e17", "relation": "designs clothes", "timestamp": "turn 5"},
    {"source": "e4", "target": "e20", "relation": "received offer", "timestamp": "turn 6"},
    {"source": "e2", "target": "e15", "relation": "job search", "timestamp": "turn 1"},
    {"source": "e2", "target": "e1", "relation": "friend", "timestamp": "turn 0"},
    {"source": "e2", "target": "e1", "relation": "friend", "timestamp": "turn 0"},
    {"source": "e2", "target": "e1", "relation": "friend", "timestamp": "turn 0"},
    {"source": "e2", "target": "e1", "relation": "friend", "timestamp": "turn 0"},
    {"source": "e2", "target": "e1", "relation": "friend", "timestamp": "turn 0"},
    {"source": "e2", "target": "e1", "relation": "friend", "timestamp": "turn 0"},
    {"source": "e2", "target": "e1", "relation": "friend", "timestamp": "turn 0"},
    {"source": "e2", "target": "e1", "relation": "friend", "timestamp": "turn 0"},
    {"source": "e2", "target": "e1", "relation": "friend", "timestamp": "turn 0"},
    {"source": "e2", "target": "e1", "relation": "friend", "timestamp": "turn 0"},
    {"source": "e2", "target": "e1", "relation": "friend", "timestamp": "turn 0"},
    {"source": "e2", "target": "e1", "relation": "friend", "timestamp": "turn 0"},
    {"source": "e2", "target": "e1", "relation": "friend", "timestamp": "turn 0"},
    {"source": "e2", "target": "e1", "relation": "friend", "timestamp": "turn 0"},
    {"source": "e2", "target": "e1", "relation": "friend", "timestamp": "turn 0"},
    {"source": "e2", "target": "e1", "relation": "friend", "timestamp": "turn 0"},
    {"source": "e2", "target": "e1", "relation": "friend", "timestamp": "turn 0"},
    {"source": "e2", "target": "e1", "relation": "friend", "timestamp": "turn 0"},
    {"source": "e2", "target": "e1", "relation": "friend", "timestamp": "turn 0"},
    {"source": "e2", "target": "e1", "relation": "friend", "timestamp": "turn 0"},

2026-07-03 15:50:06,365 - WARNING - RETRYING #15 Dialogue 866, Session: 0. MSG: Unterminated string starting at: line 57 column 19 (char 5730)
 LLM Response: {
  "topics": ["new track drop", "share track", "marathon", "drawing", "drawing skill", "weightlifting", "read comics", "read comics lift", "public art", "show support", "great dane", "great dane", "weightlifter", "yorkie", "yorkie", "yorkie"],
  "entities": [
    {"id": "e1", "name": "All American Rejects", "type": "ACTIVITY", "timestamp": "NONE", "properties": ["track"]},
    {"id": "e2", "name": "Marathon", "type": "ACTIVITY", "timestamp": "NONE", "properties": ["natural highs"]},
    {"id": "e3", "name": "Drawing", "type": "ACTIVITY", "timestamp": "NONE", "properties": ["natural highs"]},
    {"id": "e4", "name": "Weightlifting", "type": "ACTIVITY", "timestamp": "NONE", "properties": ["conqueror"]},
    {"id": "e5", "name": "Reading Comics", "type": "ACTIVITY", "timestamp": "NONE", "properties": ["lift"]},
    {"id": "e6", "name": "Public Art", "type": "ACTIVITY", "timestamp": "NONE", "properties": ["online"]},
    {"id": "e7", "name": "Support", "type": "ACTIVITY", "timestamp": "NONE", "properties": ["show"]},
    {"id": "e8", "name": "Great Dane", "type": "ANIMAL", "timestamp": "NONE", "properties": ["glassy", "spoiled"]},
    {"id": "e9", "name": "Yorkie", "type": "ANIMAL", "timestamp": "NONE", "properties": ["weird"]},
    {"id": "e10", "name": "Dogs", "type": "ANIMAL", "timestamp": "NONE", "properties": ["glassy", "spoiled"]},
    {"id": "e11", "name": "Princesses", "type": "ANIMAL", "timestamp": "NONE", "properties": ["weightlifter"]},
    {"id": "e12", "name": "Yorkie", "type": "ANIMAL", "timestamp": "NONE", "properties": ["weird"]},
    {"id": "e13", "name": "Yorkie", "type": "ANIMAL", "timestamp": "NONE", "properties": ["weird"]},
    {"id": "e14", "name": "Yorkie", "type": "ANIMAL", "timestamp": "NONE", "properties": ["weird"]},
    {"id": "e15", "name": "Yorkie", "type": "ANIMAL", "timestamp": "NONE", "properties": ["weird"]},
    {"id": "e16", "name": "Yorkie", "type": "ANIMAL", "timestamp": "NONE", "properties": ["weird"]},
    {"id": "e17", "name": "Yorkie", "type": "ANIMAL", "timestamp": "NONE", "properties": ["weird"]},
    {"id": "e18", "name": "Yorkie", "type": "ANIMAL", "timestamp": "NONE", "properties": ["weird"]},
    {"id": "e19", "name": "Yorkie", "type": "ANIMAL", "timestamp": "NONE", "properties": ["weird"]},
    {"id": "e20", "name": "Yorkie", "type": "ANIMAL", "timestamp": "NONE", "properties": ["weird"]},
    {"id": "e21", "name": "Yorkie", "type": "ANIMAL", "timestamp": "NONE", "properties": ["weird"]},
    {"id": "e22", "name": "Yorkie", "type": "ANIMAL", "timestamp": "NONE", "properties": ["weird"]},
    {"id": "e23", "name": "Yorkie", "type": "ANIMAL", "timestamp": "NONE", "properties": ["weird"]},
    {"id": "e24", "name": "Yorkie", "type": "ANIMAL", "timestamp": "NONE", "properties": ["weird"]},
    {"id": "e25", "name": "Yorkie", "type": "ANIMAL", "timestamp": "NONE", "properties": ["weird"]},
    {"id": "e26", "name": "Yorkie", "type": "ANIMAL", "timestamp": "NONE", "properties": ["weird"]},
    {"id": "e27", "name": "Yorkie", "type": "ANIMAL", "timestamp": "NONE", "properties": ["weird"]},
    {"id": "e28", "name": "Yorkie", "type": "ANIMAL", "timestamp": "NONE", "properties": ["weird"]},
    {"id": "e29", "name": "Yorkie", "type": "ANIMAL", "timestamp": "NONE", "properties": ["weird"]},
    {"id": "e30", "name": "Yorkie", "type": "ANIMAL", "timestamp": "NONE", "properties": ["weird"]},
    {"id": "e31", "name": "Yorkie", "type": "ANIMAL", "timestamp": "NONE", "properties": ["weird"]},
    {"id": "e32", "name": "Yorkie", "type": "ANIMAL", "timestamp": "NONE", "properties": ["weird"]},
    {"id": "e33", "name": "Yorkie", "type": "ANIMAL", "timestamp": "NONE", "properties": ["weird"]},
    {"id": "e34", "name": "Yorkie", "type": "ANIMAL", "timestamp": "NONE", "properties": ["weird"]},
    {"id": "e35", "name": "Yorkie", "type": "ANIMAL", "timestamp": "NONE", "properties": ["weird"]},
    {"id": "e36", "name": "Yorkie", "type": "ANIMAL", "timestamp": "NONE", "properties": ["weird"]},
    {"id": "e37", "name": "Yorkie", "type": "ANIMAL", "timestamp": "NONE", "properties": ["weird"]},
    {"id": "e38", "name": "Yorkie", "type": "ANIMAL", "timestamp": "NONE", "properties": ["weird"]},
    {"id": "e39", "name": "Yorkie", "type": "ANIMAL", "timestamp": "NONE", "properties": ["weird"]},
    {"id": "e40", "name": "Yorkie", "type": "ANIMAL", "timestamp": "NONE", "properties": ["weird"]},
    {"id": "e41", "name": "Yorkie", "type": "ANIMAL", "timestamp": "NONE", "properties": ["weird"]},
    {"id": "e42", "name": "Yorkie", "type": "ANIMAL", "timestamp": "NONE", "properties": ["weird"]},
    {"id": "e43", "name": "Yorkie", "type": "ANIMAL", "timestamp": "NONE", "properties": ["weird"]},
    {"id": "e44", "name": "Yorkie", "type": "ANIMAL", "timestamp": "NONE", "properties": ["weird"]},
    {"id": "e45", "name": "Yorkie", "type": "ANIMAL", "timestamp": "NONE", "properties": ["weird"]},
    {"id": "e46", "name": "Yorkie", "type": "ANIMAL", "timestamp": "NONE", "properties": ["weird"]},
    {"id": "e47", "name": "Yorkie", "type": "ANIMAL", "timestamp": "NONE", "properties": ["weird"]},
    {"id": "e48", "name": "Yorkie", "type": "ANIMAL", "timestamp": "NONE", "properties": ["weird"]},
    {"id": "e49", "name": "Yorkie", "type": "ANIMAL", "timestamp": "NONE", "properties": ["weird"]},
    {"id": "e50", "name": "Yorkie", "type": "ANIMAL", "timestamp": "NONE", "properties": ["weird"]},
    {"id": "e51", "name": "Yorkie", "type": "ANIMAL", "timestamp": "NONE", "properties": ["weird"]},
    {"id": "e52", "name": "Yorkie", "type": "ANIMAL", "timestamp": "NONE", "properties": ["weird"]},
    {"id": "e53", "name": "Yorkie", "type": "ANIMAL", "timestamp": "NONE", "properties": ["weird"]},
    {"id": "e54", "

2026-07-03 15:51:11,532 - ERROR - #15 Dialogue 866, Session: 0 data extraction failed. MSG: Unterminated string starting at: line 57 column 27 (char 5721)
 LLM Response: {
  "topics": ["new track drop", "share track", "marathon", "drawing", "drawing skill", "weightlifting", "read comics", "read comics lift", "public art", "show support", "great dane", "great dane", "yorkie", "yorkie", "yorkie"],
  "entities": [
    {"id": "e1", "name": "All American Rejects", "type": "ACTIVITY", "timestamp": "NONE", "properties": ["track"]},
    {"id": "e2", "name": "Marathon", "type": "ACTIVITY", "timestamp": "NONE", "properties": ["natural highs"]},
    {"id": "e3", "name": "Drawing", "type": "ACTIVITY", "timestamp": "NONE", "properties": ["natural highs"]},
    {"id": "e4", "name": "Weightlifting", "type": "ACTIVITY", "timestamp": "NONE", "properties": ["conqueror"]},
    {"id": "e5", "name": "Reading Comics", "type": "ACTIVITY", "timestamp": "NONE", "properties": ["lift"]},
    {"id": "e6", "name": "Public Art", "type": "ACTIVITY", "timestamp": "NONE", "properties": ["online"]},
    {"id": "e7", "name": "Great Dane", "type": "ANIMAL", "timestamp": "NONE", "properties": ["glassy", "spoiled"]},
    {"id": "e8", "name": "Yorkie", "type": "ANIMAL", "timestamp": "NONE", "properties": ["weird"]},
    {"id": "e9", "name": "Dogs", "type": "ANIMAL", "timestamp": "NONE", "properties": ["house full"]},
    {"id": "e10", "name": "Princesses", "type": "CONCEPT", "timestamp": "NONE", "properties": ["odd", "weightlifter"]},
    {"id": "e11", "name": "Yorkie", "type": "ANIMAL", "timestamp": "NONE", "properties": ["weird"]},
    {"id": "e12", "name": "Yorkie", "type": "ANIMAL", "timestamp": "NONE", "properties": ["weird"]},
    {"id": "e13", "name": "Yorkie", "type": "ANIMAL", "timestamp": "NONE", "properties": ["weird"]},
    {"id": "e14", "name": "Yorkie", "type": "ANIMAL", "timestamp": "NONE", "properties": ["weird"]},
    {"id": "e15", "name": "Yorkie", "type": "ANIMAL", "timestamp": "NONE", "properties": ["weird"]},
    {"id": "e16", "name": "Yorkie", "type": "ANIMAL", "timestamp": "NONE", "properties": ["weird"]},
    {"id": "e17", "name": "Yorkie", "type": "ANIMAL", "timestamp": "NONE", "properties": ["weird"]},
    {"id": "e18", "name": "Yorkie", "type": "ANIMAL", "timestamp": "NONE", "properties": ["weird"]},
    {"id": "e19", "name": "Yorkie", "type": "ANIMAL", "timestamp": "NONE", "properties": ["weird"]},
    {"id": "e20", "name": "Yorkie", "type": "ANIMAL", "timestamp": "NONE", "properties": ["weird"]},
    {"id": "e21", "name": "Yorkie", "type": "ANIMAL", "timestamp": "NONE", "properties": ["weird"]},
    {"id": "e22", "name": "Yorkie", "type": "ANIMAL", "timestamp": "NONE", "properties": ["weird"]},
    {"id": "e23", "name": "Yorkie", "type": "ANIMAL", "timestamp": "NONE", "properties": ["weird"]},
    {"id": "e24", "name": "Yorkie", "type": "ANIMAL", "timestamp": "NONE", "properties": ["weird"]},
    {"id": "e25", "name": "Yorkie", "type": "ANIMAL", "timestamp": "NONE", "properties": ["weird"]},
    {"id": "e26", "name": "Yorkie", "type": "ANIMAL", "timestamp": "NONE", "properties": ["weird"]},
    {"id": "e27", "name": "Yorkie", "type": "ANIMAL", "timestamp": "NONE", "properties": ["weird"]},
    {"id": "e28", "name": "Yorkie", "type": "ANIMAL", "timestamp": "NONE", "properties": ["weird"]},
    {"id": "e29", "name": "Yorkie", "type": "ANIMAL", "timestamp": "NONE", "properties": ["weird"]},
    {"id": "e30", "name": "Yorkie", "type": "ANIMAL", "timestamp": "NONE", "properties": ["weird"]},
    {"id": "e31", "name": "Yorkie", "type": "ANIMAL", "timestamp": "NONE", "properties": ["weird"]},
    {"id": "e32", "name": "Yorkie", "type": "ANIMAL", "timestamp": "NONE", "properties": ["weird"]},
    {"id": "e33", "name": "Yorkie", "type": "ANIMAL", "timestamp": "NONE", "properties": ["weird"]},
    {"id": "e34", "name": "Yorkie", "type": "ANIMAL", "timestamp": "NONE", "properties": ["weird"]},
    {"id": "e35", "name": "Yorkie", "type": "ANIMAL", "timestamp": "NONE", "properties": ["weird"]},
    {"id": "e36", "name": "Yorkie", "type": "ANIMAL", "timestamp": "NONE", "properties": ["weird"]},
    {"id": "e37", "name": "Yorkie", "type": "ANIMAL", "timestamp": "NONE", "properties": ["weird"]},
    {"id": "e38", "name": "Yorkie", "type": "ANIMAL", "timestamp": "NONE", "properties": ["weird"]},
    {"id": "e39", "name": "Yorkie", "type": "ANIMAL", "timestamp": "NONE", "properties": ["weird"]},
    {"id": "e40", "name": "Yorkie", "type": "ANIMAL", "timestamp": "NONE", "properties": ["weird"]},
    {"id": "e41", "name": "Yorkie", "type": "ANIMAL", "timestamp": "NONE", "properties": ["weird"]},
    {"id": "e42", "name": "Yorkie", "type": "ANIMAL", "timestamp": "NONE", "properties": ["weird"]},
    {"id": "e43", "name": "Yorkie", "type": "ANIMAL", "timestamp": "NONE", "properties": ["weird"]},
    {"id": "e44", "name": "Yorkie", "type": "ANIMAL", "timestamp": "NONE", "properties": ["weird"]},
    {"id": "e45", "name": "Yorkie", "type": "ANIMAL", "timestamp": "NONE", "properties": ["weird"]},
    {"id": "e46", "name": "Yorkie", "type": "ANIMAL", "timestamp": "NONE", "properties": ["weird"]},
    {"id": "e47", "name": "Yorkie", "type": "ANIMAL", "timestamp": "NONE", "properties": ["weird"]},
    {"id": "e48", "name": "Yorkie", "type": "ANIMAL", "timestamp": "NONE", "properties": ["weird"]},
    {"id": "e49", "name": "Yorkie", "type": "ANIMAL", "timestamp": "NONE", "properties": ["weird"]},
    {"id": "e50", "name": "Yorkie", "type": "ANIMAL", "timestamp": "NONE", "properties": ["weird"]},
    {"id": "e51", "name": "Yorkie", "type": "ANIMAL", "timestamp": "NONE", "properties": ["weird"]},
    {"id": "e52", "name": "Yorkie", "type": "ANIMAL", "timestamp": "NONE", "properties": ["weird"]},
    {"id": "e53", "name": "Yorkie", "type": "ANIMAL", "timestamp": "NONE", "properties": ["weird"]},
    {"id": "e54", "name": "York

2026-07-03 16:02:28,289 - WARNING - RETRYING #7 Dialogue 303, Session: 0. MSG: Expecting ',' delimiter: line 9 column 28 (char 378)
 LLM Response: {
  "topics": ["greeting", "introduce name", "introduce name", "work place", "visit place", "job description", "hobby", "career aspiration", "career aspiration", "career status", "career change", "career question", "career status"],
  "entities": [
    {
      "id": "e1",
      "name": "Speaker 1",
      "type": "PERSON",
      "timestamp": "NONE",
      "properties": ["role": "interlocutor"]
    },
    {
      "id": "e2",
      "name": "Jessica",
      "type": "PERSON",
      "timestamp": "NONE",
      "properties": ["role": "interlocutor"]
    },
    {
      "id": "e3",
      "name": "Blake",
      "type": "PERSON",
      "timestamp": "NONE",
      "properties": ["role": "interlocutor"]
    },
    {
      "id": "e4",
      "name": "Panera",
      "type": "ORGANIZATION",
      "timestamp": "NONE",
      "properties": ["type": "restaurant"]
    },
    {
      "id": "e5",
      "name": "Gym",
      "type": "ACTIVITY",
      "timestamp": "NONE",
      "properties": ["type": "fitness"]
    },
    {
      "id": "e6",
      "name": "Personal trainer",
      "type": "CONCEPT",
      "timestamp": "NONE",
      "properties": ["type": "career path"]
    },
    {
      "id": "e7",
      "name": "Artist",
      "type": "CONCEPT",
      "timestamp": "NONE",
      "properties": ["type": "career path"]
    }
  ],
  "relations": [
    {
      "source": "e1",
      "target": "e2",
      "relation": "introduces",
      "timestamp": "NONE"
    },
    {
      "source": "e1",
      "target": "e3",
      "relation": "introduces",
      "timestamp": "NONE"
    },
    {
      "source": "e3",
      "target": "e4",
      "relation": "works at",
      "timestamp": "NONE"
    },
    {
      "source": "e3",
      "target": "e5",
      "relation": "likes to",
      "timestamp": "NONE"
    },
    {
      "source": "e3",
      "target": "e6",
      "relation": "aspires to be",
      "timestamp": "NONE"
    },
    {
      "source": "e3",
      "target": "e7",
      "relation": "career change to",
      "timestamp": "NONE"
    }
  ],
  "is_qna_pattern": true,
  "is_decision_tree": false,
  "is_entity_centric": true
}

2026-07-03 16:02:47,711 - ERROR - #7 Dialogue 303, Session: 0 data extraction failed. MSG: Expecting ',' delimiter: line 4 column 99 (char 372)
 LLM Response: {
  "topics": ["greeting", "introduce name", "introduce name", "work place", "visit place", "job description", "hobby", "career aspiration", "career aspiration", "career identity", "career question", "career identity", "career question", "career progress"],
  "entities": [
    {"id": "e1", "name": "Speaker 1", "type": "PERSON", "timestamp": "NONE", "properties": ["role": "interlocutor"]},
    {"id": "e2", "name": "Jessica", "type": "PERSON", "timestamp": "NONE", "properties": ["role": "interlocutor"]},
    {"id": "e3", "name": "Blake", "type": "PERSON", "timestamp": "NONE", "properties": ["role": "interlocutor"]},
    {"id": "e4", "name": "Panera", "type": "ORGANIZATION", "timestamp": "NONE", "properties": ["type": "restaurant"]},
    {"id": "e5", "name": "Gym", "type": "ACTIVITY", "timestamp": "NONE", "properties": ["type": "exercise facility"]},
    {"id": "e6", "name": "Personal trainer", "type": "CONCEPT", "timestamp": "NONE", "properties": ["type": "career path"]},
    {"id": "e7", "name": "Artist", "type": "CONCEPT", "timestamp": "NONE", "properties": ["type": "career identity"]},
    {"id": "e8", "name": "Lucrative venture", "type": "CONCEPT", "timestamp": "NONE", "properties": ["type": "financial success"]}
  ],
  "relations": [
    {"source": "e1", "target": "e2", "relation": "introduces", "timestamp": "NONE"},
    {"source": "e2", "target": "e3", "relation": "introduces", "timestamp": "NONE"},
    {"source": "e3", "target": "e4", "relation": "works at", "timestamp": "NONE"},
    {"source": "e3", "target": "e5", "relation": "frequents", "timestamp": "NONE"},
    {"source": "e3", "target": "e6", "relation": "aspires to be", "timestamp": "NONE"},
    {"source": "e3", "target": "e7", "relation": "is", "timestamp": "NONE"},
    {"source": "e3", "target": "e8", "relation": "questions", "timestamp": "NONE"}
  ],
  "is_qna_pattern": true,
  "is_decision_tree": false,
  "is_entity_centric": true
}

2026-07-03 16:19:36,898 - WARNING - RETRYING #3 Dialogue 339, Session: 0. MSG: Unterminated string starting at: line 53 column 49 (char 6108)
 LLM Response: {
  "topics": ["car type", "car type", "car type", "car type", "engine size", "car type", "car type", "activity", "study field", "toy", "toy", "toy", "toy"],
  "entities": [
    {"id": "e1", "name": "Speaker 1", "type": "PERSON", "timestamp": "NONE", "properties": ["drives car"]},
    {"id": "e2", "name": "Speaker 2", "type": "PERSON", "timestamp": "NONE", "properties": ["drives ford raptor"]},
    {"id": "e3", "name": "Ford Raptor", "type": "OBJECT", "timestamp": "NONE", "properties": ["is a truck"]},
    {"id": "e4", "name": "Mustang", "type": "OBJECT", "timestamp": "NONE", "properties": ["was wrecked"]},
    {"id": "e5", "name": "BMW", "type": "OBJECT", "timestamp": "NONE", "properties": ["is being sold"]},
    {"id": "e6", "name": "Dance Lessons", "type": "ACTIVITY", "timestamp": "NONE", "properties": ["is taken"]},
    {"id": "e7", "name": "Business", "type": "CONCEPT", "timestamp": "NONE", "properties": ["is studied"]},
    {"id": "e8", "name": "Lite Brite", "type": "OBJECT", "timestamp": "NONE", "properties": ["is a toy"]},
    {"id": "e9", "name": "Model Cars", "type": "OBJECT", "timestamp": "NONE", "properties": ["is a toy"]},
    {"id": "e10", "name": "Dad", "type": "PERSON", "timestamp": "NONE", "properties": ["built model cars"]},
    {"id": "e11", "name": "Speaker 1's toys", "type": "OBJECT", "timestamp": "NONE", "properties": ["are 40 years old"]},
    {"id": "e12", "name": "Speaker 1's car", "type": "OBJECT", "timestamp": "NONE", "properties": ["is no longer owned"]},
    {"id": "e13", "name": "Old School Rap", "type": "ACTIVITY", "timestamp": "NONE", "properties": ["is listened to"]},
    {"id": "e14", "name": "Work", "type": "ACTIVITY", "timestamp": "NONE", "properties": ["is dropped off for"]},
    {"id": "e15", "name": "School", "type": "ACTIVITY", "timestamp": "NONE", "properties": ["is attended for"]},
    {"id": "e16", "name": "Boyfriend", "type": "PERSON", "timestamp": "NONE", "properties": ["is driven to work"]},
    {"id": "e17", "name": "Speaker 2's car", "type": "OBJECT", "timestamp": "NONE", "properties": ["is a ford raptor"]},
    {"id": "e18", "name": "Speaker 1's car", "type": "OBJECT", "timestamp": "NONE", "properties": ["is a german car"]},
    {"id": "e19", "name": "Speaker 2's boyfriend", "type": "PERSON", "timestamp": "NONE", "properties": ["is driven to work"]},
    {"id": "e20", "name": "Speaker 1's father", "type": "PERSON", "timestamp": "NONE", "properties": ["built model cars"]},
    {"id": "e21", "name": "Speaker 1's model cars", "type": "OBJECT", "timestamp": "NONE", "properties": ["are 40 years old"]},
    {"id": "e22", "name": "Speaker 1's car", "type": "OBJECT", "timestamp": "NONE", "properties": ["is no longer owned"]},
    {"id": "e23", "name": "Speaker 1's car", "type": "OBJECT", "timestamp": "NONE", "properties": ["is a german car"]},
    {"id": "e24", "name": "Speaker 2's car", "type": "OBJECT", "timestamp": "NONE", "properties": ["is a ford raptor"]},
    {"id": "e25", "name": "Speaker 2's boyfriend", "type": "PERSON", "timestamp": "NONE", "properties": ["is driven to work"]},
    {"id": "e26", "name": "Speaker 1's father", "type": "PERSON", "timestamp": "NONE", "properties": ["built model cars"]},
    {"id": "e27", "name": "Speaker 1's model cars", "type": "OBJECT", "timestamp": "NONE", "properties": ["are 40 years old"]},
    {"id": "e28", "name": "Speaker 1's car", "type": "OBJECT", "timestamp": "NONE", "properties": ["is no longer owned"]},
    {"id": "e29", "name": "Speaker 1's car", "type": "OBJECT", "timestamp": "NONE", "properties": ["is a german car"]},
    {"id": "e30", "name": "Speaker 2's car", "type": "OBJECT", "timestamp": "NONE", "properties": ["is a ford raptor"]},
    {"id": "e31", "name": "Speaker 2's boyfriend", "type": "PERSON", "timestamp": "NONE", "properties": ["is driven to work"]},
    {"id": "e32", "name": "Speaker 1's father", "type": "PERSON", "timestamp": "NONE", "properties": ["built model cars"]},
    {"id": "e33", "name": "Speaker 1's model cars", "type": "OBJECT", "timestamp": "NONE", "properties": ["are 40 years old"]},
    {"id": "e34", "name": "Speaker 1's car", "type": "OBJECT", "timestamp": "NONE", "properties": ["is no longer owned"]},
    {"id": "e35", "name": "Speaker 1's car", "type": "OBJECT", "timestamp": "NONE", "properties": ["is a german car"]},
    {"id": "e36", "name": "Speaker 2's car", "type": "OBJECT", "timestamp": "NONE", "properties": ["is a ford raptor"]},
    {"id": "e37", "name": "Speaker 2's boyfriend", "type": "PERSON", "timestamp": "NONE", "properties": ["is driven to work"]},
    {"id": "e38", "name": "Speaker 1's father", "type": "PERSON", "timestamp": "NONE", "properties": ["built model cars"]},
    {"id": "e39", "name": "Speaker 1's model cars", "type": "OBJECT", "timestamp": "NONE", "properties": ["are 40 years old"]},
    {"id": "e40", "name": "Speaker 1's car", "type": "OBJECT", "timestamp": "NONE", "properties": ["is no longer owned"]},
    {"id": "e41", "name": "Speaker 1's car", "type": "OBJECT", "timestamp": "NONE", "properties": ["is a german car"]},
    {"id": "e42", "name": "Speaker 2's car", "type": "OBJECT", "timestamp": "NONE", "properties": ["is a ford raptor"]},
    {"id": "e43", "name": "Speaker 2's boyfriend", "type": "PERSON", "timestamp": "NONE", "properties": ["is driven to work"]},
    {"id": "e44", "name": "Speaker 1's father", "type": "PERSON", "timestamp": "NONE", "properties": ["built model cars"]},
    {"id": "e45", "name": "Speaker 1's model cars", "type": "OBJECT", "timestamp": "NONE", "properties": ["are 40 years old"]},
    {"id": "e46", "name": "Speaker 1's car", "type": "OBJECT", "timestamp": "NONE", "properties": ["is no longer owned"]},
    {"id": "e47", "name": "Speaker 1's car", "type": "OBJECT", "timestamp": "NONE", "properties": ["is a german car"]},
    {"id": "e48", "name": "Speaker 2's car", "type": "OBJECT", "timestamp": "NONE", "properties": ["is a ford raptor"]},
    {"id": "e49", "name": "Speaker 2's boyfriend", "type": "PERSON", "timestamp": "NONE", "properties": ["is driven to work"]},
    {"id": "e50", "name": "Speaker 1's father", "

2026-07-03 16:40:07,137 - WARNING - RETRYING #10 Dialogue 375, Session: 3. MSG: Unterminated string starting at: line 73 column 32 (char 6043)
 LLM Response: {
  "topics": ["mention coworker", "ask about show", "ask about show", "explain business", "congratulate show", "film start date", "ask wife on show", "explain wife's role", "ask about Major's recovery", "ask about recovery time", "ask about medicine", "ask about medicine"],
  "entities": [
    {"id": "e1", "name": "Speaker 1", "type": "PERSON", "timestamp": "NONE", "properties": ["role", "baker"]},
    {"id": "e2", "name": "Speaker 2", "type": "PERSON", "timestamp": "NONE", "properties": ["role", "friend"]},
    {"id": "e3", "name": "Coworker", "type": "PERSON", "timestamp": "NONE", "properties": ["role", "listener"]},
    {"id": "e4", "name": "Best Baker", "type": "ACTIVITY", "timestamp": "NONE", "properties": ["type", "show"]},
    {"id": "e5", "name": "Baking A Dream", "type": "ORGANIZATION", "timestamp": "NONE", "properties": ["type", "business"]},
    {"id": "e6", "name": "Major", "type": "ANIMAL", "timestamp": "NONE", "properties": ["type", "dog"]},
    {"id": "e7", "name": "Vet", "type": "ORGANIZATION", "timestamp": "NONE", "properties": ["type", "medical professional"]},
    {"id": "e8", "name": "Medicine", "type": "OBJECT", "timestamp": "NONE", "properties": ["type", "treatment"]},
    {"id": "e9", "name": "Dogs", "type": "OBJECT", "timestamp": "NONE", "properties": ["type", "animals"]},
    {"id": "e10", "name": "Virus", "type": "CONCEPT", "timestamp": "NONE", "properties": ["type", "illness"]},
    {"id": "e11", "name": "Show filming", "type": "EVENT", "timestamp": "NONE", "properties": ["type", "event"]}
  ],
  "relations": [
    {"source": "e1", "target": "e3", "relation": "told about", "timestamp": "NONE"},
    {"source": "e1", "target": "e4", "relation": "interested in", "timestamp": "NONE"},
    {"source": "e2", "target": "e1", "relation": "asked about", "timestamp": "NONE"},
    {"source": "e2", "target": "e4", "relation": "asked about", "timestamp": "NONE"},
    {"source": "e1", "target": "e5", "relation": "owns", "timestamp": "NONE"},
    {"source": "e1", "target": "e4", "relation": "interested in", "timestamp": "NONE"},
    {"source": "e2", "target": "e1", "relation": "congratulated", "timestamp": "NONE"},
    {"source": "e1", "target": "e4", "relation": "will be on", "timestamp": "NONE"},
    {"source": "e2", "target": "e1", "relation": "asked about", "timestamp": "NONE"},
    {"source": "e1", "target": "e6", "relation": "has", "timestamp": "NONE"},
    {"source": "e1", "target": "e6", "relation": "takes care of", "timestamp": "NONE"},
    {"source": "e1", "target": "e6", "relation": "has", "timestamp": "NONE"},
    {"source": "e1", "target": "e6", "relation": "has", "timestamp": "NONE"},
    {"source": "e1", "target": "e6", "relation": "has", "timestamp": "NONE"},
    {"source": "e1", "target": "e6", "relation": "has", "timestamp": "NONE"},
    {"source": "e1", "target": "e6", "relation": "has", "timestamp": "NONE"},
    {"source": "e1", "target": "e6", "relation": "has", "timestamp": "NONE"},
    {"source": "e1", "target": "e6", "relation": "has", "timestamp": "NONE"},
    {"source": "e1", "target": "e6", "relation": "has", "timestamp": "NONE"},
    {"source": "e1", "target": "e6", "relation": "has", "timestamp": "NONE"},
    {"source": "e1", "target": "e6", "relation": "has", "timestamp": "NONE"},
    {"source": "e1", "target": "e6", "relation": "has", "timestamp": "NONE"},
    {"source": "e1", "target": "e6", "relation": "has", "timestamp": "NONE"},
    {"source": "e1", "target": "e6", "relation": "has", "timestamp": "NONE"},
    {"source": "e1", "target": "e6", "relation": "has", "timestamp": "NONE"},
    {"source": "e1", "target": "e6", "relation": "has", "timestamp": "NONE"},
    {"source": "e1", "target": "e6", "relation": "has", "timestamp": "NONE"},
    {"source": "e1", "target": "e6", "relation": "has", "timestamp": "NONE"},
    {"source": "e1", "target": "e6", "relation": "has", "timestamp": "NONE"},
    {"source": "e1", "target": "e6", "relation": "has", "timestamp": "NONE"},
    {"source": "e1", "target": "e6", "relation": "has", "timestamp": "NONE"},
    {"source": "e1", "target": "e6", "relation": "has", "timestamp": "NONE"},
    {"source": "e1", "target": "e6", "relation": "has", "timestamp": "NONE"},
    {"source": "e1", "target": "e6", "relation": "has", "timestamp": "NONE"},
    {"source": "e1", "target": "e6", "relation": "has", "timestamp": "NONE"},
    {"source": "e1", "target": "e6", "relation": "has", "timestamp": "NONE"},
    {"source": "e1", "target": "e6", "relation": "has", "timestamp": "NONE"},
    {"source": "e1", "target": "e6", "relation": "has", "timestamp": "NONE"},
    {"source": "e1", "target": "e6", "relation": "has", "timestamp": "NONE"},
    {"source": "e1", "target": "e6", "relation": "has", "timestamp": "NONE"},
    {"source": "e1", "target": "e6", "relation": "has", "timestamp": "NONE"},
    {"source": "e1", "target": "e6", "relation": "has", "timestamp": "NONE"},
    {"source": "e1", "target": "e6", "relation": "has", "timestamp": "NONE"},
    {"source": "e1", "target": "e6", "relation": "has", "timestamp": "NONE"},
    {"source": "e1", "target": "e6", "relation": "has", "timestamp": "NONE"},
    {"source": "e1", "target": "e6", "relation": "has", "timestamp": "NONE"},
    {"source": "e1", "target": "e6", "relation": "has", "timestamp": "NONE"},
    {"source": "e1", "target": "e6", "relation": "has", "timestamp": "NONE"},
    {"source": "e1", "target": "e6", "relation": "has", "timestamp": "NONE"},
    {"source": "e1", "target": "e6", "relation": "has", "timestamp": "NONE"},
    {"source": "e1", "target": "e6", "relation": "has", "timestamp": "NONE"},
    {"source": "e1", "target": "e6", "relation": "has", "timestamp": "NONE"},
    {"source": "e1", "target": "e6", "relation": "has", "timestamp": "NONE"},
    {"source": "e1", "target": "e6", "relation": "has", "timestamp": "NONE"},
    {"source": "e1", "target": "e6", "relation": "has", "timestamp": "NONE"},
    {"source": "e1", "target": "e6", "relation": "has", "timestamp": "NONE"},
    {"source": "e1", "target": "

2026-07-03 16:41:11,442 - ERROR - #10 Dialogue 375, Session: 3 data extraction failed. MSG: Unterminated string starting at: line 57 column 6 (char 6115)
 LLM Response: {
  "topics": ["mention coworker", "ask about show", "ask about show", "business name", "congratulations", "show start", "wife on show", "dog virus", "dog recovery", "vet info", "medicine option", "show details"],
  "entities": [
    {"id": "e1", "name": "Speaker 1", "type": "PERSON", "timestamp": "NONE", "properties": ["role", "baking"]},
    {"id": "e2", "name": "Speaker 2", "type": "PERSON", "timestamp": "NONE", "properties": ["role", "dog"]},
    {"id": "e3", "name": "Best Baker", "type": "EVENT", "timestamp": "NONE", "properties": ["show", "airing"]},
    {"id": "e4", "name": "Baking A Dream", "type": "ORGANIZATION", "timestamp": "NONE", "properties": ["business", "name"]},
    {"id": "e5", "name": "Major", "type": "ANIMAL", "timestamp": "NONE", "properties": ["dog", "virus"]},
    {"id": "e6", "name": "vet", "type": "ORGANIZATION", "timestamp": "NONE", "properties": ["medical professional", "treatment"]},
    {"id": "e7", "name": "medicine", "type": "OBJECT", "timestamp": "NONE", "properties": ["treatment", "option"]},
    {"id": "e8", "name": "show", "type": "EVENT", "timestamp": "NONE", "properties": ["airing", "filming"]},
    {"id": "e9", "name": "dogs", "type": "OBJECT", "timestamp": "NONE", "properties": ["animals", "care"]},
    {"id": "e10", "name": "virus", "type": "CONCEPT", "timestamp": "NONE", "properties": ["disease", "treatment"]},
    {"id": "e11", "name": "competition", "type": "EVENT", "timestamp": "NONE", "properties": ["show", "participants"]},
    {"id": "e12", "name": "filming", "type": "EVENT", "timestamp": "NONE", "properties": ["show", "schedule"]},
    {"id": "e13", "name": "airing", "type": "EVENT", "timestamp": "NONE", "properties": ["show", "schedule"]},
    {"id": "e14", "name": "show details", "type": "EVENT", "timestamp": "NONE", "properties": ["show", "schedule"]},
    {"id": "e15", "name": "competition", "type": "EVENT", "timestamp": "NONE", "properties": ["show", "participants"]},
    {"id": "e16", "name": "show start", "type": "EVENT", "timestamp": "NONE", "properties": ["show", "schedule"]},
    {"id": "e17", "name": "show details", "type": "EVENT", "timestamp": "NONE", "properties": ["show", "schedule"]},
    {"id": "e18", "name": "show", "type": "EVENT", "timestamp": "NONE", "properties": ["show", "schedule"]},
    {"id": "e19", "name": "show", "type": "EVENT", "timestamp": "NONE", "properties": ["show", "schedule"]},
    {"id": "e20", "name": "show", "type": "EVENT", "timestamp": "NONE", "properties": ["show", "schedule"]},
    {"id": "e21", "name": "show", "type": "EVENT", "timestamp": "NONE", "properties": ["show", "schedule"]},
    {"id": "e22", "name": "show", "type": "EVENT", "timestamp": "NONE", "properties": ["show", "schedule"]},
    {"id": "e23", "name": "show", "type": "EVENT", "timestamp": "NONE", "properties": ["show", "schedule"]},
    {"id": "e24", "name": "show", "type": "EVENT", "timestamp": "NONE", "properties": ["show", "schedule"]},
    {"id": "e25", "name": "show", "type": "EVENT", "timestamp": "NONE", "properties": ["show", "schedule"]},
    {"id": "e26", "name": "show", "type": "EVENT", "timestamp": "NONE", "properties": ["show", "schedule"]},
    {"id": "e27", "name": "show", "type": "EVENT", "timestamp": "NONE", "properties": ["show", "schedule"]},
    {"id": "e28", "name": "show", "type": "EVENT", "timestamp": "NONE", "properties": ["show", "schedule"]},
    {"id": "e29", "name": "show", "type": "EVENT", "timestamp": "NONE", "properties": ["show", "schedule"]},
    {"id": "e30", "name": "show", "type": "EVENT", "timestamp": "NONE", "properties": ["show", "schedule"]},
    {"id": "e31", "name": "show", "type": "EVENT", "timestamp": "NONE", "properties": ["show", "schedule"]},
    {"id": "e32", "name": "show", "type": "EVENT", "timestamp": "NONE", "properties": ["show", "schedule"]},
    {"id": "e33", "name": "show", "type": "EVENT", "timestamp": "NONE", "properties": ["show", "schedule"]},
    {"id": "e34", "name": "show", "type": "EVENT", "timestamp": "NONE", "properties": ["show", "schedule"]},
    {"id": "e35", "name": "show", "type": "EVENT", "timestamp": "NONE", "properties": ["show", "schedule"]},
    {"id": "e36", "name": "show", "type": "EVENT", "timestamp": "NONE", "properties": ["show", "schedule"]},
    {"id": "e37", "name": "show", "type": "EVENT", "timestamp": "NONE", "properties": ["show", "schedule"]},
    {"id": "e38", "name": "show", "type": "EVENT", "timestamp": "NONE", "properties": ["show", "schedule"]},
    {"id": "e39", "name": "show", "type": "EVENT", "timestamp": "NONE", "properties": ["show", "schedule"]},
    {"id": "e40", "name": "show", "type": "EVENT", "timestamp": "NONE", "properties": ["show", "schedule"]},
    {"id": "e41", "name": "show", "type": "EVENT", "timestamp": "NONE", "properties": ["show", "schedule"]},
    {"id": "e42", "name": "show", "type": "EVENT", "timestamp": "NONE", "properties": ["show", "schedule"]},
    {"id": "e43", "name": "show", "type": "EVENT", "timestamp": "NONE", "properties": ["show", "schedule"]},
    {"id": "e44", "name": "show", "type": "EVENT", "timestamp": "NONE", "properties": ["show", "schedule"]},
    {"id": "e45", "name": "show", "type": "EVENT", "timestamp": "NONE", "properties": ["show", "schedule"]},
    {"id": "e46", "name": "show", "type": "EVENT", "timestamp": "NONE", "properties": ["show", "schedule"]},
    {"id": "e47", "name": "show", "type": "EVENT", "timestamp": "NONE", "properties": ["show", "schedule"]},
    {"id": "e48", "name": "show", "type": "EVENT", "timestamp": "NONE", "properties": ["show", "schedule"]},
    {"id": "e49", "name": "show", "type": "EVENT", "timestamp": "NONE", "properties": ["show", "schedule"]},
    {"id": "e50", "name": "show", "type": "EVENT", "timestamp": "NONE", "properties": ["show", "schedule"]},
    {"id": "e51", "name": "show", "type": "EVENT", "timestamp": "NONE", "properties": ["show", "schedule"]},
    {"id": "e52", "name": "show", "type": "EVENT", "timestamp": "NONE", "properties": ["show", "schedule"]},
    {"id": "e53", "name": "show", "type": "EVENT", "timestamp": "NONE", "properties": ["show", "schedule"]},
    {"

2026-07-03 16:58:47,095 - WARNING - RETRYING #7 Dialogue 411, Session: 0. MSG: Expecting property name enclosed in double quotes: line 57 column 21 (char 5938)
 LLM Response: {
  "topics": ["greeting", "leaving for florida", "vacation or snowbird", "vacation and dog name", "unusual name and work", "grateful for children and dog", "technical issue with protools", "work and sports interest", "work and single dad", "offer help and questions", "love for children and pets", "number of kids and florida visit", "marriage and cat", "business and challenges", "interest in music and sports"],
  "entities": [
    {"id": "e1", "name": "Tracy", "type": "PERSON", "timestamp": "turn 1", "properties": ["children", "leaving for florida"]},
    {"id": "e2", "name": "Snowbird", "type": "OBJECT", "timestamp": "turn 3", "properties": ["dog name"]},
    {"id": "e3", "name": "Grace", "type": "OBJECT", "timestamp": "turn 13", "properties": ["cat"]},
    {"id": "e4", "name": "Protools", "type": "OBJECT", "timestamp": "turn 6", "properties": ["technical issue"]},
    {"id": "e5", "name": "Recording studio", "type": "ORGANIZATION", "timestamp": "turn 14", "properties": ["business", "challenges"]},
    {"id": "e6", "name": "Football", "type": "ACTIVITY", "timestamp": "turn 3", "properties": ["sport"]},
    {"id": "e7", "name": "Baseball", "type": "ACTIVITY", "timestamp": "turn 15", "properties": ["sport"]},
    {"id": "e8", "name": "Soccer", "type": "ACTIVITY", "timestamp": "turn 15", "properties": ["sport"]},
    {"id": "e9", "name": "Children", "type": "CONCEPT", "timestamp": "turn 5", "properties": ["love", "life"]},
    {"id": "e10", "name": "Florida", "type": "LOCATION", "timestamp": "turn 1", "properties": ["second house"]},
    {"id": "e11", "name": "Ex", "type": "PERSON", "timestamp": "turn 12", "properties": ["ruined marriage"]},
    {"id": "e12", "name": "Singers", "type": "CONCEPT", "timestamp": "turn 15", "properties": ["profession"]},
    {"id": "e13", "name": "Single dad", "type": "CONCEPT", "timestamp": "turn 8", "properties": ["role"]},
    {"id": "e14", "name": "Work", "type": "CONCEPT", "timestamp": "turn 4", "properties": ["time", "stress"]},
    {"id": "e15", "name": "Traveling", "type": "CONCEPT", "timestamp": "turn 2", "properties": ["vacation", "snowbird"]},
    {"id": "e16", "name": "Music", "type": "ACTIVITY", "timestamp": "turn 15", "properties": ["sing"]},
    {"id": "e17", "name": "Marriage", "type": "CONCEPT", "timestamp": "turn 12", "properties": ["15 years"]},
    {"id": "e18", "name": "Cat", "type": "OBJECT", "timestamp": "turn 10", "properties": ["pet", "personality"]},
    {"id": "e19", "name": "Dog", "type": "OBJECT", "timestamp": "turn 3", "properties": ["pet", "needy"]},
    {"id": "e20", "name": "Studio", "type": "ORGANIZATION", "timestamp": "turn 14", "properties": ["business", "challenges"]},
    {"id": "e21", "name": "Single", "type": "CONCEPT", "timestamp": "turn 8", "properties": ["role"]},
    {"id": "e22", "name": "Children and dog", "type": "CONCEPT", "timestamp": "turn 10", "properties": ["love", "life"]},
    {"id": "e23", "name": "Soccer", "type": "ACTIVITY", "timestamp": "turn 15", "properties": ["sport"]},
    {"id": "e24", "name": "Baseball", "type": "ACTIVITY", "timestamp": "turn 15", "properties": ["sport"]},
    {"id": "e25", "name": "Football", "type": "ACTIVITY", "timestamp": "turn 3", "properties": ["sport"]},
    {"id": "e26", "name": "Protools", "type": "OBJECT", "timestamp": "turn 6", "properties": ["technical issue"]},
    {"id": "e27", "name": "Recording studio", "type": "ORGANIZATION", "timestamp": "turn 14", "properties": ["business", "challenges"]},
    {"id": "e28", "name": "Singers", "type": "CONCEPT", "timestamp": "turn 15", "properties": ["profession"]},
    {"id": "e29", "name": "Single dad", "type": "CONCEPT", "timestamp": "turn 8", "properties": ["role"]},
    {"id": "e30", "name": "Work", "type": "CONCEPT", "timestamp": "turn 4", "properties": ["time", "stress"]},
    {"id": "e31", "name": "Traveling", "type": "CONCEPT", "timestamp": "turn 2", "properties": ["vacation", "snowbird"]},
    {"id": "e32", "name": "Florida", "type": "LOCATION", "timestamp": "turn 1", "properties": ["second house"]},
    {"id": "e33", "name": "Ex", "type": "PERSON", "timestamp": "turn 12", "properties": ["ruined marriage"]},
    {"id": "e34", "name": "Cat", "type": "OBJECT", "timestamp": "turn 10", "properties": ["pet", "personality"]},
    {"id": "e35", "name": "Dog", "type": "OBJECT", "timestamp": "turn 3", "properties": ["pet", "needy"]},
    {"id": "e36", "name": "Music", "type": "ACTIVITY", "timestamp": "turn 15", "properties": ["sing"]},
    {"id": "e37", "name": "Marriage", "type": "CONCEPT", "timestamp": "turn 12", "properties": ["15 years"]},
    {"id": "e38", "name": "Studio", "type": "ORGANIZATION", "timestamp": "turn 14", "properties": ["business", "challenges"]},
    {"id": "e39", "name": "Singers", "type": "CONCEPT", "timestamp": "turn 15", "properties": ["profession"]},
    {"id": "e40", "name": "Single", "type": "CONCEPT", "timestamp": "turn 8", "properties": ["role"]},
    {"id": "e41", "name": "Children and dog", "type": "CONCEPT", "timestamp": "turn 10", "properties": ["love", "life"]}
  ],
  "relations": [
    {"source": "e1", "target": "e2", "relation": "has", "timestamp": "turn 1"},
    {"source": "e1", "target": "e3", "relation": "has", "timestamp": "turn 1"},
    {"source": "e1", "target": "e10", "relation": "has second house", "timestamp": "turn 1"},
    {"source": "e1", "target": "e12", "relation": "ex", "timestamp": "turn 12"},
    {"source": "e1", "target": "e11", "relation": "ex", "timestamp": "turn 12"},
    {"source": "e1", "target": "e2", "relation": "has", "timestamp": "turn 3"},
    {"source": "e1", "target": "e10", "relation": "has second house", "timestamp": "turn 1"},
    {"source": "e1", "target": "e12", "relation": "ex", "timestamp": "turn 12"},
    {"source": "e1", "target": "e11", "relation": "ex", "timestamp": "turn 12"},
    {"source": "e1", "target": "e10", "relation": "has second house", "timestamp": "turn 1"},
    {"source": "e1",

2026-07-03 16:59:51,850 - ERROR - #7 Dialogue 411, Session: 0 data extraction failed. MSG: Expecting value: line 54 column 88 (char 5948)
 LLM Response: {
  "topics": ["greeting", "leaving for florida", "vacation or snowbird", "vacation and dog name", "unusual name and work", "grateful for children and dog", "technical issue with protools", "work and travel", "work and single dad", "offer help and questions", "love kids and cat person", "number of kids and florida", "marriage and cat", "recording studio and challenges", "singing and sports interest"],
  "entities": [
    {"id": "e1", "name": "Tracy", "type": "PERSON", "timestamp": "turn 1", "properties": ["children", "leaving for florida"]},
    {"id": "e2", "name": "Snowbird", "type": "OBJECT", "timestamp": "turn 3", "properties": ["dog name"]},
    {"id": "e3", "name": "Grace", "type": "OBJECT", "timestamp": "turn 13", "properties": ["cat"]},
    {"id": "e4", "name": "Protools", "type": "OBJECT", "timestamp": "turn 6", "properties": ["technical issue"]},
    {"id": "e5", "name": "Recording studio", "type": "OBJECT", "timestamp": "turn 14", "properties": ["small", "tough last year"]},
    {"id": "e6", "name": "Baseball", "type": "ACTIVITY", "timestamp": "turn 15", "properties": ["sport"]},
    {"id": "e7", "name": "Football", "type": "ACTIVITY", "timestamp": "turn 15", "properties": ["sport"]},
    {"id": "e8", "name": "Soccer", "type": "ACTIVITY", "timestamp": "turn 15", "properties": ["sport"]},
    {"id": "e9", "name": "Children", "type": "CONCEPT", "timestamp": "turn 10", "properties": ["love", "life"]},
    {"id": "e10", "name": "Florida", "type": "LOCATION", "timestamp": "turn 1", "properties": ["second house"]},
    {"id": "e11", "name": "Ex", "type": "PERSON", "timestamp": "turn 12", "properties": ["ruined marriage"]},
    {"id": "e12", "name": "Singers", "type": "CONCEPT", "timestamp": "turn 15", "properties": ["needed"]},
    {"id": "e13", "name": "Single dad", "type": "CONCEPT", "timestamp": "turn 8", "properties": ["role"]},
    {"id": "e14", "name": "Work", "type": "CONCEPT", "timestamp": "turn 4", "properties": ["time consuming"]},
    {"id": "e15", "name": "Travel", "type": "CONCEPT", "timestamp": "turn 2", "properties": ["vacation"]},
    {"id": "e16", "name": "Marriage", "type": "CONCEPT", "timestamp": "turn 12", "properties": ["15 years"]},
    {"id": "e17", "name": "Dog", "type": "OBJECT", "timestamp": "turn 3", "properties": ["needy"]},
    {"id": "e18", "name": "Cat", "type": "OBJECT", "timestamp": "turn 10", "properties": ["preferred"]},
    {"id": "e19", "name": "Singing", "type": "ACTIVITY", "timestamp": "turn 15", "properties": ["interest"]},
    {"id": "e20", "name": "Single dad", "type": "CONCEPT", "timestamp": "turn 8", "properties": ["role"]},
    {"id": "e21", "name": "Work", "type": "CONCEPT", "timestamp": "turn 4", "properties": ["time consuming"]},
    {"id": "e22", "name": "Travel", "type": "CONCEPT", "timestamp": "turn 2", "properties": ["vacation"]},
    {"id": "e23", "name": "Florida", "type": "LOCATION", "timestamp": "turn 1", "properties": ["second house"]},
    {"id": "e24", "name": "Ex", "type": "PERSON", "timestamp": "turn 12", "properties": ["ruined marriage"]},
    {"id": "e25", "name": "Singers", "type": "CONCEPT", "timestamp": "turn 15", "properties": ["needed"]},
    {"id": "e26", "name": "Dog", "type": "OBJECT", "timestamp": "turn 3", "properties": ["needy"]},
    {"id": "e27", "name": "Cat", "type": "OBJECT", "timestamp": "turn 10", "properties": ["preferred"]},
    {"id": "e28", "name": "Singing", "type": "ACTIVITY", "timestamp": "turn 15", "properties": ["interest"]},
    {"id": "e29", "name": "Single dad", "type": "CONCEPT", "timestamp": "turn 8", "properties": ["role"]},
    {"id": "e30", "name": "Work", "type": "CONCEPT", "timestamp": "turn 4", "properties": ["time consuming"]},
    {"id": "e31", "name": "Travel", "type": "CONCEPT", "timestamp": "turn 2", "properties": ["vacation"]},
    {"id": "e32", "name": "Florida", "type": "LOCATION", "timestamp": "turn 1", "properties": ["second house"]},
    {"id": "e33", "name": "Ex", "type": "PERSON", "timestamp": "turn 12", "properties": ["ruined marriage"]},
    {"id": "e34", "name": "Singers", "type": "CONCEPT", "timestamp": "turn 15", "properties": ["needed"]},
    {"id": "e35", "name": "Dog", "type": "OBJECT", "timestamp": "turn 3", "properties": ["needy"]},
    {"id": "e36", "name": "Cat", "type": "OBJECT", "timestamp": "turn 10", "properties": ["preferred"]},
    {"id": "e37", "name": "Singing", "type": "ACTIVITY", "timestamp": "turn 15", "properties": ["interest"]},
    {"id": "e38", "name": "Single dad", "type": "CONCEPT", "timestamp": "turn 8", "properties": ["role"]},
    {"id": "e39", "name": "Work", "type": "CONCEPT", "timestamp": "turn 4", "properties": ["time consuming"]},
    {"id": "e40", "name": "Travel", "type": "CONCEPT", "timestamp": "turn 2", "properties": ["vacation"]},
    {"id": "e41", "name": "Florida", "type": "LOCATION", "timestamp": "turn 1", "properties": ["second house"]},
    {"id": "e42", "name": "Ex", "type": "PERSON", "timestamp": "turn 12", "properties": ["ruined marriage"]},
    {"id": "e43", "name": "Singers", "type": "CONCEPT", "timestamp": "turn 15", "properties": ["needed"]},
    {"id": "e44", "name": "Dog", "type": "OBJECT", "timestamp": "turn 3", "properties": ["needy"]},
    {"id": "e45", "name": "Cat", "type": "OBJECT", "timestamp": "turn 10", "properties": ["preferred"]},
    {"id": "e46", "name": "Singing", "type": "ACTIVITY", "timestamp": "turn 15", "properties": ["interest"]},
    {"id": "e47", "name": "Single dad", "type": "CONCEPT", "timestamp": "turn 8", "properties": ["role"]},
    {"id": "e48", "name": "Work", "type": "CONCEPT", "timestamp": "turn 4", "properties": ["time consuming"]},
    {"id": "e49", "name": "Travel", "type": "CONCEPT", "timestamp": "turn 2", "properties": ["vacation"]},
    {"id": "e50", "name": "Florida", "type": "LOCATION", "timestamp": "turn 1", "properties": ["second house"]},
    {"id": "e51", "name": "Ex", "type": "PERSON", "timestamp": "turn 12", "properties":

2026-07-03 17:04:09,483 - WARNING - RETRYING #9 Dialogue 417, Session: 0. MSG: Unterminated string starting at: line 47 column 77 (char 6510)
 LLM Response: {
  "topics": ["introduce self", "mention pet", "compare families", "ask about job", "describe job", "mention job", "comment on wife's online orders", "ask about sports", "comment on kids", "comment on family", "ask about kids age", "state kids age", "avoid question", "mention location", "describe location", "comment on location"],
  "entities": [
    {"id": "e1", "name": "Speaker 1", "type": "PERSON", "timestamp": "NONE", "properties": ["has three kids", "has a german shepherd", "works to make children and wife happy"]},
    {"id": "e2", "name": "Barnaby", "type": "OBJECT", "timestamp": "NONE", "properties": ["a german shepherd", "name is barnaby"]},
    {"id": "e3", "name": "Speaker 2", "type": "PERSON", "timestamp": "NONE", "properties": ["works for united states postal service", "likes nascar", "has a wife"]},
    {"id": "e4", "name": "Wife", "type": "PERSON", "timestamp": "NONE", "properties": ["orders online", "doesn't reveal age"]},
    {"id": "e5", "name": "Ice cream parlor", "type": "LOCATION", "timestamp": "NONE", "properties": ["serves chocolate cone", "near where speaker 1 lives"]},
    {"id": "e6", "name": "Arizona", "type": "LOCATION", "timestamp": "NONE", "properties": ["has scorpions", "where speaker 2 lives"]},
    {"id": "e7", "name": "Nascar", "type": "ACTIVITY", "timestamp": "NONE", "properties": ["liked by speaker 2", "connected to speaker 2's dad"]},
    {"id": "e8", "name": "Soccer league", "type": "ACTIVITY", "timestamp": "NONE", "properties": ["considered professional by speaker 2"]},
    {"id": "e9", "name": "Chocolate ice cream", "type": "OBJECT", "timestamp": "NONE", "properties": ["liked by speaker 1", "associated with family memories"]},
    {"id": "e10", "name": "Scorpions", "type": "OBJECT", "timestamp": "NONE", "properties": ["found in arizona", "cause annoyance to speaker 2"]},
    {"id": "e11", "name": "Speaker 1's kids", "type": "CONCEPT", "timestamp": "NONE", "properties": ["five, eight, and ten years old", "live near ice cream parlor"]},
    {"id": "e12", "name": "Speaker 2's dad", "type": "PERSON", "timestamp": "NONE", "properties": ["racecar driver", "connected to nascar interest"]},
    {"id": "e13", "name": "Speaker 1's wife", "type": "PERSON", "timestamp": "NONE", "properties": ["doesn't reveal age", "orders online"]},
    {"id": "e14", "name": "Speaker 1's family", "type": "CONCEPT", "timestamp": "NONE", "properties": ["includes three kids", "includes wife"]},
    {"id": "e15", "name": "Speaker 2's family", "type": "CONCEPT", "timestamp": "NONE", "properties": ["includes wife", "includes speaker 2"]},
    {"id": "e16", "name": "Speaker 1's job", "type": "CONCEPT", "timestamp": "NONE", "properties": ["to make children and wife happy"]},
    {"id": "e17", "name": "Speaker 2's job", "type": "CONCEPT", "timestamp": "NONE", "properties": ["works for united states postal service"]},
    {"id": "e18", "name": "Speaker 2's dad's job", "type": "CONCEPT", "timestamp": "NONE", "properties": ["racecar driver"]},
    {"id": "e19", "name": "Speaker 2's interest in sports", "type": "CONCEPT", "timestamp": "NONE", "properties": ["nascar"]},
    {"id": "e20", "name": "Speaker 1's interest in sports", "type": "CONCEPT", "timestamp": "NONE", "properties": ["soccer league"]},
    {"id": "e21", "name": "Speaker 1's family memories", "type": "CONCEPT", "timestamp": "NONE", "properties": ["eating chocolate ice cream"]},
    {"id": "e22", "name": "Speaker 2's location", "type": "LOCATION", "timestamp": "NONE", "properties": ["arizona"]},
    {"id": "e23", "name": "Speaker 1's location", "type": "LOCATION", "timestamp": "NONE", "properties": ["near ice cream parlor"]},
    {"id": "e24", "name": "Speaker 2's comment on location", "type": "CONCEPT", "timestamp": "NONE", "properties": ["arizona sucks", "has scorpions"]},
    {"id": "e25", "name": "Speaker 1's comment on location", "type": "CONCEPT", "timestamp": "NONE", "properties": ["near ice cream parlor"]},
    {"id": "e26", "name": "Speaker 2's comment on scorpions", "type": "CONCEPT", "timestamp": "NONE", "properties": ["scorpions in arizona"]},
    {"id": "e27", "name": "Speaker 1's comment on family", "type": "CONCEPT", "timestamp": "NONE", "properties": ["three kids", "wife"]},
    {"id": "e28", "name": "Speaker 2's comment on family", "type": "CONCEPT", "timestamp": "NONE", "properties": ["wife", "speaker 2"]},
    {"id": "e29", "name": "Speaker 1's comment on kids", "type": "CONCEPT", "timestamp": "NONE", "properties": ["five, eight, and ten years old"]},
    {"id": "e30", "name": "Speaker 2's comment on kids", "type": "CONCEPT", "timestamp": "NONE", "properties": ["none"]},
    {"id": "e31", "name": "Speaker 1's comment on ice cream", "type": "CONCEPT", "timestamp": "NONE", "properties": ["chocolate ice cream"]},
    {"id": "e32", "name": "Speaker 2's comment on ice cream", "type": "CONCEPT", "timestamp": "NONE", "properties": ["none"]},
    {"id": "e33", "name": "Speaker 1's comment on family memories", "type": "CONCEPT", "timestamp": "NONE", "properties": ["eating chocolate ice cream"]},
    {"id": "e34", "name": "Speaker 2's comment on family memories", "type": "CONCEPT", "timestamp": "NONE", "properties": ["none"]},
    {"id": "e35", "name": "Speaker 1's comment on scorpions", "type": "CONCEPT", "timestamp": "NONE", "properties": ["none"]},
    {"id": "e36", "name": "Speaker 2's comment on scorpions", "type": "CONCEPT", "timestamp": "NONE", "properties": ["scorpions in arizona"]},
    {"id": "e37", "name": "Speaker 1's comment on family", "type": "CONCEPT", "timestamp": "NONE", "properties": ["three kids", "wife"]},
    {"id": "e38", "name": "Speaker 2's comment on family", "type": "CONCEPT", "timestamp": "NONE", "properties": ["wife", "speaker 2"]},
    {"id": "e39", "name": "Speaker 1's comment on kids", "type": "CONCEPT", "timestamp": "NONE", "properties": ["five, eight, and ten years old"]},
    {"id": "e40", "name": "Speaker 2's comment on kids", "type": "CONCEPT", "timestamp": "NONE", "properties": ["none"]},
    {"id": "e41", "name": "Speaker 1's comment on ice cream", "type": "CONCEPT", "timestamp": "NONE", "properties": ["chocolate ice cream"]},
    {"id": "e42", "name": "Speaker 2's comment on ice cream", "type": "CONCEPT", "timestamp": "NONE", "properties": ["none"]},
    {"id": "e43", "name": "Speaker 1's comment on family memories", "type": "CONCEPT", "timestamp": "NONE", "properties": ["eating chocolate ice cream"]},
    {"id": "e44", "name": "Speaker 2's comment on family memories", "type": "CON

2026-07-03 17:04:27,959 - WARNING - RETRYING #14 Dialogue 418, Session: 0. MSG: Expecting value: line 53 column 44 (char 5893)
 LLM Response: {
  "topics": ["greeting", "age", "shyness", "little league", "dog", "chocolate", "coffee", "mini van", "mom", "coffee and wine", "blocks", "baseball", "toy van", "singing", "wine and coffee"],
  "entities": [
    {"id": "e1", "name": "taylor", "type": "PERSON", "timestamp": "turn 0", "properties": ["has six children", "has a mini van"]},
    {"id": "e2", "name": "person", "type": "PERSON", "timestamp": "turn 1", "properties": ["age 4", "has trouble talking to people"]},
    {"id": "e3", "name": "little league team", "type": "EVENT", "timestamp": "turn 2", "properties": ["won again", "had wine"]},
    {"id": "e4", "name": "dog", "type": "OBJECT", "timestamp": "turn 3", "properties": ["desired to be a dog"]},
    {"id": "e5", "name": "madison", "type": "PERSON", "timestamp": "turn 4", "properties": ["son"]},
    {"id": "e6", "name": "larry", "type": "PERSON", "timestamp": "turn 4", "properties": ["son"]},
    {"id": "e7", "name": "ike", "type": "PERSON", "timestamp": "turn 4", "properties": ["son"]},
    {"id": "e8", "name": "chris", "type": "PERSON", "timestamp": "turn 4", "properties": ["son"]},
    {"id": "e9", "name": "paul", "type": "PERSON", "timestamp": "turn 4", "properties": ["son"]},
    {"id": "e10", "name": "coffee", "type": "OBJECT", "timestamp": "turn 6", "properties": ["liked", "drinks coffee"]},
    {"id": "e11", "name": "mini van", "type": "OBJECT", "timestamp": "turn 6", "properties": ["yellow", "has"]},
    {"id": "e12", "name": "mom", "type": "PERSON", "timestamp": "turn 7", "properties": ["won't let", "said too little"]},
    {"id": "e13", "name": "wine", "type": "OBJECT", "timestamp": "turn 8", "properties": ["drinks wine", "drinks coffee"]},
    {"id": "e14", "name": "baseball", "type": "ACTIVITY", "timestamp": "turn 8", "properties": ["coaches"]},
    {"id": "e15", "name": "blocks", "type": "OBJECT", "timestamp": "turn 9", "properties": ["likes to sing about letters"]},
    {"id": "e16", "name": "jackson 5", "type": "EVENT", "timestamp": "turn 12", "properties": ["sings"]},
    {"id": "e17", "name": "wine and coffee", "type": "ACTIVITY", "timestamp": "turn 14", "properties": ["watches baseball"]},
    {"id": "e18", "name": "letters", "type": "CONCEPT", "timestamp": "turn 13", "properties": ["sings about"]},
    {"id": "e19", "name": "talking", "type": "ACTIVITY", "timestamp": "turn 15", "properties": ["likes", "sometimes not understood"]},
    {"id": "e20", "name": "toy van", "type": "OBJECT", "timestamp": "turn 10", "properties": ["has"]},
    {"id": "e21", "name": "singing", "type": "ACTIVITY", "timestamp": "turn 12", "properties": ["sings"]},
    {"id": "e22", "name": "baseball coach", "type": "JOB", "timestamp": "turn 8", "properties": ["coaches baseball"]},
    {"id": "e23", "name": "coffee and wine", "type": "ACTIVITY", "timestamp": "turn 14", "properties": ["watches baseball"]},
    {"id": "e24", "name": "mini van", "type": "OBJECT", "timestamp": "turn 0", "properties": ["yellow", "has"]},
    {"id": "e25", "name": "dog", "type": "OBJECT", "timestamp": "turn 3", "properties": ["desired to be a dog"]},
    {"id": "e26", "name": "wine", "type": "OBJECT", "timestamp": "turn 2", "properties": ["had"]},
    {"id": "e27", "name": "coffee", "type": "OBJECT", "timestamp": "turn 6", "properties": ["liked", "drinks coffee"]},
    {"id": "e28", "name": "blocks", "type": "OBJECT", "timestamp": "turn 9", "properties": ["likes to sing about letters"]},
    {"id": "e29", "name": "jackson 5", "type": "EVENT", "timestamp": "turn 12", "properties": ["sings"]},
    {"id": "e30", "name": "letters", "type": "CONCEPT", "timestamp": "turn 13", "properties": ["sings about"]},
    {"id": "e31", "name": "talking", "type": "ACTIVITY", "timestamp": "turn 15", "properties": ["likes", "sometimes not understood"]},
    {"id": "e32", "name": "toy van", "type": "OBJECT", "timestamp": "turn 10", "properties": ["has"]},
    {"id": "e33", "name": "baseball coach", "type": "JOB", "timestamp": "turn 8", "properties": ["coaches baseball"]},
    {"id": "e34", "name": "coffee and wine", "type": "ACTIVITY", "timestamp": "turn 14", "properties": ["watches baseball"]},
    {"id": "e35", "name": "mini van", "type": "OBJECT", "timestamp": "turn 0", "properties": ["yellow", "has"]},
    {"id": "e36", "name": "dog", "type": "OBJECT", "timestamp": "turn 3", "properties": ["desired to be a dog"]},
    {"id": "e37", "name": "wine", "type": "OBJECT", "timestamp": "turn 2", "properties": ["had"]},
    {"id": "e38", "name": "coffee", "type": "OBJECT", "timestamp": "turn 6", "properties": ["liked", "drinks coffee"]},
    {"id": "e39", "name": "blocks", "type": "OBJECT", "timestamp": "turn 9", "properties": ["likes to sing about letters"]},
    {"id": "e40", "name": "jackson 5", "type": "EVENT", "timestamp": "turn 12", "properties": ["sings"]},
    {"id": "e41", "name": "letters", "type": "CONCEPT", "timestamp": "turn 13", "properties": ["sings about"]},
    {"id": "e42", "name": "talking", "type": "ACTIVITY", "timestamp": "turn 15", "properties": ["likes", "sometimes not understood"]},
    {"id": "e43", "name": "toy van", "type": "OBJECT", "timestamp": "turn 10", "properties": ["has"]},
    {"id": "e44", "name": "baseball coach", "type": "JOB", "timestamp": "turn 8", "properties": ["coaches baseball"]},
    {"id": "e45", "name": "coffee and wine", "type": "ACTIVITY", "timestamp": "turn 14", "properties": ["watches baseball"]},
    {"id": "e46", "name": "mini van", "type": "OBJECT", "timestamp": "turn 0", "properties": ["yellow", "has"]},
    {"id": "e47", "name": "dog", "type": "OBJECT", "timestamp": "turn 3", "properties": ["desired to be a dog"]},
    {"id": "e48", "name": "wine", "type": "OBJECT", "timestamp": "turn 2", "properties": ["had"]},
    {"id": "e49", "name": "coffee", "type": "OBJECT", "timestamp": "turn 6", "properties": ["liked", "drinks coffee"]},
    {"id": "e50", "name": "blocks", "type":

2026-07-03 17:19:32,798 - WARNING - RETRYING #7 Dialogue 447, Session: 0. MSG: Unterminated string starting at: line 66 column 6 (char 6025)
 LLM Response: {
  "topics": ["happy birthday", "go to gym", "like to hike", "collect vintage cars", "orange cars", "have orange alfa romeo", "have dog", "allergic", "allergic to fish", "love talking to fish", "sister has fish", "time with fish", "no job", "carefree life"],
  "entities": [
    {"id": "e1", "name": "Speaker 1", "type": "PERSON", "timestamp": "NONE", "properties": ["age 18", "favorite color orange"]},
    {"id": "e2", "name": "Speaker 2", "type": "PERSON", "timestamp": "NONE", "properties": ["favorite color orange", "has fish named nemo", "has sister"]},
    {"id": "e3", "name": "Johnny Carson", "type": "PERSON", "timestamp": "NONE", "properties": ["owns orange alfa romeo"]},
    {"id": "e4", "name": "Shark Bate", "type": "ANIMAL", "timestamp": "NONE", "properties": ["fish", "owned by speaker 2's sister"]},
    {"id": "e5", "name": "Nemo", "type": "ANIMAL", "timestamp": "NONE", "properties": ["fish", "owned by speaker 2"]},
    {"id": "e6", "name": "Alfa Romeo", "type": "OBJECT", "timestamp": "NONE", "properties": ["orange", "owned by speaker 2"]},
    {"id": "e7", "name": "Fish", "type": "CONCEPT", "timestamp": "NONE", "properties": ["friends", "loved by speaker 2"]},
    {"id": "e8", "name": "Hiking", "type": "ACTIVITY", "timestamp": "NONE", "properties": ["done every morning", "to see sunset"]},
    {"id": "e9", "name": "Gym", "type": "LOCATION", "timestamp": "NONE", "properties": ["visited for happiness"]},
    {"id": "e10", "name": "Working from home", "type": "ACTIVITY", "timestamp": "NONE", "properties": ["allows cool rides", "gives time to fish"]},
    {"id": "e11", "name": "Carefree life", "type": "CONCEPT", "timestamp": "NONE", "properties": ["associated with no job"]},
    {"id": "e12", "name": "Sister", "type": "PERSON", "timestamp": "NONE", "properties": ["owns fish named shark bate"]},
    {"id": "e13", "name": "Orange", "type": "COLOR", "timestamp": "NONE", "properties": ["favorite color of speaker 1 and 2"]},
    {"id": "e14", "name": "Ride", "type": "ACTIVITY", "timestamp": "NONE", "properties": ["enjoyed by dog", "taken by speaker 2"]},
    {"id": "e15", "name": "Fish friends", "type": "CONCEPT", "timestamp": "NONE", "properties": ["loved by speaker 2"]},
    {"id": "e16", "name": "Day by day", "type": "CONCEPT", "timestamp": "NONE", "properties": ["lived by speaker 2"]},
    {"id": "e17", "name": "Birthday", "type": "EVENT", "timestamp": "NONE", "properties": ["celebrated by speaker 1"]}
  ],
  "relations": [
    {"source": "e1", "target": "e17", "relation": "celebrated", "timestamp": "NONE"},
    {"source": "e1", "target": "e13", "relation": "favorite color", "timestamp": "NONE"},
    {"source": "e2", "target": "e13", "relation": "favorite color", "timestamp": "NONE"},
    {"source": "e2", "target": "e5", "relation": "owns", "timestamp": "NONE"},
    {"source": "e2", "target": "e12", "relation": "sister", "timestamp": "NONE"},
    {"source": "e12", "target": "e4", "relation": "owns", "timestamp": "NONE"},
    {"source": "e1", "target": "e1", "relation": "age 18", "timestamp": "NONE"},
    {"source": "e2", "target": "e1", "relation": "has fish", "timestamp": "NONE"},
    {"source": "e2", "target": "e5", "relation": "has fish", "timestamp": "NONE"},
    {"source": "e2", "target": "e12", "relation": "has sister", "timestamp": "NONE"},
    {"source": "e1", "target": "e17", "relation": "birthday", "timestamp": "NONE"},
    {"source": "e1", "target": "e9", "relation": "go to", "timestamp": "NONE"},
    {"source": "e2", "target": "e17", "relation": "has fish", "timestamp": "NONE"},
    {"source": "e2", "target": "e15", "relation": "loves", "timestamp": "NONE"},
    {"source": "e2", "target": "e16", "relation": "lives", "timestamp": "NONE"},
    {"source": "e1", "target": "e16", "relation": "lives", "timestamp": "NONE"},
    {"source": "e2", "target": "e10", "relation": "allows", "timestamp": "NONE"},
    {"source": "e2", "target": "e15", "relation": "has", "timestamp": "NONE"},
    {"source": "e1", "target": "e15", "relation": "loves", "timestamp": "NONE"},
    {"source": "e2", "target": "e17", "relation": "has fish", "timestamp": "NONE"},
    {"source": "e1", "target": "e17", "relation": "celebrated", "timestamp": "NONE"},
    {"source": "e2", "target": "e17", "relation": "has fish", "timestamp": "NONE"},
    {"source": "e2", "target": "e15", "relation": "loves", "timestamp": "NONE"},
    {"source": "e2", "target": "e16", "relation": "lives", "timestamp": "NONE"},
    {"source": "e1", "target": "e16", "relation": "lives", "timestamp": "NONE"},
    {"source": "e2", "target": "e10", "relation": "allows", "timestamp": "NONE"},
    {"source": "e2", "target": "e15", "relation": "has", "timestamp": "NONE"},
    {"source": "e1", "target": "e15", "relation": "loves", "timestamp": "NONE"},
    {"source": "e2", "target": "e17", "relation": "has fish", "timestamp": "NONE"},
    {"source": "e1", "target": "e17", "relation": "celebrated", "timestamp": "NONE"},
    {"source": "e2", "target": "e17", "relation": "has fish", "timestamp": "NONE"},
    {"source": "e2", "target": "e15", "relation": "loves", "timestamp": "NONE"},
    {"source": "e2", "target": "e16", "relation": "lives", "timestamp": "NONE"},
    {"source": "e1", "target": "e16", "relation": "lives", "timestamp": "NONE"},
    {"source": "e2", "target": "e10", "relation": "allows", "timestamp": "NONE"},
    {"source": "e2", "target": "e15", "relation": "has", "timestamp": "NONE"},
    {"source": "e1", "target": "e15", "relation": "loves", "timestamp": "NONE"},
    {"source": "e2", "target": "e17", "relation": "has fish", "timestamp": "NONE"},
    {"source": "e1", "target": "e17", "relation": "celebrated", "timestamp": "NONE"},
    {"source": "e2", "target": "e17", "relation": "has fish", "timestamp": "NONE"},
    {"source": "e2", "target": "e15", "relation": "loves", "timestamp": "NONE"},
    {"source": "e2", "target": "e16", "relation": "lives", "timestamp": "NONE"},
    {"source": "e1", "target": "e16", "relation": "lives", "timestamp": "NONE"},
    {"

2026-07-03 17:33:28,749 - WARNING - RETRYING #1 Dialogue 473, Session: 0. MSG: Expecting property name enclosed in double quotes: line 63 column 38 (char 6323)
 LLM Response: {
  "topics": ["greeting", "greeting", "learning spanish", "unpacked", "interest in languages", "meaning of trabajo", "interest in france", "moved to usa", "meaning of trabajo", "pregnancy and no work", "welcome to usa", "languages spoken", "english in romania", "english in romania", "interest in french"],
  "entities": [
    {"id": "e1", "name": "Speaker 1", "type": "PERSON", "timestamp": "NONE", "properties": ["language: spanish", "interest: languages"]},
    {"id": "e2", "name": "Speaker 2", "type": "PERSON", "timestamp": "NONE", "properties": ["language: english", "origin: romania", "current location: usa", "pregnancy: 6 months", "children: stepchildren", "triplets"]},
    {"id": "e3", "name": "France", "type": "LOCATION", "timestamp": "NONE", "properties": ["language: french"]},
    {"id": "e4", "name": "Romania", "type": "LOCATION", "timestamp": "NONE", "properties": ["language: english", "origin: yorkshire"]},
    {"id": "e5", "name": "Paris", "type": "LOCATION", "timestamp": "NONE", "properties": ["language: french"]},
    {"id": "e6", "name": "Trabajo", "type": "CONCEPT", "timestamp": "NONE", "properties": ["meaning: work", "language: spanish", "language: french"]},
    {"id": "e7", "name": "Yorkshire", "type": "LOCATION", "timestamp": "NONE", "properties": ["origin: romania"]},
    {"id": "e8", "name": "French", "type": "LANGUAGE", "timestamp": "NONE", "properties": ["language: french"]},
    {"id": "e9", "name": "Spanish", "type": "LANGUAGE", "timestamp": "NONE", "properties": ["language: spanish"]},
    {"id": "e10", "name": "English", "type": "LANGUAGE", "timestamp": "NONE", "properties": ["language: english"]},
    {"id": "e11", "name": "Exchange student", "type": "ACTIVITY", "timestamp": "NONE", "properties": ["location: paris", "time: high school"]},
    {"id": "e12", "name": "Language barrier", "type": "CONCEPT", "timestamp": "NONE", "properties": ["experience: negative"]},
    {"id": "e13", "name": "Triplets", "type": "OBJECT", "timestamp": "NONE", "properties": ["pregnancy: 6 months"]},
    {"id": "e14", "name": "Stepchildren", "type": "OBJECT", "timestamp": "NONE", "properties": ["care: taken by speaker 2"]},
    {"id": "e15", "name": "Unpacked", "type": "EVENT", "timestamp": "NONE", "properties": ["time: tonight"]},
    {"id": "e16", "name": "Test", "type": "EVENT", "timestamp": "NONE", "properties": ["language: spanish"]},
    {"id": "e17", "name": "High school", "type": "TIME", "timestamp": "NONE", "properties": ["experience: exchange student"]},
    {"id": "e18", "name": "USA", "type": "LOCATION", "timestamp": "NONE", "properties": ["current location: speaker 2"]},
    {"id": "e19", "name": "Townspeople", "type": "CONCEPT", "timestamp": "NONE", "properties": ["language: english", "location: romania"]},
    {"id": "e20", "name": "Language barrier", "type": "CONCEPT", "timestamp": "NONE", "properties": ["experience: negative"]},
    {"id": "e21", "name": "Triplets", "type": "OBJECT", "timestamp": "NONE", "properties": ["pregnancy: 6 months"]},
    {"id": "e22", "name": "Stepchildren", "type": "OBJECT", "timestamp": "NONE", "properties": ["care: taken by speaker 2"]},
    {"id": "e23", "name": "Unpacked", "type": "EVENT", "timestamp": "NONE", "properties": ["time: tonight"]},
    {"id": "e24", "name": "Test", "type": "EVENT", "timestamp": "NONE", "properties": ["language: spanish"]},
    {"id": "e25", "name": "High school", "type": "TIME", "timestamp": "NONE", "properties": ["experience: exchange student"]},
    {"id": "e26", "name": "USA", "type": "LOCATION", "timestamp": "NONE", "properties": ["current location: speaker 2"]},
    {"id": "e27", "name": "Townspeople", "type": "CONCEPT", "timestamp": "NONE", "properties": ["language: english", "location: romania"]},
    {"id": "e28", "name": "Language barrier", "type": "CONCEPT", "timestamp": "NONE", "properties": ["experience: negative"]}
  ],
  "relations": [
    {"source": "e2", "target": "e18", "relation": "lives in", "timestamp": "NONE"},
    {"source": "e2", "target": "e1", "relation": "speaks", "timestamp": "NONE"},
    {"source": "e2", "target": "e19", "relation": "grew up in", "timestamp": "NONE"},
    {"source": "e2", "target": "e19", "relation": "origin", "timestamp": "NONE"},
    {"source": "e2", "target": "e19", "relation": "origin", "timestamp": "NONE"},
    {"source": "e2", "target": "e19", "relation": "origin", "timestamp": "NONE"},
    {"source": "e2", "target": "e19", "relation": "origin", "timestamp": "NONE"},
    {"source": "e2", "target": "e19", "relation": "origin", "timestamp": "NONE"},
    {"source": "e2", "target": "e19", "relation": "origin", "timestamp": "NONE"},
    {"source": "e2", "target": "e19", "relation": "origin", "timestamp": "NONE"},
    {"source": "e2", "target": "e19", "relation": "origin", "timestamp": "NONE"},
    {"source": "e2", "target": "e19", "relation": "origin", "timestamp": "NONE"},
    {"source": "e2", "target": "e19", "relation": "origin", "timestamp": "NONE"},
    {"source": "e2", "target": "e19", "relation": "origin", "timestamp": "NONE"},
    {"source": "e2", "target": "e19", "relation": "origin", "timestamp": "NONE"},
    {"source": "e2", "target": "e19", "relation": "origin", "timestamp": "NONE"},
    {"source": "e2", "target": "e19", "relation": "origin", "timestamp": "NONE"},
    {"source": "e2", "target": "e19", "relation": "origin", "timestamp": "NONE"},
    {"source": "e2", "target": "e19", "relation": "origin", "timestamp": "NONE"},
    {"source": "e2", "target": "e19", "relation": "origin", "timestamp": "NONE"},
    {"source": "e2", "target": "e19", "relation": "origin", "timestamp": "NONE"},
    {"source": "e2", "target": "e19", "relation": "origin", "timestamp": "NONE"},
    {"source": "e2", "target": "e19", "relation": "origin", "timestamp": "NONE"},
    {"source": "e2", "target": "e19", "relation": "origin", "timestamp": "NONE"},
    {"source": "e2", "target": "e19", "relation": "origin", "timestamp": "NONE"},
    {"source": "e2", "target": "e19", "relation": "origin", "timestamp": "NONE"},
    {"source": "e2", "target": "e19", "relation": "origin", "timestamp": "NONE"},
    {"source": "e2", "target": "e19", "relation": "origin", "timestamp": "NONE"},
    {"source": "e2", "target": "e19", "relation": "origin", "timestamp": "NONE"},
    {"source": "e2", "target": "e19",

2026-07-03 18:20:48,842 - WARNING - RETRYING #3 Dialogue 591, Session: 0. MSG: Expecting ',' delimiter: line 4 column 99 (char 440)
 LLM Response: {
  "topics": ["greeting", "introduce self", "comment on age", "ask about car", "mention car", "comment on brother's car", "ask about hobbies", "mention soccer", "comment on alcohol", "comment on mom's addiction", "ask about animals", "mention pet", "ask about relationship status", "comment on school", "comment on school"],
  "entities": [
    {"id": "e1", "name": "rob", "type": "PERSON", "timestamp": "turn 0", "properties": ["location": "boston"]},
    {"id": "e2", "name": "maddie", "type": "PERSON", "timestamp": "turn 1", "properties": ["age": "13"]},
    {"id": "e3", "name": "toyota prius", "type": "OBJECT", "timestamp": "turn 4", "properties": ["brand": "toyota", "model": "prius"]},
    {"id": "e4", "name": "contraband", "type": "ANIMAL", "timestamp": "turn 11", "properties": ["species": "cat"]},
    {"id": "e5", "name": "moms addiction", "type": "EVENT", "timestamp": "turn 9", "properties": ["type": "addiction"]},
    {"id": "e6", "name": "online chess", "type": "ACTIVITY", "timestamp": "turn 6", "properties": []},
    {"id": "e7", "name": "soccer", "type": "ACTIVITY", "timestamp": "turn 7", "properties": []},
    {"id": "e8", "name": "alcohol consumption", "type": "ACTIVITY", "timestamp": "turn 8", "properties": []},
    {"id": "e9", "name": "army", "type": "ORGANIZATION", "timestamp": "turn 11", "properties": []}
  ],
  "relations": [
    {"source": "e1", "target": "e2", "relation": "talks to", "timestamp": "turn 0"},
    {"source": "e2", "target": "e1", "relation": "responds to", "timestamp": "turn 1"},
    {"source": "e1", "target": "e2", "relation": "comments on age", "timestamp": "turn 2"},
    {"source": "e2", "target": "e1", "relation": "asks about car", "timestamp": "turn 3"},
    {"source": "e1", "target": "e2", "relation": "mentions car", "timestamp": "turn 4"},
    {"source": "e2", "target": "e1", "relation": "comments on brother's car", "timestamp": "turn 5"},
    {"source": "e1", "target": "e2", "relation": "asks about hobbies", "timestamp": "turn 6"},
    {"source": "e2", "target": "e1", "relation": "mentions soccer", "timestamp": "turn 7"},
    {"source": "e1", "target": "e2", "relation": "comments on alcohol", "timestamp": "turn 8"},
    {"source": "e2", "target": "e1", "relation": "comments on mom's addiction", "timestamp": "turn 9"},
    {"source": "e1", "target": "e2", "relation": "asks about animals", "timestamp": "turn 10"},
    {"source": "e2", "target": "e1", "relation": "mentions pet", "timestamp": "turn 11"},
    {"source": "e1", "target": "e2", "relation": "asks about relationship status", "timestamp": "turn 12"},
    {"source": "e2", "target": "e1", "relation": "comments on school", "timestamp": "turn 13"},
    {"source": "e1", "target": "e2", "relation": "comments on school", "timestamp": "turn 14"},
    {"source": "e2", "target": "e1", "relation": "comments on school", "timestamp": "turn 15"}
  ],
  "is_qna_pattern": true,
  "is_decision_tree": false,
  "is_entity_centric": true
}

2026-07-03 18:45:11,065 - WARNING - RETRYING #10 Dialogue 658, Session: 4. MSG: Expecting ',' delimiter: line 9 column 28 (char 412)
 LLM Response: {
  "topics": ["spider identification", "voting registration", "voting registration time", "voting registration process", "voting concerns", "pet ownership", "pet choice", "pet maintenance", "dog breed", "dog breed", "pet breed preference", "pet breed information"],
  "entities": [
    {
      "id": "e1",
      "name": "Speaker 1",
      "type": "PERSON",
      "timestamp": "NONE",
      "properties": ["role": "user"]
    },
    {
      "id": "e2",
      "name": "Speaker 2",
      "type": "PERSON",
      "timestamp": "NONE",
      "properties": ["role": "assistant"]
    },
    {
      "id": "e3",
      "name": "Spider",
      "type": "OBJECT",
      "timestamp": "Turn 0",
      "properties": ["appearance": "unusual", "location": "unknown"]
    },
    {
      "id": "e4",
      "name": "Voting registration",
      "type": "EVENT",
      "timestamp": "Turn 1",
      "properties": ["process": "involves mailing form", "timeframe": "unknown"]
    },
    {
      "id": "e5",
      "name": "Driver's license",
      "type": "OBJECT",
      "timestamp": "Turn 3",
      "properties": ["purpose": "voting registration"]
    },
    {
      "id": "e6",
      "name": "Pet",
      "type": "OBJECT",
      "timestamp": "Turn 5",
      "properties": ["type": "cat or dog"]
    },
    {
      "id": "e7",
      "name": "Husky",
      "type": "ANIMAL",
      "timestamp": "Turn 9",
      "properties": ["breed": "husky", "age": "old", "characteristic": "mellow"]
    },
    {
      "id": "e8",
      "name": "Toy poodle",
      "type": "ANIMAL",
      "timestamp": "Turn 10",
      "properties": ["breed": "toy poodle", "characteristic": "easy to care for"]
    },
    {
      "id": "e9",
      "name": "Beagle",
      "type": "ANIMAL",
      "timestamp": "Turn 10",
      "properties": ["breed": "beagle", "characteristic": "easy to care for"]
    },
    {
      "id": "e10",
      "name": "French bulldog",
      "type": "ANIMAL",
      "timestamp": "Turn 10",
      "properties": ["breed": "French bulldog", "characteristic": "easy to care for"]
    },
    {
      "id": "e11",
      "name": "Poodle",
      "type": "ANIMAL",
      "timestamp": "Turn 11",
      "properties": ["breed": "poodle", "characteristic": "easy to care for", "shedding": "none"]
    }
  ],
  "relations": [
    {
      "source": "e1",
      "target": "e3",
      "relation": "identified",
      "timestamp": "Turn 0"
    },
    {
      "source": "e2",
      "target": "e4",
      "relation": "assisted with",
      "timestamp": "Turn 1"
    },
    {
      "source": "e1",
      "target": "e4",
      "relation": "attempted to register for",
      "timestamp": "Turn 2"
    },
    {
      "source": "e2",
      "target": "e4",
      "relation": "provided information about",
      "timestamp": "Turn 3"
    },
    {
      "source": "e1",
      "target": "e6",
      "relation": "interested in",
      "timestamp": "Turn 5"
    },
    {
      "source": "e2",
      "target": "e6",
      "relation": "discussed",
      "timestamp": "Turn 5"
    },
    {
      "source": "e1",
      "target": "e7",
      "relation": "has",
      "timestamp": "Turn 9"
    },
    {
      "source": "e2",
      "target": "e7",
      "relation": "discussed",
      "timestamp": "Turn 9"
    },
    {
      "source": "e1",
      "target": "e8",
      "relation": "considered",
      "timestamp": "Turn 10"
    },
    {
      "source": "e1",
      "target": "e9",
      "relation": "considered",
      "timestamp": "Turn 10"
    },
    {
      "source": "e1",
      "target": "e10",
      "relation": "considered",
      "timestamp": "Turn 10"
    },
    {
      "source": "e2",
      "target": "e11",
      "relation": "discussed",
      "timestamp": "Turn 11"
    }
  ],
  "is_qna_pattern": true,
  "is_decision_tree": false,
  "is_entity_centric": false
}

2026-07-03 19:24:32,146 - WARNING - RETRYING #12 Dialogue 242, Session: 2. MSG: Unterminated string starting at: line 343 column 17 (char 6548)
 LLM Response: {
  "topics": ["veganism books", "cooking", "vegan diet", "meat substitutes", "jackfruit", "vegan recipe", "recipe exchange", "vegan cheese", "cashew cheese", "vegan cheese brand", "pets", "pet age"],
  "entities": [
    {
      "id": "e1",
      "name": "Veganism",
      "type": "CONCEPT",
      "timestamp": "NONE",
      "properties": []
    },
    {
      "id": "e2",
      "name": "Cooking",
      "type": "ACTIVITY",
      "timestamp": "NONE",
      "properties": []
    },
    {
      "id": "e3",
      "name": "Vegan Diet",
      "type": "CONCEPT",
      "timestamp": "NONE",
      "properties": []
    },
    {
      "id": "e4",
      "name": "Meat Substitutes",
      "type": "CONCEPT",
      "timestamp": "NONE",
      "properties": []
    },
    {
      "id": "e5",
      "name": "Jackfruit",
      "type": "OBJECT",
      "timestamp": "NONE",
      "properties": []
    },
    {
      "id": "e6",
      "name": "Vegan Recipe",
      "type": "CONCEPT",
      "timestamp": "NONE",
      "properties": []
    },
    {
      "id": "e7",
      "name": "Recipe Exchange",
      "type": "ACTIVITY",
      "timestamp": "NONE",
      "properties": []
    },
    {
      "id": "e8",
      "name": "Vegan Cheese",
      "type": "OBJECT",
      "timestamp": "NONE",
      "properties": []
    },
    {
      "id": "e9",
      "name": "Cashew Cheese",
      "type": "OBJECT",
      "timestamp": "NONE",
      "properties": []
    },
    {
      "id": "e10",
      "name": "Daiya",
      "type": "OBJECT",
      "timestamp": "NONE",
      "properties": []
    },
    {
      "id": "e11",
      "name": "Labs",
      "type": "ANIMAL",
      "timestamp": "NONE",
      "properties": []
    },
    {
      "id": "e12",
      "name": "Puppies",
      "type": "ANIMAL",
      "timestamp": "NONE",
      "properties": []
    },
    {
      "id": "e13",
      "name": "Potty Training",
      "type": "CONCEPT",
      "timestamp": "NONE",
      "properties": []
    },
    {
      "id": "e14",
      "name": "Nachos",
      "type": "OBJECT",
      "timestamp": "NONE",
      "properties": []
    },
    {
      "id": "e15",
      "name": "Mediterranean Chickpea Bowl",
      "type": "ACTIVITY",
      "timestamp": "NONE",
      "properties": []
    },
    {
      "id": "e16",
      "name": "Kabocha Squash Curry",
      "type": "ACTIVITY",
      "timestamp": "NONE",
      "properties": []
    },
    {
      "id": "e17",
      "name": "Quinoa",
      "type": "OBJECT",
      "timestamp": "NONE",
      "properties": []
    },
    {
      "id": "e18",
      "name": "Cucumbers",
      "type": "OBJECT",
      "timestamp": "NONE",
      "properties": []
    },
    {
      "id": "e19",
      "name": "Tomatoes",
      "type": "OBJECT",
      "timestamp": "NONE",
      "properties": []
    },
    {
      "id": "e20",
      "name": "Mint",
      "type": "OBJECT",
      "timestamp": "NONE",
      "properties": []
    },
    {
      "id": "e21",
      "name": "Onions",
      "type": "OBJECT",
      "timestamp": "NONE",
      "properties": []
    },
    {
      "id": "e22",
      "name": "Tzaziki Sauce",
      "type": "OBJECT",
      "timestamp": "NONE",
      "properties": []
    },
    {
      "id": "e23",
      "name": "Vegan Tzaziki Sauce",
      "type": "OBJECT",
      "timestamp": "NONE",
      "properties": []
    }
  ],
  "relations": [
    {
      "source": "e2",
      "target": "e1",
      "relation": "loves",
      "timestamp": "NONE"
    },
    {
      "source": "e2",
      "target": "e4",
      "relation": "uses",
      "timestamp": "NONE"
    },
    {
      "source": "e2",
      "target": "e5",
      "relation": "uses",
      "timestamp": "NONE"
    },
    {
      "source": "e3",
      "target": "e1",
      "relation": "develops",
      "timestamp": "NONE"
    },
    {
      "source": "e3",
      "target": "e4",
      "relation": "uses",
      "timestamp": "NONE"
    },
    {
      "source": "e4",
      "target": "e5",
      "relation": "is",
      "timestamp": "NONE"
    },
    {
      "source": "e6",
      "target": "e2",
      "relation": "is",
      "timestamp": "NONE"
    },
    {
      "source": "e6",
      "target": "e3",
      "relation": "is",
      "timestamp": "NONE"
    },
    {
      "source": "e7",
      "target": "e2",
      "relation": "is",
      "timestamp": "NONE"
    },
    {
      "source": "e7",
      "target": "e3",
      "relation": "is",
      "timestamp": "NONE"
    },
    {
      "source": "e8",
      "target": "e2",
      "relation": "uses",
      "timestamp": "NONE"
    },
    {
      "source": "e8",
      "target": "e3",
      "relation": "uses",
      "timestamp": "NONE"
    },
    {
      "source": "e9",
      "target": "e2",
      "relation": "uses",
      "timestamp": "NONE"
    },
    {
      "source": "e9",
      "target": "e3",
      "relation": "uses",
      "timestamp": "NONE"
    },
    {
      "source": "e10",
      "target": "e2",
      "relation": "uses",
      "timestamp": "NONE"
    },
    {
      "source": "e11",
      "target": "e2",
      "relation": "has",
      "timestamp": "NONE"
    },
    {
      "source": "e11",
      "target": "e3",
      "relation": "has",
      "timestamp": "NONE"
    },
    {
      "source": "e12",
      "target": "e2",
      "relation": "has",
      "timestamp": "NONE"
    },
    {
      "source": "e12",
      "target": "e3",
      "relation": "has",
      "timestamp": "NONE"
    },
    {
      "source": "e13",
      "target": "e2",
      "relation": "experiences",
      "timestamp": "NONE"
    },
    {
      "source": "e14",
      "target": "e2",
      "relation": "loves",
      "timestamp": "NONE"
    },
    {
      "source": "e15",
      "target": "e2",
      "relation": "is",
      "timestamp": "NONE"
    },
    {
      "source": "e16",
      "target": "e2",
      "relation": "is",
      "timestamp": "NONE"
    },
    {
      "source": "e17",
      "target": "e2",
      "relation": "is",
      "timestamp": "NONE"
    },
    {
      "source": "e18",
      "target": "e2",
      "relation": "is",
      "timestamp": "NONE"
    },
    {
      "source": "e19",
      "target": "e2",
      "relation": "is",
      "timestamp": "NONE"
    },
    {
      "source": "e20",
      "target": "e2",
      "relation": "is",
      "timestamp": "NONE"
    },
    {
      "source": "e21",
      "target": "e2",
      "relation": "is",
      "timestamp": "NONE"
    },
    {
      "source": "e22",
      "target": "e2",
      "relation": "is",
      "timestamp": "NONE"
    },
    {
      "source": "e23",
      "target": "e2

2026-07-03 20:15:58,764 - WARNING - RETRYING #1 Dialogue 304, Session: 1. MSG: Expecting value: line 293 column 14 (char 6727)
 LLM Response: {
  "topics": ["new location", "where did you go", "burger joint", "family time", "children staying", "scheduling hard", "grandchildren", "children drama", "questionable tastes", "strange fellow", "medical condition", "strange unless"],
  "entities": [
    {
      "id": "e1",
      "name": "Speaker 1",
      "type": "PERSON",
      "timestamp": "NONE",
      "properties": ["age", "location", "family"]
    },
    {
      "id": "e2",
      "name": "Speaker 2",
      "type": "PERSON",
      "timestamp": "NONE",
      "properties": ["age", "location", "family"]
    },
    {
      "id": "e3",
      "name": "Speaker 1's child",
      "type": "PERSON",
      "timestamp": "NONE",
      "properties": ["age", "family"]
    },
    {
      "id": "e4",
      "name": "Speaker 2's child",
      "type": "PERSON",
      "timestamp": "NONE",
      "properties": ["age", "family"]
    },
    {
      "id": "e5",
      "name": "Speaker 1's grandchild",
      "type": "CONCEPT",
      "timestamp": "NONE",
      "properties": ["age", "family"]
    },
    {
      "id": "e6",
      "name": "Speaker 2's grandchild",
      "type": "CONCEPT",
      "timestamp": "NONE",
      "properties": ["age", "family"]
    },
    {
      "id": "e7",
      "name": "Speaker 1's daughter",
      "type": "PERSON",
      "timestamp": "NONE",
      "properties": ["age", "family"]
    },
    {
      "id": "e8",
      "name": "Speaker 1's son",
      "type": "PERSON",
      "timestamp": "NONE",
      "properties": ["age", "family"]
    },
    {
      "id": "e9",
      "name": "Speaker 1's son-in-law",
      "type": "PERSON",
      "timestamp": "NONE",
      "properties": ["age", "family"]
    },
    {
      "id": "e10",
      "name": "Speaker 1's daughter-in-law",
      "type": "PERSON",
      "timestamp": "NONE",
      "properties": ["age", "family"]
    },
    {
      "id": "e11",
      "name": "Speaker 1's son",
      "type": "PERSON",
      "timestamp": "NONE",
      "properties": ["age", "family"]
    },
    {
      "id": "e12",
      "name": "Speaker 2's son",
      "type": "PERSON",
      "timestamp": "NONE",
      "properties": ["age", "family"]
    },
    {
      "id": "e13",
      "name": "Speaker 2's daughter",
      "type": "PERSON",
      "timestamp": "NONE",
      "properties": ["age", "family"]
    },
    {
      "id": "e14",
      "name": "Speaker 1's son",
      "type": "PERSON",
      "timestamp": "NONE",
      "properties": ["age", "family"]
    },
    {
      "id": "e15",
      "name": "Speaker 1's daughter",
      "type": "PERSON",
      "timestamp": "NONE",
      "properties": ["age", "family"]
    },
    {
      "id": "e16",
      "name": "Speaker 1's son",
      "type": "PERSON",
      "timestamp": "NONE",
      "properties": ["age", "family"]
    },
    {
      "id": "e17",
      "name": "Speaker 1's daughter",
      "type": "PERSON",
      "timestamp": "NONE",
      "properties": ["age", "family"]
    },
    {
      "id": "e18",
      "name": "Speaker 1's son",
      "type": "PERSON",
      "timestamp": "NONE",
      "properties": ["age", "family"]
    },
    {
      "id": "e19",
      "name": "Speaker 1's daughter",
      "type": "PERSON",
      "timestamp": "NONE",
      "properties": ["age", "family"]
    },
    {
      "id": "e20",
      "name": "Speaker 1's son",
      "type": "PERSON",
      "timestamp": "NONE",
      "properties": ["age", "family"]
    },
    {
      "id": "e21",
      "name": "Speaker 1's daughter",
      "type": "PERSON",
      "timestamp": "NONE",
      "properties": ["age", "family"]
    },
    {
      "id": "e22",
      "name": "Speaker 1's son",
      "type": "PERSON",
      "timestamp": "NONE",
      "properties": ["age", "family"]
    },
    {
      "id": "e23",
      "name": "Speaker 1's daughter",
      "type": "PERSON",
      "timestamp": "NONE",
      "properties": ["age", "family"]
    },
    {
      "id": "e24",
      "name": "Speaker 1's son",
      "type": "PERSON",
      "timestamp": "NONE",
      "properties": ["age", "family"]
    },
    {
      "id": "e25",
      "name": "Speaker 1's daughter",
      "type": "PERSON",
      "timestamp": "NONE",
      "properties": ["age", "family"]
    },
    {
      "id": "e26",
      "name": "Speaker 1's son",
      "type": "PERSON",
      "timestamp": "NONE",
      "properties": ["age", "family"]
    },
    {
      "id": "e27",
      "name": "Speaker 1's daughter",
      "type": "PERSON",
      "timestamp": "NONE",
      "properties": ["age", "family"]
    },
    {
      "id": "e28",
      "name": "Speaker 1's son",
      "type": "PERSON",
      "timestamp": "NONE",
      "properties": ["age", "family"]
    },
    {
      "id": "e29",
      "name": "Speaker 1's daughter",
      "type": "PERSON",
      "timestamp": "NONE",
      "properties": ["age", "family"]
    },
    {
      "id": "e30",
      "name": "Speaker 1's son",
      "type": "PERSON",
      "timestamp": "NONE",
      "properties": ["age", "family"]
    },
    {
      "id": "e31",
      "name": "Speaker 1's daughter",
      "type": "PERSON",
      "timestamp": "NONE",
      "properties": ["age", "family"]
    },
    {
      "id": "e32",
      "name": "Speaker 1's son",
      "type": "PERSON",
      "timestamp": "NONE",
      "properties": ["age", "family"]
    },
    {
      "id": "e33",
      "name": "Speaker 1's daughter",
      "type": "PERSON",
      "timestamp": "NONE",
      "properties": ["age", "family"]
    },
    {
      "id": "e34",
      "name": "Speaker 1's son",
      "type": "PERSON",
      "timestamp": "NONE",
      "properties": ["age", "family"]
    },
    {
      "id": "e35",
      "name": "Speaker 1's daughter",
      "type": "PERSON",
      "timestamp": "NONE",
      "properties": ["age", "family"]
    },
    {
      "id": "e36",
      "name": "Speaker 1's son",
      "type": "PERSON",
      "timestamp": "NONE",
      "properties": ["age", "family"]
    },
    {
      "id": "e37",
      "name": "Speaker 1's daughter",
      "type": "PERSON",
      "timestamp": "NONE",
      "properties": ["age", "family"]
    },
    {
      "id": "e38",
      "name": "Speaker 1's son",
      "type": "PERSON",
      "timestamp": "NONE",
      "properties": ["age", "family"]
    },
    {
      "id": "e39",
      "name": "Speaker 1's daughter",
      "type": "PERSON",
      "timestamp": "NONE",
      "properties": ["age", "family"]
    },
    {
      "id": "e40",
      "name": "Speaker 1's son",
      "type": "PERSON",
      "timestamp": "NONE",
      "properties": ["age", "family"]
    },
    {
      "id": "e41",
      "name": "Speaker 1's daughter",
      "type": "PERSON",
      "timestamp": "NONE",
      "properties": ["age", "family"]
    },
    {
      "id": "e42",
      "name":

2026-07-03 20:31:46,477 - WARNING - RETRYING #3 Dialogue 320, Session: 3. MSG: Expecting property name enclosed in double quotes: line 50 column 18 (char 6496)
 LLM Response: {
  "topics": ["job offer", "start date", "excited about job", "garden doing well", "envious of garden", "soil mixing", "gardening skills", "what else grows", "daughter loves squash", "dogs and cats", "dog bite", "cat concerns"],
  "entities": [
    {"id": "e1", "name": "Speaker 1", "type": "PERSON", "timestamp": "NONE", "properties": ["emotion: excited", "emotion: stressed"]},
    {"id": "e2", "name": "Speaker 2", "type": "PERSON", "timestamp": "NONE", "properties": ["emotion: normal", "emotion: happy"]},
    {"id": "e3", "name": "Speaker 1", "type": "PERSON", "timestamp": "NONE", "properties": ["emotion: envious", "emotion: stressed"]},
    {"id": "e4", "name": "Speaker 2", "type": "PERSON", "timestamp": "NONE", "properties": ["emotion: happy", "emotion: worried"]},
    {"id": "e5", "name": "Speaker 1", "type": "PERSON", "timestamp": "NONE", "properties": ["emotion: curious", "emotion: enthusiastic"]},
    {"id": "e6", "name": "Speaker 2", "type": "PERSON", "timestamp": "NONE", "properties": ["emotion: happy", "emotion: worried"]},
    {"id": "e7", "name": "Speaker 1", "type": "PERSON", "timestamp": "NONE", "properties": ["emotion: happy", "emotion: worried"]},
    {"id": "e8", "name": "Speaker 2", "type": "PERSON", "timestamp": "NONE", "properties": ["emotion: happy", "emotion: worried"]},
    {"id": "e9", "name": "Speaker 1", "type": "PERSON", "timestamp": "NONE", "properties": ["emotion: happy", "emotion: worried"]},
    {"id": "e10", "name": "Speaker 2", "type": "PERSON", "timestamp": "NONE", "properties": ["emotion: worried", "emotion: concerned"]},
    {"id": "e11", "name": "Speaker 1", "type": "PERSON", "timestamp": "NONE", "properties": ["emotion: happy", "emotion: concerned"]},
    {"id": "e12", "name": "Speaker 2", "type": "PERSON", "timestamp": "NONE", "properties": ["emotion: worried", "emotion: concerned"]},
    {"id": "e13", "name": "Speaker 1", "type": "PERSON", "timestamp": "NONE", "properties": ["emotion: happy", "emotion: concerned"]},
    {"id": "e14", "name": "Speaker 2", "type": "PERSON", "timestamp": "NONE", "properties": ["emotion: worried", "emotion: concerned"]},
    {"id": "e15", "name": "Speaker 1", "type": "PERSON", "timestamp": "NONE", "properties": ["emotion: happy", "emotion: concerned"]},
    {"id": "e16", "name": "Speaker 2", "type": "PERSON", "timestamp": "NONE", "properties": ["emotion: worried", "emotion: concerned"]},
    {"id": "e17", "name": "Speaker 1", "type": "PERSON", "timestamp": "NONE", "properties": ["emotion: happy", "emotion: concerned"]},
    {"id": "e18", "name": "Speaker 2", "type": "PERSON", "timestamp": "NONE", "properties": ["emotion: worried", "emotion: concerned"]},
    {"id": "e19", "name": "Speaker 1", "type": "PERSON", "timestamp": "NONE", "properties": ["emotion: happy", "emotion: concerned"]},
    {"id": "e20", "name": "Speaker 2", "type": "PERSON", "timestamp": "NONE", "properties": ["emotion: worried", "emotion: concerned"]},
    {"id": "e21", "name": "Speaker 1", "type": "PERSON", "timestamp": "NONE", "properties": ["emotion: happy", "emotion: concerned"]},
    {"id": "e22", "name": "Speaker 2", "type": "PERSON", "timestamp": "NONE", "properties": ["emotion: worried", "emotion: concerned"]},
    {"id": "e23", "name": "Speaker 1", "type": "PERSON", "timestamp": "NONE", "properties": ["emotion: happy", "emotion: concerned"]},
    {"id": "e24", "name": "Speaker 2", "type": "PERSON", "timestamp": "NONE", "properties": ["emotion: worried", "emotion: concerned"]},
    {"id": "e25", "name": "Speaker 1", "type": "PERSON", "timestamp": "NONE", "properties": ["emotion: happy", "emotion: concerned"]},
    {"id": "e26", "name": "Speaker 2", "type": "PERSON", "timestamp": "NONE", "properties": ["emotion: worried", "emotion: concerned"]},
    {"id": "e27", "name": "Speaker 1", "type": "PERSON", "timestamp": "NONE", "properties": ["emotion: happy", "emotion: concerned"]},
    {"id": "e28", "name": "Speaker 2", "type": "PERSON", "timestamp": "NONE", "properties": ["emotion: worried", "emotion: concerned"]},
    {"id": "e29", "name": "Speaker 1", "type": "PERSON", "timestamp": "NONE", "properties": ["emotion: happy", "emotion: concerned"]},
    {"id": "e30", "name": "Speaker 2", "type": "PERSON", "timestamp": "NONE", "properties": ["emotion: worried", "emotion: concerned"]},
    {"id": "e31", "name": "Speaker 1", "type": "PERSON", "timestamp": "NONE", "properties": ["emotion: happy", "emotion: concerned"]},
    {"id": "e32", "name": "Speaker 2", "type": "PERSON", "timestamp": "NONE", "properties": ["emotion: worried", "emotion: concerned"]},
    {"id": "e33", "name": "Speaker 1", "type": "PERSON", "timestamp": "NONE", "properties": ["emotion: happy", "emotion: concerned"]},
    {"id": "e34", "name": "Speaker 2", "type": "PERSON", "timestamp": "NONE", "properties": ["emotion: worried", "emotion: concerned"]},
    {"id": "e35", "name": "Speaker 1", "type": "PERSON", "timestamp": "NONE", "properties": ["emotion: happy", "emotion: concerned"]},
    {"id": "e36", "name": "Speaker 2", "type": "PERSON", "timestamp": "NONE", "properties": ["emotion: worried", "emotion: concerned"]},
    {"id": "e37", "name": "Speaker 1", "type": "PERSON", "timestamp": "NONE", "properties": ["emotion: happy", "emotion: concerned"]},
    {"id": "e38", "name": "Speaker 2", "type": "PERSON", "timestamp": "NONE", "properties": ["emotion: worried", "emotion: concerned"]},
    {"id": "e39", "name": "Speaker 1", "type": "PERSON", "timestamp": "NONE", "properties": ["emotion: happy", "emotion: concerned"]},
    {"id": "e40", "name": "Speaker 2", "type": "PERSON", "timestamp": "NONE", "properties": ["emotion: worried", "emotion: concerned"]},
    {"id": "e41", "name": "Speaker 1", "type": "PERSON", "timestamp": "NONE", "properties": ["emotion: happy", "emotion: concerned"]},
    {"id": "e42", "name": "Speaker 2", "type": "PERSON", "timestamp": "NONE", "properties": ["emotion: worried", "emotion: concerned"]},
    {"id": "e43", "name": "Speaker 1", "type": "PERSON", "timestamp": "NONE", "properties": ["emotion: happy", "emotion: concerned"]},
    {"id": "e44", "name": "Speaker 2", "type": "PERSON", "timestamp": "NONE", "properties": ["emotion: worried", "emotion: concerned"]},
    {"id": "e45", "name": "Speaker 1", "type": "PERSON", "timestamp": "NONE", "properties": ["emotion: happy", "emotion: concerned"]},
    {"id": "e46", "name": "Speaker 2", "type": "PERSON", "timestamp": "NONE", "properties": ["emotion: worried", "emotion: concerned"]},
    {"id": "e47",

2026-07-03 20:44:29,456 - WARNING - RETRYING #6 Dialogue 334, Session: 0. MSG: Expecting value: line 49 column 98 (char 6552)
 LLM Response: {
  "topics": ["moved to new city", "came from europe", "farmer with solitary time", "like to run marathons", "favorite band played 1000 miles away", "dedicated to dogs", "older brothers foster dogs", "agree with dogs being amazing", "dogs better than humans", "dogs on farm to scare critters", "work in tech industry", "brothers work in tech industry", "do software solutions", "boring but pays well"],
  "entities": [
    {"id": "e1", "name": "Speaker 1", "type": "PERSON", "timestamp": "NONE", "properties": ["emotion: alone", "activity: moved"]},
    {"id": "e2", "name": "Speaker 2", "type": "PERSON", "timestamp": "NONE", "properties": ["emotion: understanding", "activity: came from europe"]},
    {"id": "e3", "name": "Speaker 1", "type": "PERSON", "timestamp": "NONE", "properties": ["occupation: farmer", "emotion: solitary time"]},
    {"id": "e4", "name": "Speaker 2", "type": "PERSON", "timestamp": "NONE", "properties": ["activity: run half marathons"]},
    {"id": "e5", "name": "Speaker 1", "type": "PERSON", "timestamp": "NONE", "properties": ["activity: drove to see band"]},
    {"id": "e6", "name": "Speaker 2", "type": "PERSON", "timestamp": "NONE", "properties": ["occupation: dog fosterer", "activity: fostered dogs"]},
    {"id": "e7", "name": "Speaker 1", "type": "PERSON", "timestamp": "NONE", "properties": ["relation: brother of Speaker 2", "activity: foster dogs"]},
    {"id": "e8", "name": "Speaker 2", "type": "PERSON", "timestamp": "NONE", "properties": ["opinion: dogs amazing"]},
    {"id": "e9", "name": "Speaker 1", "type": "PERSON", "timestamp": "NONE", "properties": ["opinion: dogs better than humans"]},
    {"id": "e10", "name": "Speaker 1", "type": "PERSON", "timestamp": "NONE", "properties": ["activity: dogs on farm"]},
    {"id": "e11", "name": "Speaker 2", "type": "PERSON", "timestamp": "NONE", "properties": ["occupation: tech industry"]},
    {"id": "e12", "name": "Speaker 1", "type": "PERSON", "timestamp": "NONE", "properties": ["relation: brother of Speaker 2", "occupation: tech industry"]},
    {"id": "e13", "name": "Speaker 2", "type": "PERSON", "timestamp": "NONE", "properties": ["activity: software solutions", "emotion: boring"]},
    {"id": "e14", "name": "Speaker 2", "type": "PERSON", "timestamp": "NONE", "properties": ["emotion: pays well"]},
    {"id": "e15", "name": "Band", "type": "EVENT", "timestamp": "NONE", "properties": ["location: 1000 miles away"]},
    {"id": "e16", "name": "Dogs", "type": "CONCEPT", "timestamp": "NONE", "properties": ["role: scare critters", "opinion: amazing", "opinion: better than humans"]},
    {"id": "e17", "name": "Tech Industry", "type": "CONCEPT", "timestamp": "NONE", "properties": ["occupation: software solutions", "emotion: boring", "emotion: pays well"]},
    {"id": "e18", "name": "Farm", "type": "LOCATION", "timestamp": "NONE", "properties": ["activity: dogs on farm"]},
    {"id": "e19", "name": "Half Marathon", "type": "ACTIVITY", "timestamp": "NONE", "properties": ["activity: run half marathons"]},
    {"id": "e20", "name": "Fostering", "type": "ACTIVITY", "timestamp": "NONE", "properties": ["activity: foster dogs"]},
    {"id": "e21", "name": "Critters", "type": "CONCEPT", "timestamp": "NONE", "properties": ["role: scared by dogs"]},
    {"id": "e22", "name": "Software Solutions", "type": "ACTIVITY", "timestamp": "NONE", "properties": ["activity: software solutions"]},
    {"id": "e23", "name": "Dogs on Farm", "type": "EVENT", "timestamp": "NONE", "properties": ["activity: dogs on farm"]},
    {"id": "e24", "name": "Critters", "type": "CONCEPT", "timestamp": "NONE", "properties": ["role: scared by dogs"]},
    {"id": "e25", "name": "Dogs", "type": "CONCEPT", "timestamp": "NONE", "properties": ["opinion: amazing", "opinion: better than humans"]},
    {"id": "e26", "name": "Tech Industry", "type": "CONCEPT", "timestamp": "NONE", "properties": ["occupation: software solutions", "emotion: boring", "emotion: pays well"]},
    {"id": "e27", "name": "Farm", "type": "LOCATION", "timestamp": "NONE", "properties": ["activity: dogs on farm"]},
    {"id": "e28", "name": "Half Marathon", "type": "ACTIVITY", "timestamp": "NONE", "properties": ["activity: run half marathons"]},
    {"id": "e29", "name": "Fostering", "type": "ACTIVITY", "timestamp": "NONE", "properties": ["activity: foster dogs"]},
    {"id": "e30", "name": "Critters", "type": "CONCEPT", "timestamp": "NONE", "properties": ["role: scared by dogs"]},
    {"id": "e31", "name": "Software Solutions", "type": "ACTIVITY", "timestamp": "NONE", "properties": ["activity: software solutions"]},
    {"id": "e32", "name": "Dogs on Farm", "type": "EVENT", "timestamp": "NONE", "properties": ["activity: dogs on farm"]},
    {"id": "e33", "name": "Critters", "type": "CONCEPT", "timestamp": "NONE", "properties": ["role: scared by dogs"]},
    {"id": "e34", "name": "Dogs", "type": "CONCEPT", "timestamp": "NONE", "properties": ["opinion: amazing", "opinion: better than humans"]},
    {"id": "e35", "name": "Tech Industry", "type": "CONCEPT", "timestamp": "NONE", "properties": ["occupation: software solutions", "emotion: boring", "emotion: pays well"]},
    {"id": "e36", "name": "Farm", "type": "LOCATION", "timestamp": "NONE", "properties": ["activity: dogs on farm"]},
    {"id": "e37", "name": "Half Marathon", "type": "ACTIVITY", "timestamp": "NONE", "properties": ["activity: run half marathons"]},
    {"id": "e38", "name": "Fostering", "type": "ACTIVITY", "timestamp": "NONE", "properties": ["activity: foster dogs"]},
    {"id": "e39", "name": "Critters", "type": "CONCEPT", "timestamp": "NONE", "properties": ["role: scared by dogs"]},
    {"id": "e40", "name": "Software Solutions", "type": "ACTIVITY", "timestamp": "NONE", "properties": ["activity: software solutions"]},
    {"id": "e41", "name": "Dogs on Farm", "type": "EVENT", "timestamp": "NONE", "properties": ["activity: dogs on farm"]},
    {"id": "e42", "name": "Critters", "type": "CONCEPT", "timestamp": "NONE", "properties": ["role: scared by dogs"]},
    {"id": "e43", "name": "Dogs", "type": "CONCEPT", "timestamp": "NONE", "properties": ["opinion: amazing", "opinion: better than humans"]},
    {"id": "e44", "name": "Tech Industry", "type": "CONCEPT", "timestamp": "NONE", "properties": ["occupation: software solutions", "emotion: boring", "emotion: pays well"]},
    {"id": "e45", "name": "Farm", "type": "LOCATION", "timestamp": "NONE", "properties": ["activity: dogs on farm"]},
    {"id": "e46", "name": "Half Marathon", "type": "ACTIVITY", "timestamp": "NONE", "properties":

2026-07-03 21:00:40,525 - WARNING - RETRYING #6 Dialogue 353, Session: 1. MSG: Unterminated string starting at: line 51 column 12 (char 6492)
 LLM Response: {
  "topics": ["daughters painted picture", "what did they paint", "painted me at work site", "like to sing", "daughters like singing", "animals don't give feedback", "like to sing", "sing opera", "they make fun of me", "sing whatever on radio", "do gardening", "construction work"],
  "entities": [
    {"id": "e1", "name": "Speaker 1", "type": "PERSON", "timestamp": "NONE", "properties": ["likes singing", "works at construction site", "has daughters"]},
    {"id": "e2", "name": "Speaker 2", "type": "PERSON", "timestamp": "NONE", "properties": ["likes singing", "has animals", "likes gardening"]},
    {"id": "e3", "name": "Speaker 1's daughters", "type": "PERSON", "timestamp": "NONE", "properties": ["like making fun of Speaker 1", "painted picture"]},
    {"id": "e4", "name": "Construction work", "type": "ACTIVITY", "timestamp": "NONE", "properties": ["physical", "commercial"]},
    {"id": "e5", "name": "Opera", "type": "ACTIVITY", "timestamp": "NONE", "properties": ["sung by Speaker 1"]},
    {"id": "e6", "name": "Gardening", "type": "ACTIVITY", "timestamp": "NONE", "properties": ["liked by Speaker 2"]},
    {"id": "e7", "name": "House building", "type": "ACTIVITY", "timestamp": "NONE", "properties": ["painted by daughters", "done by Speaker 1"]},
    {"id": "e8", "name": "Radio", "type": "OBJECT", "timestamp": "NONE", "properties": ["sung by Speaker 2"]},
    {"id": "e9", "name": "Construction site", "type": "LOCATION", "timestamp": "NONE", "properties": ["where Speaker 1 works"]},
    {"id": "e10", "name": "Commercial construction", "type": "ACTIVITY", "timestamp": "NONE", "properties": ["done by Speaker 1"]},
    {"id": "e11", "name": "Residential construction", "type": "ACTIVITY", "timestamp": "NONE", "properties": ["not understood by daughters"]},
    {"id": "e12", "name": "Singing", "type": "ACTIVITY", "timestamp": "NONE", "properties": ["liked by both speakers"]},
    {"id": "e13", "name": "Making fun", "type": "ACTIVITY", "timestamp": "NONE", "properties": ["done by daughters"]},
    {"id": "e14", "name": "Feedback", "type": "CONCEPT", "timestamp": "NONE", "properties": ["given by animals"]},
    {"id": "e15", "name": "200 pound construction worker", "type": "CONCEPT", "timestamp": "NONE", "properties": ["mocked by daughters"]},
    {"id": "e16", "name": "Radio", "type": "OBJECT", "timestamp": "NONE", "properties": ["sung by Speaker 2"]},
    {"id": "e17", "name": "House", "type": "OBJECT", "timestamp": "NONE", "properties": ["built by Speaker 1"]},
    {"id": "e18", "name": "Daughters", "type": "PERSON", "timestamp": "NONE", "properties": ["painted picture", "like making fun"]},
    {"id": "e19", "name": "Speaker 1's work", "type": "ACTIVITY", "timestamp": "NONE", "properties": ["building house"]},
    {"id": "e20", "name": "Speaker 2's work", "type": "ACTIVITY", "timestamp": "NONE", "properties": ["gardening"]},
    {"id": "e21", "name": "Speaker 1's daughters", "type": "PERSON", "timestamp": "NONE", "properties": ["painted picture", "like making fun"]},
    {"id": "e22", "name": "Speaker 1's work site", "type": "LOCATION", "timestamp": "NONE", "properties": ["where Speaker 1 works"]},
    {"id": "e23", "name": "Speaker 1's house", "type": "OBJECT", "timestamp": "NONE", "properties": ["built by Speaker 1"]},
    {"id": "e24", "name": "Speaker 1's daughters", "type": "PERSON", "timestamp": "NONE", "properties": ["painted picture", "like making fun"]},
    {"id": "e25", "name": "Speaker 1's work", "type": "ACTIVITY", "timestamp": "NONE", "properties": ["building house"]},
    {"id": "e26", "name": "Speaker 1's daughters", "type": "PERSON", "timestamp": "NONE", "properties": ["painted picture", "like making fun"]},
    {"id": "e27", "name": "Speaker 1's work", "type": "ACTIVITY", "timestamp": "NONE", "properties": ["building house"]},
    {"id": "e28", "name": "Speaker 1's daughters", "type": "PERSON", "timestamp": "NONE", "properties": ["painted picture", "like making fun"]},
    {"id": "e29", "name": "Speaker 1's work", "type": "ACTIVITY", "timestamp": "NONE", "properties": ["building house"]},
    {"id": "e30", "name": "Speaker 1's daughters", "type": "PERSON", "timestamp": "NONE", "properties": ["painted picture", "like making fun"]},
    {"id": "e31", "name": "Speaker 1's work", "type": "ACTIVITY", "timestamp": "NONE", "properties": ["building house"]},
    {"id": "e32", "name": "Speaker 1's daughters", "type": "PERSON", "timestamp": "NONE", "properties": ["painted picture", "like making fun"]},
    {"id": "e33", "name": "Speaker 1's work", "type": "ACTIVITY", "timestamp": "NONE", "properties": ["building house"]},
    {"id": "e34", "name": "Speaker 1's daughters", "type": "PERSON", "timestamp": "NONE", "properties": ["painted picture", "like making fun"]},
    {"id": "e35", "name": "Speaker 1's work", "type": "ACTIVITY", "timestamp": "NONE", "properties": ["building house"]},
    {"id": "e36", "name": "Speaker 1's daughters", "type": "PERSON", "timestamp": "NONE", "properties": ["painted picture", "like making fun"]},
    {"id": "e37", "name": "Speaker 1's work", "type": "ACTIVITY", "timestamp": "NONE", "properties": ["building house"]},
    {"id": "e38", "name": "Speaker 1's daughters", "type": "PERSON", "timestamp": "NONE", "properties": ["painted picture", "like making fun"]},
    {"id": "e39", "name": "Speaker 1's work", "type": "ACTIVITY", "timestamp": "NONE", "properties": ["building house"]},
    {"id": "e40", "name": "Speaker 1's daughters", "type": "PERSON", "timestamp": "NONE", "properties": ["painted picture", "like making fun"]},
    {"id": "e41", "name": "Speaker 1's work", "type": "ACTIVITY", "timestamp": "NONE", "properties": ["building house"]},
    {"id": "e42", "name": "Speaker 1's daughters", "type": "PERSON", "timestamp": "NONE", "properties": ["painted picture", "like making fun"]},
    {"id": "e43", "name": "Speaker 1's work", "type": "ACTIVITY", "timestamp": "NONE", "properties": ["building house"]},
    {"id": "e44", "name": "Speaker 1's daughters", "type": "PERSON", "timestamp": "NONE", "properties": ["painted picture", "like making fun"]},
    {"id": "e45", "name": "Speaker 1's work", "type": "ACTIVITY", "timestamp": "NONE", "properties": ["building house"]},
    {"id": "e46", "name": "Speaker 1's daughters", "type": "PERSON", "timestamp": "NONE", "properties": ["painted picture", "like making fun"]},
    {"id": "e47", "name": "Speaker 1's work", "type": "ACTIVITY", "timestamp": "NONE", "properties": ["building house"]},
    {"id": "e48

2026-07-03 21:01:44,421 - ERROR - #6 Dialogue 353, Session: 1 data extraction failed. MSG: Unterminated string starting at: line 52 column 6 (char 6680)
 LLM Response: {
  "topics": ["daughters painted picture", "what did they paint", "painted me at work site", "like to sing", "daughters like making fun", "animals don't give feedback", "like to sing", "sing opera", "they make fun", "sing whatever on radio", "do gardening", "construction work"],
  "entities": [
    {"id": "e1", "name": "Speaker 1", "type": "PERSON", "timestamp": "NONE", "properties": ["likes singing", "sings opera", "has daughters"]},
    {"id": "e2", "name": "Speaker 2", "type": "PERSON", "timestamp": "NONE", "properties": ["likes singing", "has animals", "likes gardening"]},
    {"id": "e3", "name": "Daughters", "type": "PERSON", "timestamp": "NONE", "properties": ["like making fun", "drawn speaker 1 building house"]},
    {"id": "e4", "name": "Work site", "type": "LOCATION", "timestamp": "NONE", "properties": ["building house"]},
    {"id": "e5", "name": "Construction", "type": "ACTIVITY", "timestamp": "NONE", "properties": ["physical", "commercial"]},
    {"id": "e6", "name": "Opera", "type": "ACTIVITY", "timestamp": "NONE", "properties": ["sung by speaker 1"]},
    {"id": "e7", "name": "Gardening", "type": "ACTIVITY", "timestamp": "NONE", "properties": ["liked by speaker 2"]},
    {"id": "e8", "name": "House", "type": "OBJECT", "timestamp": "NONE", "properties": ["drawn by daughters"]},
    {"id": "e9", "name": "Radio", "type": "OBJECT", "timestamp": "NONE", "properties": ["sung by speaker 2"]},
    {"id": "e10", "name": "Commercial construction", "type": "ACTIVITY", "timestamp": "NONE", "properties": ["done by speaker 1"]},
    {"id": "e11", "name": "Residential construction", "type": "ACTIVITY", "timestamp": "NONE", "properties": ["not understood by daughters"]},
    {"id": "e12", "name": "Construction field", "type": "CONCEPT", "timestamp": "NONE", "properties": ["interest of daughters"]},
    {"id": "e13", "name": "Speaker 1's daughters", "type": "PERSON", "timestamp": "NONE", "properties": ["like making fun", "drawn speaker 1 building house"]},
    {"id": "e14", "name": "Speaker 2's animals", "type": "OBJECT", "timestamp": "NONE", "properties": ["don't give feedback"]},
    {"id": "e15", "name": "Speaker 2's garden", "type": "LOCATION", "timestamp": "NONE", "properties": ["sung by speaker 2"]},
    {"id": "e16", "name": "Speaker 1's work", "type": "ACTIVITY", "timestamp": "NONE", "properties": ["building house", "commercial"]},
    {"id": "e17", "name": "Speaker 1's daughters' drawing", "type": "OBJECT", "timestamp": "NONE", "properties": ["building house"]},
    {"id": "e18", "name": "Speaker 2's gardening", "type": "ACTIVITY", "timestamp": "NONE", "properties": ["not done by speaker 2"]},
    {"id": "e19", "name": "Speaker 1's daughters' interest", "type": "CONCEPT", "timestamp": "NONE", "properties": ["construction field"]},
    {"id": "e20", "name": "Speaker 1's daughters' drawing", "type": "OBJECT", "timestamp": "NONE", "properties": ["building house"]},
    {"id": "e21", "name": "Speaker 1's daughters' drawing", "type": "OBJECT", "timestamp": "NONE", "properties": ["building house"]},
    {"id": "e22", "name": "Speaker 1's daughters' drawing", "type": "OBJECT", "timestamp": "NONE", "properties": ["building house"]},
    {"id": "e23", "name": "Speaker 1's daughters' drawing", "type": "OBJECT", "timestamp": "NONE", "properties": ["building house"]},
    {"id": "e24", "name": "Speaker 1's daughters' drawing", "type": "OBJECT", "timestamp": "NONE", "properties": ["building house"]},
    {"id": "e25", "name": "Speaker 1's daughters' drawing", "type": "OBJECT", "timestamp": "NONE", "properties": ["building house"]},
    {"id": "e26", "name": "Speaker 1's daughters' drawing", "type": "OBJECT", "timestamp": "NONE", "properties": ["building house"]},
    {"id": "e27", "name": "Speaker 1's daughters' drawing", "type": "OBJECT", "timestamp": "NONE", "properties": ["building house"]},
    {"id": "e28", "name": "Speaker 1's daughters' drawing", "type": "OBJECT", "timestamp": "NONE", "properties": ["building house"]},
    {"id": "e29", "name": "Speaker 1's daughters' drawing", "type": "OBJECT", "timestamp": "NONE", "properties": ["building house"]},
    {"id": "e30", "name": "Speaker 1's daughters' drawing", "type": "OBJECT", "timestamp": "NONE", "properties": ["building house"]},
    {"id": "e31", "name": "Speaker 1's daughters' drawing", "type": "OBJECT", "timestamp": "NONE", "properties": ["building house"]},
    {"id": "e32", "name": "Speaker 1's daughters' drawing", "type": "OBJECT", "timestamp": "NONE", "properties": ["building house"]},
    {"id": "e33", "name": "Speaker 1's daughters' drawing", "type": "OBJECT", "timestamp": "NONE", "properties": ["building house"]},
    {"id": "e34", "name": "Speaker 1's daughters' drawing", "type": "OBJECT", "timestamp": "NONE", "properties": ["building house"]},
    {"id": "e35", "name": "Speaker 1's daughters' drawing", "type": "OBJECT", "timestamp": "NONE", "properties": ["building house"]},
    {"id": "e36", "name": "Speaker 1's daughters' drawing", "type": "OBJECT", "timestamp": "NONE", "properties": ["building house"]},
    {"id": "e37", "name": "Speaker 1's daughters' drawing", "type": "OBJECT", "timestamp": "NONE", "properties": ["building house"]},
    {"id": "e38", "name": "Speaker 1's daughters' drawing", "type": "OBJECT", "timestamp": "NONE", "properties": ["building house"]},
    {"id": "e39", "name": "Speaker 1's daughters' drawing", "type": "OBJECT", "timestamp": "NONE", "properties": ["building house"]},
    {"id": "e40", "name": "Speaker 1's daughters' drawing", "type": "OBJECT", "timestamp": "NONE", "properties": ["building house"]},
    {"id": "e41", "name": "Speaker 1's daughters' drawing", "type": "OBJECT", "timestamp": "NONE", "properties": ["building house"]},
    {"id": "e42", "name": "Speaker 1's daughters' drawing", "type": "OBJECT", "timestamp": "NONE", "properties": ["building house"]},
    {"id": "e43", "name": "Speaker 1's daughters' drawing", "type": "OBJECT", "timestamp": "NONE", "properties": ["building house"]},
    {"id": "e44", "name": "Speaker 1's daughters' drawing", "type": "OBJECT", "timestamp": "NONE", "properties": ["building house"]},
    {"id": "e45", "name": "Speaker 1's daughters' drawing", "type": "OBJECT", "timestamp": "NONE", "properties": ["building house"]},
    {"id": "e46", "name": "Speaker 1's daughters' drawing", "type": "OBJECT", "timestamp": "NONE", "properties": ["building house"]},
    {"id": "e47", "name": "Speaker 1's daughters' drawing", "type": "OBJECT", "timestamp": "NONE", "properties": ["building house"]},
    {"id": "e48", "name": "Speaker 1's daughters' drawing", "type": "OBJECT", "timestamp": "NONE", "properties": ["building house"]},
    {"

2026-07-03 21:35:50,647 - WARNING - RETRYING #8 Dialogue 395, Session: 1. MSG: Expecting value: line 322 column 14 (char 7089)
 LLM Response: {
  "topics": ["dog show", "show details", "show details", "show details", "pet question", "pet question", "fun activities", "fun activities", "kids in school", "kids question", "dating status", "pet ownership"],
  "entities": [
    {
      "id": "e1",
      "name": "Bounty",
      "type": "OBJECT",
      "timestamp": "NONE",
      "properties": ["animal", "type: dog"]
    },
    {
      "id": "e2",
      "name": "dog show",
      "type": "EVENT",
      "timestamp": "next week",
      "properties": ["activity", "event"]
    },
    {
      "id": "e3",
      "name": "agility",
      "type": "ACTIVITY",
      "timestamp": "NONE",
      "properties": ["activity"]
    },
    {
      "id": "e4",
      "name": "tricks",
      "type": "ACTIVITY",
      "timestamp": "NONE",
      "properties": ["activity"]
    },
    {
      "id": "e5",
      "name": "tight rope",
      "type": "ACTIVITY",
      "timestamp": "NONE",
      "properties": ["activity"]
    },
    {
      "id": "e6",
      "name": "dog show judge",
      "type": "CONCEPT",
      "timestamp": "NONE",
      "properties": ["concept"]
    },
    {
      "id": "e7",
      "name": "dog show form",
      "type": "CONCEPT",
      "timestamp": "NONE",
      "properties": ["concept"]
    },
    {
      "id": "e8",
      "name": "dog show tricks",
      "type": "CONCEPT",
      "timestamp": "NONE",
      "properties": ["concept"]
    },
    {
      "id": "e9",
      "name": "dog show training",
      "type": "ACTIVITY",
      "timestamp": "NONE",
      "properties": ["activity"]
    },
    {
      "id": "e10",
      "name": "dog show competition",
      "type": "EVENT",
      "timestamp": "NONE",
      "properties": ["event"]
    },
    {
      "id": "e11",
      "name": "dog show winning",
      "type": "CONCEPT",
      "timestamp": "NONE",
      "properties": ["concept"]
    },
    {
      "id": "e12",
      "name": "dog show participation",
      "type": "CONCEPT",
      "timestamp": "NONE",
      "properties": ["concept"]
    },
    {
      "id": "e13",
      "name": "dog show judging",
      "type": "CONCEPT",
      "timestamp": "NONE",
      "properties": ["concept"]
    },
    {
      "id": "e14",
      "name": "dog show training",
      "type": "ACTIVITY",
      "timestamp": "NONE",
      "properties": ["activity"]
    },
    {
      "id": "e15",
      "name": "dog show competition",
      "type": "EVENT",
      "timestamp": "NONE",
      "properties": ["event"]
    },
    {
      "id": "e16",
      "name": "dog show winning",
      "type": "CONCEPT",
      "timestamp": "NONE",
      "properties": ["concept"]
    },
    {
      "id": "e17",
      "name": "dog show participation",
      "type": "CONCEPT",
      "timestamp": "NONE",
      "properties": ["concept"]
    },
    {
      "id": "e18",
      "name": "dog show judging",
      "type": "CONCEPT",
      "timestamp": "NONE",
      "properties": ["concept"]
    },
    {
      "id": "e19",
      "name": "dog show training",
      "type": "ACTIVITY",
      "timestamp": "NONE",
      "properties": ["activity"]
    },
    {
      "id": "e20",
      "name": "dog show competition",
      "type": "EVENT",
      "timestamp": "NONE",
      "properties": ["event"]
    },
    {
      "id": "e21",
      "name": "dog show winning",
      "type": "CONCEPT",
      "timestamp": "NONE",
      "properties": ["concept"]
    },
    {
      "id": "e22",
      "name": "dog show participation",
      "type": "CONCEPT",
      "timestamp": "NONE",
      "properties": ["concept"]
    },
    {
      "id": "e23",
      "name": "dog show judging",
      "type": "CONCEPT",
      "timestamp": "NONE",
      "properties": ["concept"]
    },
    {
      "id": "e24",
      "name": "dog show training",
      "type": "ACTIVITY",
      "timestamp": "NONE",
      "properties": ["activity"]
    },
    {
      "id": "e25",
      "name": "dog show competition",
      "type": "EVENT",
      "timestamp": "NONE",
      "properties": ["event"]
    },
    {
      "id": "e26",
      "name": "dog show winning",
      "type": "CONCEPT",
      "timestamp": "NONE",
      "properties": ["concept"]
    },
    {
      "id": "e27",
      "name": "dog show participation",
      "type": "CONCEPT",
      "timestamp": "NONE",
      "properties": ["concept"]
    },
    {
      "id": "e28",
      "name": "dog show judging",
      "type": "CONCEPT",
      "timestamp": "NONE",
      "properties": ["concept"]
    },
    {
      "id": "e29",
      "name": "dog show training",
      "type": "ACTIVITY",
      "timestamp": "NONE",
      "properties": ["activity"]
    },
    {
      "id": "e30",
      "name": "dog show competition",
      "type": "EVENT",
      "timestamp": "NONE",
      "properties": ["event"]
    },
    {
      "id": "e31",
      "name": "dog show winning",
      "type": "CONCEPT",
      "timestamp": "NONE",
      "properties": ["concept"]
    },
    {
      "id": "e32",
      "name": "dog show participation",
      "type": "CONCEPT",
      "timestamp": "NONE",
      "properties": ["concept"]
    },
    {
      "id": "e33",
      "name": "dog show judging",
      "type": "CONCEPT",
      "timestamp": "NONE",
      "properties": ["concept"]
    },
    {
      "id": "e34",
      "name": "dog show training",
      "type": "ACTIVITY",
      "timestamp": "NONE",
      "properties": ["activity"]
    },
    {
      "id": "e35",
      "name": "dog show competition",
      "type": "EVENT",
      "timestamp": "NONE",
      "properties": ["event"]
    },
    {
      "id": "e36",
      "name": "dog show winning",
      "type": "CONCEPT",
      "timestamp": "NONE",
      "properties": ["concept"]
    },
    {
      "id": "e37",
      "name": "dog show participation",
      "type": "CONCEPT",
      "timestamp": "NONE",
      "properties": ["concept"]
    },
    {
      "id": "e38",
      "name": "dog show judging",
      "type": "CONCEPT",
      "timestamp": "NONE",
      "properties": ["concept"]
    },
    {
      "id": "e39",
      "name": "dog show training",
      "type": "ACTIVITY",
      "timestamp": "NONE",
      "properties": ["activity"]
    },
    {
      "id": "e40",
      "name": "dog show competition",
      "type": "EVENT",
      "timestamp": "NONE",
      "properties": ["event"]
    },
    {
      "id": "e41",
      "name": "dog show winning",
      "type": "CONCEPT",
      "timestamp": "NONE",
      "properties": ["concept"]
    },
    {
      "id": "e42",
      "name": "dog show participation",
      "type": "CONCEPT",
      "timestamp": "NONE",
      "properties": ["concept"]
    },
    {
      "id": "e43",
      "name": "dog show judging",
      "type": "CONCEPT",
      "timestamp": "NONE",
      "properties": ["concept"]
    },
    {
      "id": "e44",
      "name": "dog show training",
      "type": "ACTIVITY",
      "timestamp": "NONE",
      "properties": ["activity"]
    },
    {
      "id": "e45",
      "name": "dog show competition",
      "type": "EVENT",
      "timestamp": "NONE",
      "properties": ["event"]
    },
    {
      "id": "e46",
      "name": "dog show winning",
      "type":

2026-07-03 21:42:49,366 - DEBUG - close.started
2026-07-03 21:42:49,367 - DEBUG - close.complete
2026-07-03 21:42:49,367 - DEBUG - close.started
2026-07-03 21:42:49,367 - DEBUG - close.complete
2026-07-03 21:42:49,367 - DEBUG - close.started
2026-07-03 21:42:49,368 - DEBUG - close.complete
